-- MySQL dump 10.13  Distrib 5.7.18, for Linux (x86_64)
--
-- Host: localhost    Database: lutece
-- ------------------------------------------------------
-- Server version	5.7.18-0ubuntu0.16.04.1

/*!40101 SET @OLD_CHARACTER_SET_CLIENT=@@CHARACTER_SET_CLIENT */;
/*!40101 SET @OLD_CHARACTER_SET_RESULTS=@@CHARACTER_SET_RESULTS */;
/*!40101 SET @OLD_COLLATION_CONNECTION=@@COLLATION_CONNECTION */;
/*!40101 SET NAMES utf8 */;
/*!40103 SET @OLD_TIME_ZONE=@@TIME_ZONE */;
/*!40103 SET TIME_ZONE='+00:00' */;
/*!40014 SET @OLD_UNIQUE_CHECKS=@@UNIQUE_CHECKS, UNIQUE_CHECKS=0 */;
/*!40014 SET @OLD_FOREIGN_KEY_CHECKS=@@FOREIGN_KEY_CHECKS, FOREIGN_KEY_CHECKS=0 */;
/*!40101 SET @OLD_SQL_MODE=@@SQL_MODE, SQL_MODE='NO_AUTO_VALUE_ON_ZERO' */;
/*!40111 SET @OLD_SQL_NOTES=@@SQL_NOTES, SQL_NOTES=0 */;

--
-- Table structure for table `core_admin_dashboard`
--

DROP TABLE IF EXISTS `core_admin_dashboard`;
/*!40101 SET @saved_cs_client     = @@character_set_client */;
/*!40101 SET character_set_client = utf8 */;
CREATE TABLE `core_admin_dashboard` (
  `dashboard_name` varchar(100) NOT NULL,
  `dashboard_column` int(11) NOT NULL,
  `dashboard_order` int(11) NOT NULL,
  PRIMARY KEY (`dashboard_name`)
) ENGINE=InnoDB DEFAULT CHARSET=latin1;
/*!40101 SET character_set_client = @saved_cs_client */;

--
-- Dumping data for table `core_admin_dashboard`
--

LOCK TABLES `core_admin_dashboard` WRITE;
/*!40000 ALTER TABLE `core_admin_dashboard` DISABLE KEYS */;
INSERT INTO `core_admin_dashboard` VALUES ('searchAdminDashboardComponent',1,2),('usersAdminDashboardComponent',1,1);
/*!40000 ALTER TABLE `core_admin_dashboard` ENABLE KEYS */;
UNLOCK TABLES;

--
-- Table structure for table `core_admin_mailinglist`
--

DROP TABLE IF EXISTS `core_admin_mailinglist`;
/*!40101 SET @saved_cs_client     = @@character_set_client */;
/*!40101 SET character_set_client = utf8 */;
CREATE TABLE `core_admin_mailinglist` (
  `id_mailinglist` int(11) NOT NULL DEFAULT '0',
  `name` varchar(100) NOT NULL,
  `description` varchar(255) NOT NULL,
  `workgroup` varchar(50) NOT NULL,
  PRIMARY KEY (`id_mailinglist`)
) ENGINE=InnoDB DEFAULT CHARSET=latin1;
/*!40101 SET character_set_client = @saved_cs_client */;

--
-- Dumping data for table `core_admin_mailinglist`
--

LOCK TABLES `core_admin_mailinglist` WRITE;
/*!40000 ALTER TABLE `core_admin_mailinglist` DISABLE KEYS */;
INSERT INTO `core_admin_mailinglist` VALUES (1,'admin','admin','all');
/*!40000 ALTER TABLE `core_admin_mailinglist` ENABLE KEYS */;
UNLOCK TABLES;

--
-- Table structure for table `core_admin_mailinglist_filter`
--

DROP TABLE IF EXISTS `core_admin_mailinglist_filter`;
/*!40101 SET @saved_cs_client     = @@character_set_client */;
/*!40101 SET character_set_client = utf8 */;
CREATE TABLE `core_admin_mailinglist_filter` (
  `id_mailinglist` int(11) NOT NULL DEFAULT '0',
  `workgroup` varchar(50) NOT NULL,
  `role` varchar(50) NOT NULL,
  PRIMARY KEY (`id_mailinglist`,`workgroup`,`role`)
) ENGINE=InnoDB DEFAULT CHARSET=latin1;
/*!40101 SET character_set_client = @saved_cs_client */;

--
-- Dumping data for table `core_admin_mailinglist_filter`
--

LOCK TABLES `core_admin_mailinglist_filter` WRITE;
/*!40000 ALTER TABLE `core_admin_mailinglist_filter` DISABLE KEYS */;
INSERT INTO `core_admin_mailinglist_filter` VALUES (1,'all','super_admin');
/*!40000 ALTER TABLE `core_admin_mailinglist_filter` ENABLE KEYS */;
UNLOCK TABLES;

--
-- Table structure for table `core_admin_right`
--

DROP TABLE IF EXISTS `core_admin_right`;
/*!40101 SET @saved_cs_client     = @@character_set_client */;
/*!40101 SET character_set_client = utf8 */;
CREATE TABLE `core_admin_right` (
  `id_right` varchar(255) NOT NULL DEFAULT '',
  `name` varchar(255) DEFAULT NULL,
  `level_right` smallint(6) DEFAULT NULL,
  `admin_url` varchar(255) DEFAULT NULL,
  `description` varchar(255) DEFAULT NULL,
  `is_updatable` int(11) NOT NULL DEFAULT '0',
  `plugin_name` varchar(50) DEFAULT NULL,
  `id_feature_group` varchar(50) DEFAULT NULL,
  `icon_url` varchar(255) DEFAULT NULL,
  `documentation_url` varchar(255) DEFAULT NULL,
  `id_order` int(11) DEFAULT NULL,
  `is_external_feature` smallint(6) DEFAULT '0',
  PRIMARY KEY (`id_right`),
  KEY `index_right` (`level_right`,`admin_url`)
) ENGINE=InnoDB DEFAULT CHARSET=latin1;
/*!40101 SET character_set_client = @saved_cs_client */;

--
-- Dumping data for table `core_admin_right`
--

LOCK TABLES `core_admin_right` WRITE;
/*!40000 ALTER TABLE `core_admin_right` DISABLE KEYS */;
INSERT INTO `core_admin_right` VALUES ('CORE_ADMINDASHBOARD_MANAGEMENT','portal.admindashboard.adminFeature.right_management.name',0,'jsp/admin/admindashboard/ManageAdminDashboards.jsp','portal.admindashboard.adminFeature.right_management.description',0,NULL,'SYSTEM','images/admin/skin/features/manage_admindashboards.png',NULL,8,0),('CORE_ADMIN_SITE','portal.site.adminFeature.admin_site.name',2,'jsp/admin/site/AdminSite.jsp','portal.site.adminFeature.admin_site.description',1,NULL,'SITE','images/admin/skin/features/admin_site.png','jsp/admin/documentation/AdminDocumentation.jsp?doc=admin-site',1,0),('CORE_CACHE_MANAGEMENT','portal.system.adminFeature.cache_management.name',0,'jsp/admin/system/ManageCaches.jsp','portal.system.adminFeature.cache_management.description',1,NULL,'SYSTEM','images/admin/skin/features/manage_caches.png',NULL,1,0),('CORE_DAEMONS_MANAGEMENT','portal.system.adminFeature.daemons_management.name',0,'jsp/admin/system/ManageDaemons.jsp','portal.system.adminFeature.daemons_management.description',0,NULL,'SYSTEM',NULL,NULL,7,0),('CORE_DASHBOARD_MANAGEMENT','portal.dashboard.adminFeature.dashboard_management.name',0,'jsp/admin/dashboard/ManageDashboards.jsp','portal.dashboard.adminFeature.dashboard_management.description',0,NULL,'SYSTEM','images/admin/skin/features/manage_dashboards.png',NULL,9,0),('CORE_EXTERNAL_FEATURES_MANAGEMENT','portal.system.adminFeature.external_features_management.name',1,'jsp/admin/features/ManageExternalFeatures.jsp','portal.system.adminFeature.external_features_management.description',1,NULL,'SYSTEM',NULL,NULL,11,0),('CORE_FEATURES_MANAGEMENT','portal.admin.adminFeature.features_management.name',0,'jsp/admin/features/DispatchFeatures.jsp','portal.admin.adminFeature.features_management.description',0,NULL,'SYSTEM','images/admin/skin/features/manage_features.png',NULL,6,0),('CORE_GLOBAL_MANAGEMENT','portal.globalmanagement.adminFeature.global_management.name',2,'jsp/admin/globalmanagement/GetGlobalManagement.jsp','portal.globalmanagement.adminFeature.global_management.description',1,NULL,'SYSTEM',NULL,NULL,10,0),('CORE_LEVEL_RIGHT_MANAGEMENT','portal.users.adminFeature.level_right_management.name',2,'jsp/admin/features/ManageLevels.jsp','portal.users.adminFeature.level_right_management.description',0,NULL,'MANAGERS','images/admin/skin/features/manage_rights_levels.png',NULL,5,0),('CORE_LINK_SERVICE_MANAGEMENT','portal.insert.adminFeature.linkService_management.name',2,NULL,'portal.insert.adminFeature.linkService_management.description',0,NULL,NULL,NULL,NULL,1,0),('CORE_LOGS_VISUALISATION','portal.system.adminFeature.logs_visualisation.name',0,'jsp/admin/system/ManageFilesSystem.jsp','portal.system.adminFeature.logs_visualisation.description',1,NULL,'SYSTEM','images/admin/skin/features/view_logs.png',NULL,4,0),('CORE_MAILINGLISTS_MANAGEMENT','portal.mailinglist.adminFeature.mailinglists_management.name',2,'jsp/admin/mailinglist/ManageMailingLists.jsp','portal.mailinglist.adminFeature.mailinglists_management.description',0,NULL,'MANAGERS','images/admin/skin/features/manage_mailinglists.png',NULL,4,0),('CORE_MODES_MANAGEMENT','portal.style.adminFeature.modes_management.name',0,'jsp/admin/style/ManageModes.jsp','portal.style.adminFeature.modes_management.description',1,NULL,'STYLE','images/admin/skin/features/manage_modes.png',NULL,1,0),('CORE_PAGE_TEMPLATE_MANAGEMENT','portal.style.adminFeature.page_template_management.name',0,'jsp/admin/style/ManagePageTemplates.jsp','portal.style.adminFeature.page_template_management.description',0,NULL,'STYLE','images/admin/skin/features/manage_page_templates.png',NULL,2,0),('CORE_PLUGINS_MANAGEMENT','portal.system.adminFeature.plugins_management.name',0,'jsp/admin/system/ManagePlugins.jsp','portal.system.adminFeature.plugins_management.description',1,NULL,'SYSTEM','images/admin/skin/features/manage_plugins.png',NULL,5,0),('CORE_PROPERTIES_MANAGEMENT','portal.site.adminFeature.properties_management.name',2,'jsp/admin/ManageProperties.jsp','portal.site.adminFeature.properties_management.description',0,NULL,'SITE',NULL,'jsp/admin/documentation/AdminDocumentation.jsp?doc=admin-properties',2,0),('CORE_RBAC_MANAGEMENT','portal.rbac.adminFeature.rbac_management.name',0,'jsp/admin/rbac/ManageRoles.jsp','portal.rbac.adminFeature.rbac_management.description',0,'','MANAGERS','images/admin/skin/features/manage_rbac.png',NULL,2,0),('CORE_RIGHT_MANAGEMENT','portal.users.adminFeature.right_management.name',0,'jsp/admin/features/ManageRights.jsp','portal.users.adminFeature.right_management.description',0,NULL,'MANAGERS','images/admin/skin/features/manage_rights_levels.png',NULL,5,0),('CORE_ROLES_MANAGEMENT','portal.role.adminFeature.roles_management.name',2,'jsp/admin/role/ManagePageRole.jsp','portal.role.adminFeature.roles_management.description',0,NULL,'USERS','images/admin/skin/features/manage_roles.png',NULL,1,0),('CORE_SEARCH_INDEXATION','portal.search.adminFeature.indexer.name',0,'jsp/admin/search/ManageSearchIndexation.jsp','portal.search.adminFeature.indexer.description',0,NULL,'SYSTEM',NULL,NULL,2,0),('CORE_SEARCH_MANAGEMENT','portal.search.adminFeature.search_management.name',0,'jsp/admin/search/ManageSearch.jsp','portal.search.adminFeature.search_management.description',0,NULL,'SYSTEM',NULL,NULL,3,0),('CORE_STYLESHEET_MANAGEMENT','portal.style.adminFeature.stylesheet_management.name',0,'jsp/admin/style/ManageStyleSheets.jsp','portal.style.adminFeature.stylesheet_management.description',1,NULL,'STYLE','images/admin/skin/features/manage_stylesheets.png',NULL,3,0),('CORE_STYLES_MANAGEMENT','portal.style.adminFeature.styles_management.name',0,'jsp/admin/style/ManageStyles.jsp','portal.style.adminFeature.styles_management.description',1,NULL,'STYLE','images/admin/skin/features/manage_styles.png',NULL,4,0),('CORE_USERS_MANAGEMENT','portal.users.adminFeature.users_management.name',2,'jsp/admin/user/ManageUsers.jsp','portal.users.adminFeature.users_management.description',1,'','MANAGERS','images/admin/skin/features/manage_users.png',NULL,1,0),('CORE_WORKGROUPS_MANAGEMENT','portal.workgroup.adminFeature.workgroups_management.name',2,'jsp/admin/workgroup/ManageWorkgroups.jsp','portal.workgroup.adminFeature.workgroups_management.description',0,NULL,'MANAGERS','images/admin/skin/features/manage_workgroups.png',NULL,3,0),('CORE_XSL_EXPORT_MANAGEMENT','portal.xsl.adminFeature.xsl_export_management.name',2,'jsp/admin/xsl/ManageXslExport.jsp','portal.xsl.adminFeature.xsl_export_management.description',1,NULL,'SYSTEM',NULL,NULL,10,0),('DOCUMENT_CATEGORY_MANAGEMENT','document.adminFeature.category_management.name',1,'jsp/admin/plugins/document/ManageCategory.jsp','document.adminFeature.category_management.description',0,'document','CONTENT','images/admin/skin/plugins/document/manage_category.png',NULL,NULL,0),('DOCUMENT_MANAGEMENT','document.adminFeature.documents_management.name',3,'jsp/admin/plugins/document/ManageDocuments.jsp','document.adminFeature.documents_management.description',0,'document','CONTENT','images/admin/skin/plugins/document/manage_documents.png',NULL,NULL,0),('DOCUMENT_RULES_MANAGEMENT','document.adminFeature.rules_management.name',1,'jsp/admin/plugins/document/ManageRules.jsp','document.adminFeature.rules_management.description',0,'document','CONTENT','images/admin/skin/plugins/document/manage_rules.png',NULL,NULL,0),('DOCUMENT_TYPES_MANAGEMENT','document.adminFeature.document_types_management.name',1,'jsp/admin/plugins/document/ManageDocumentTypes.jsp','document.adminFeature.document_types_management.description',0,'document','CONTENT','images/admin/skin/plugins/document/manage_document_types.png',NULL,NULL,0);
/*!40000 ALTER TABLE `core_admin_right` ENABLE KEYS */;
UNLOCK TABLES;

--
-- Table structure for table `core_admin_role`
--

DROP TABLE IF EXISTS `core_admin_role`;
/*!40101 SET @saved_cs_client     = @@character_set_client */;
/*!40101 SET character_set_client = utf8 */;
CREATE TABLE `core_admin_role` (
  `role_key` varchar(50) NOT NULL DEFAULT '',
  `role_description` varchar(100) NOT NULL DEFAULT '',
  PRIMARY KEY (`role_key`)
) ENGINE=InnoDB DEFAULT CHARSET=latin1;
/*!40101 SET character_set_client = @saved_cs_client */;

--
-- Dumping data for table `core_admin_role`
--

LOCK TABLES `core_admin_role` WRITE;
/*!40000 ALTER TABLE `core_admin_role` DISABLE KEYS */;
INSERT INTO `core_admin_role` VALUES ('all_site_manager','Site Manager'),('content_contributor','Producteur de contenu'),('content_publisher','Gestionnaire de publication'),('content_validator','Validateur de contenu'),('manage_spaces','Gestion des espaces de documents'),('super_admin','Super Administrateur'),('view_spaces_all','Vue sur tous les espaces'),('view_spaces_multimedia','Vue sur les espaces multimedia'),('view_space_validation','Vue sur l\'espace de validation'),('view_space_work','Vue sur l\'espace de travail');
/*!40000 ALTER TABLE `core_admin_role` ENABLE KEYS */;
UNLOCK TABLES;

--
-- Table structure for table `core_admin_role_resource`
--

DROP TABLE IF EXISTS `core_admin_role_resource`;
/*!40101 SET @saved_cs_client     = @@character_set_client */;
/*!40101 SET character_set_client = utf8 */;
CREATE TABLE `core_admin_role_resource` (
  `rbac_id` int(11) NOT NULL DEFAULT '0',
  `role_key` varchar(50) NOT NULL DEFAULT '',
  `resource_type` varchar(50) NOT NULL DEFAULT '',
  `resource_id` varchar(50) NOT NULL DEFAULT '',
  `permission` varchar(50) NOT NULL DEFAULT '',
  PRIMARY KEY (`rbac_id`)
) ENGINE=InnoDB DEFAULT CHARSET=latin1;
/*!40101 SET character_set_client = @saved_cs_client */;

--
-- Dumping data for table `core_admin_role_resource`
--

LOCK TABLES `core_admin_role_resource` WRITE;
/*!40000 ALTER TABLE `core_admin_role_resource` DISABLE KEYS */;
INSERT INTO `core_admin_role_resource` VALUES (57,'all_site_manager','PAGE','*','VIEW'),(58,'all_site_manager','PAGE','*','MANAGE'),(77,'super_admin','INSERT_SERVICE','*','*'),(78,'super_admin','DOCUMENT_TYPE','*','*'),(81,'view_spaces_all','DOCUMENT_SPACE','0','VIEW'),(82,'manage_spaces','DOCUMENT_SPACE','*','DELETE'),(83,'manage_spaces','DOCUMENT_SPACE','*','MODIFY'),(84,'manage_spaces','DOCUMENT_SPACE','*','MOVE'),(85,'manage_spaces','DOCUMENT_SPACE','*','CREATE'),(86,'view_space_work','DOCUMENT_SPACE','2','VIEW'),(87,'view_spaces_multimedia','DOCUMENT_SPACE','5','VIEW'),(88,'content_contributor','DOCUMENT_TYPE','*','SUBMIT'),(89,'content_contributor','DOCUMENT_TYPE','*','DELETE'),(90,'content_contributor','DOCUMENT_TYPE','*','MODIFY'),(91,'content_contributor','DOCUMENT_TYPE','*','VIEW'),(92,'content_contributor','DOCUMENT_TYPE','*','VIEW_HISTORY'),(93,'content_contributor','DOCUMENT_TYPE','*','CREATE'),(94,'content_validator','DOCUMENT_TYPE','*','VIEW'),(95,'content_validator','DOCUMENT_TYPE','*','VIEW_HISTORY'),(96,'content_validator','DOCUMENT_TYPE','*','VALIDATE'),(97,'content_publisher','DOCUMENT_TYPE','*','ARCHIVE'),(98,'content_publisher','DOCUMENT_TYPE','*','VIEW'),(99,'content_publisher','DOCUMENT_TYPE','*','VIEW_HISTORY'),(100,'content_publisher','DOCUMENT_TYPE','*','PUBLISH'),(101,'all_site_manager','PORTLET_TYPE','*','*'),(102,'view_space_validation','DOCUMENT_SPACE','3','VIEW'),(107,'content_contributor','DOCUMENT_TYPE','*','CHANGE'),(108,'content_publisher','DOCUMENT_TYPE','*','ASSIGN'),(111,'all_site_manager','ADMIN_USER','*','*'),(137,'all_site_manager','SEARCH_SERVICE','*','*'),(164,'all_site_manager','XSL_EXPORT','*','*');
/*!40000 ALTER TABLE `core_admin_role_resource` ENABLE KEYS */;
UNLOCK TABLES;

--
-- Table structure for table `core_admin_user`
--

DROP TABLE IF EXISTS `core_admin_user`;
/*!40101 SET @saved_cs_client     = @@character_set_client */;
/*!40101 SET character_set_client = utf8 */;
CREATE TABLE `core_admin_user` (
  `id_user` int(11) NOT NULL DEFAULT '0',
  `access_code` varchar(100) NOT NULL DEFAULT '',
  `last_name` varchar(100) NOT NULL DEFAULT '',
  `first_name` varchar(100) NOT NULL DEFAULT '',
  `email` varchar(256) NOT NULL DEFAULT '0',
  `status` smallint(6) NOT NULL DEFAULT '0',
  `password` varchar(100) DEFAULT NULL,
  `locale` varchar(10) NOT NULL DEFAULT 'fr',
  `level_user` smallint(6) NOT NULL DEFAULT '0',
  `reset_password` smallint(6) NOT NULL DEFAULT '0',
  `accessibility_mode` smallint(6) NOT NULL DEFAULT '0',
  `password_max_valid_date` timestamp NULL DEFAULT NULL,
  `account_max_valid_date` bigint(20) DEFAULT NULL,
  `nb_alerts_sent` int(11) NOT NULL DEFAULT '0',
  `last_login` timestamp NOT NULL DEFAULT '1980-01-01 05:00:00',
  `workgroup_key` varchar(50) DEFAULT 'all',
  PRIMARY KEY (`id_user`)
) ENGINE=InnoDB DEFAULT CHARSET=latin1;
/*!40101 SET character_set_client = @saved_cs_client */;

--
-- Dumping data for table `core_admin_user`
--

LOCK TABLES `core_admin_user` WRITE;
/*!40000 ALTER TABLE `core_admin_user` DISABLE KEYS */;
INSERT INTO `core_admin_user` VALUES (1,'admin','Admin','admin','admin@lutece.fr',0,'adminadmin','fr',0,0,0,NULL,1525905551385,0,'2017-05-09 22:39:11','all'),(2,'lutece','Lutèce','lutece','lutece@lutece.fr',0,'adminadmin','fr',1,0,0,NULL,NULL,0,'1980-01-01 05:00:00','all'),(3,'redac','redac','redac','redac@lutece.fr',0,'adminadmin','fr',2,0,0,NULL,NULL,0,'1980-01-01 05:00:00','all'),(4,'valid','valid','valid','valid@lutece.fr',0,'adminadmin','fr',3,0,0,NULL,NULL,0,'1980-01-01 05:00:00','all');
/*!40000 ALTER TABLE `core_admin_user` ENABLE KEYS */;
UNLOCK TABLES;

--
-- Table structure for table `core_admin_user_anonymize_field`
--

DROP TABLE IF EXISTS `core_admin_user_anonymize_field`;
/*!40101 SET @saved_cs_client     = @@character_set_client */;
/*!40101 SET character_set_client = utf8 */;
CREATE TABLE `core_admin_user_anonymize_field` (
  `field_name` varchar(100) NOT NULL,
  `anonymize` smallint(6) NOT NULL,
  PRIMARY KEY (`field_name`)
) ENGINE=InnoDB DEFAULT CHARSET=latin1;
/*!40101 SET character_set_client = @saved_cs_client */;

--
-- Dumping data for table `core_admin_user_anonymize_field`
--

LOCK TABLES `core_admin_user_anonymize_field` WRITE;
/*!40000 ALTER TABLE `core_admin_user_anonymize_field` DISABLE KEYS */;
INSERT INTO `core_admin_user_anonymize_field` VALUES ('access_code',1),('email',1),('first_name',1),('last_name',1);
/*!40000 ALTER TABLE `core_admin_user_anonymize_field` ENABLE KEYS */;
UNLOCK TABLES;

--
-- Table structure for table `core_admin_user_field`
--

DROP TABLE IF EXISTS `core_admin_user_field`;
/*!40101 SET @saved_cs_client     = @@character_set_client */;
/*!40101 SET character_set_client = utf8 */;
CREATE TABLE `core_admin_user_field` (
  `id_user_field` int(11) NOT NULL DEFAULT '0',
  `id_user` int(11) DEFAULT NULL,
  `id_attribute` int(11) DEFAULT NULL,
  `id_field` int(11) DEFAULT NULL,
  `id_file` int(11) DEFAULT NULL,
  `user_field_value` mediumtext,
  PRIMARY KEY (`id_user_field`)
) ENGINE=InnoDB DEFAULT CHARSET=latin1;
/*!40101 SET character_set_client = @saved_cs_client */;

--
-- Dumping data for table `core_admin_user_field`
--

LOCK TABLES `core_admin_user_field` WRITE;
/*!40000 ALTER TABLE `core_admin_user_field` DISABLE KEYS */;
/*!40000 ALTER TABLE `core_admin_user_field` ENABLE KEYS */;
UNLOCK TABLES;

--
-- Table structure for table `core_admin_user_preferences`
--

DROP TABLE IF EXISTS `core_admin_user_preferences`;
/*!40101 SET @saved_cs_client     = @@character_set_client */;
/*!40101 SET character_set_client = utf8 */;
CREATE TABLE `core_admin_user_preferences` (
  `id_user` varchar(100) NOT NULL,
  `pref_key` varchar(100) NOT NULL,
  `pref_value` mediumtext,
  PRIMARY KEY (`id_user`,`pref_key`),
  KEY `index_admin_user_preferences` (`id_user`)
) ENGINE=InnoDB DEFAULT CHARSET=latin1;
/*!40101 SET character_set_client = @saved_cs_client */;

--
-- Dumping data for table `core_admin_user_preferences`
--

LOCK TABLES `core_admin_user_preferences` WRITE;
/*!40000 ALTER TABLE `core_admin_user_preferences` DISABLE KEYS */;
/*!40000 ALTER TABLE `core_admin_user_preferences` ENABLE KEYS */;
UNLOCK TABLES;

--
-- Table structure for table `core_admin_workgroup`
--

DROP TABLE IF EXISTS `core_admin_workgroup`;
/*!40101 SET @saved_cs_client     = @@character_set_client */;
/*!40101 SET character_set_client = utf8 */;
CREATE TABLE `core_admin_workgroup` (
  `workgroup_key` varchar(50) NOT NULL,
  `workgroup_description` varchar(255) DEFAULT NULL,
  PRIMARY KEY (`workgroup_key`)
) ENGINE=InnoDB DEFAULT CHARSET=latin1;
/*!40101 SET character_set_client = @saved_cs_client */;

--
-- Dumping data for table `core_admin_workgroup`
--

LOCK TABLES `core_admin_workgroup` WRITE;
/*!40000 ALTER TABLE `core_admin_workgroup` DISABLE KEYS */;
/*!40000 ALTER TABLE `core_admin_workgroup` ENABLE KEYS */;
UNLOCK TABLES;

--
-- Table structure for table `core_admin_workgroup_user`
--

DROP TABLE IF EXISTS `core_admin_workgroup_user`;
/*!40101 SET @saved_cs_client     = @@character_set_client */;
/*!40101 SET character_set_client = utf8 */;
CREATE TABLE `core_admin_workgroup_user` (
  `workgroup_key` varchar(50) NOT NULL,
  `id_user` int(11) NOT NULL,
  PRIMARY KEY (`workgroup_key`,`id_user`)
) ENGINE=InnoDB DEFAULT CHARSET=latin1;
/*!40101 SET character_set_client = @saved_cs_client */;

--
-- Dumping data for table `core_admin_workgroup_user`
--

LOCK TABLES `core_admin_workgroup_user` WRITE;
/*!40000 ALTER TABLE `core_admin_workgroup_user` DISABLE KEYS */;
/*!40000 ALTER TABLE `core_admin_workgroup_user` ENABLE KEYS */;
UNLOCK TABLES;

--
-- Table structure for table `core_attribute`
--

DROP TABLE IF EXISTS `core_attribute`;
/*!40101 SET @saved_cs_client     = @@character_set_client */;
/*!40101 SET character_set_client = utf8 */;
CREATE TABLE `core_attribute` (
  `id_attribute` int(11) NOT NULL DEFAULT '0',
  `type_class_name` varchar(255) DEFAULT NULL,
  `title` mediumtext,
  `help_message` mediumtext,
  `is_mandatory` smallint(6) DEFAULT '0',
  `is_shown_in_search` smallint(6) DEFAULT '0',
  `is_shown_in_result_list` smallint(6) DEFAULT '0',
  `is_field_in_line` smallint(6) DEFAULT '0',
  `attribute_position` int(11) DEFAULT '0',
  `plugin_name` varchar(255) DEFAULT NULL,
  `anonymize` smallint(6) DEFAULT NULL,
  PRIMARY KEY (`id_attribute`)
) ENGINE=InnoDB DEFAULT CHARSET=latin1;
/*!40101 SET character_set_client = @saved_cs_client */;

--
-- Dumping data for table `core_attribute`
--

LOCK TABLES `core_attribute` WRITE;
/*!40000 ALTER TABLE `core_attribute` DISABLE KEYS */;
/*!40000 ALTER TABLE `core_attribute` ENABLE KEYS */;
UNLOCK TABLES;

--
-- Table structure for table `core_attribute_field`
--

DROP TABLE IF EXISTS `core_attribute_field`;
/*!40101 SET @saved_cs_client     = @@character_set_client */;
/*!40101 SET character_set_client = utf8 */;
CREATE TABLE `core_attribute_field` (
  `id_field` int(11) NOT NULL DEFAULT '0',
  `id_attribute` int(11) DEFAULT NULL,
  `title` varchar(255) DEFAULT NULL,
  `DEFAULT_value` mediumtext,
  `is_DEFAULT_value` smallint(6) DEFAULT '0',
  `height` int(11) DEFAULT NULL,
  `width` int(11) DEFAULT NULL,
  `max_size_enter` int(11) DEFAULT NULL,
  `is_multiple` smallint(6) DEFAULT '0',
  `field_position` int(11) DEFAULT NULL,
  PRIMARY KEY (`id_field`)
) ENGINE=InnoDB DEFAULT CHARSET=latin1;
/*!40101 SET character_set_client = @saved_cs_client */;

--
-- Dumping data for table `core_attribute_field`
--

LOCK TABLES `core_attribute_field` WRITE;
/*!40000 ALTER TABLE `core_attribute_field` DISABLE KEYS */;
/*!40000 ALTER TABLE `core_attribute_field` ENABLE KEYS */;
UNLOCK TABLES;

--
-- Table structure for table `core_connections_log`
--

DROP TABLE IF EXISTS `core_connections_log`;
/*!40101 SET @saved_cs_client     = @@character_set_client */;
/*!40101 SET character_set_client = utf8 */;
CREATE TABLE `core_connections_log` (
  `access_code` varchar(100) DEFAULT NULL,
  `ip_address` varchar(63) DEFAULT NULL,
  `date_login` timestamp NOT NULL DEFAULT CURRENT_TIMESTAMP,
  `login_status` int(11) DEFAULT NULL,
  KEY `index_connections_log` (`ip_address`,`date_login`)
) ENGINE=InnoDB DEFAULT CHARSET=latin1;
/*!40101 SET character_set_client = @saved_cs_client */;

--
-- Dumping data for table `core_connections_log`
--

LOCK TABLES `core_connections_log` WRITE;
/*!40000 ALTER TABLE `core_connections_log` DISABLE KEYS */;
INSERT INTO `core_connections_log` VALUES ('admin','192.168.122.1','2017-04-29 20:00:21',0),('','::1','2017-05-02 21:19:59',0),('admin','0:0:0:0:0:0:0:1','2017-05-07 21:07:23',0),('','127.0.0.1','2017-05-07 22:42:06',0),('','127.0.0.1','2017-05-07 22:42:06',0),('','127.0.0.1','2017-05-07 22:42:06',0),('admin','127.0.0.1','2017-05-07 23:47:00',0);
/*!40000 ALTER TABLE `core_connections_log` ENABLE KEYS */;
UNLOCK TABLES;

--
-- Table structure for table `core_dashboard`
--

DROP TABLE IF EXISTS `core_dashboard`;
/*!40101 SET @saved_cs_client     = @@character_set_client */;
/*!40101 SET character_set_client = utf8 */;
CREATE TABLE `core_dashboard` (
  `dashboard_name` varchar(100) NOT NULL,
  `dashboard_column` int(11) NOT NULL,
  `dashboard_order` int(11) NOT NULL,
  PRIMARY KEY (`dashboard_name`)
) ENGINE=InnoDB DEFAULT CHARSET=latin1;
/*!40101 SET character_set_client = @saved_cs_client */;

--
-- Dumping data for table `core_dashboard`
--

LOCK TABLES `core_dashboard` WRITE;
/*!40000 ALTER TABLE `core_dashboard` DISABLE KEYS */;
INSERT INTO `core_dashboard` VALUES ('CORE_PAGES',2,1),('CORE_SYSTEM',1,2),('CORE_USER',4,1),('CORE_USERS',1,1),('DOCUMENT',2,1);
/*!40000 ALTER TABLE `core_dashboard` ENABLE KEYS */;
UNLOCK TABLES;

--
-- Table structure for table `core_datastore`
--

DROP TABLE IF EXISTS `core_datastore`;
/*!40101 SET @saved_cs_client     = @@character_set_client */;
/*!40101 SET character_set_client = utf8 */;
CREATE TABLE `core_datastore` (
  `entity_key` varchar(255) NOT NULL,
  `entity_value` mediumtext,
  PRIMARY KEY (`entity_key`)
) ENGINE=InnoDB DEFAULT CHARSET=latin1;
/*!40101 SET character_set_client = @saved_cs_client */;

--
-- Dumping data for table `core_datastore`
--

LOCK TABLES `core_datastore` WRITE;
/*!40000 ALTER TABLE `core_datastore` DISABLE KEYS */;
INSERT INTO `core_datastore` VALUES ('core.advanced_parameters.access_failures_captcha','1'),('core.advanced_parameters.access_failures_interval','10'),('core.advanced_parameters.access_failures_max','3'),('core.advanced_parameters.account_life_time','12'),('core.advanced_parameters.account_reactivated_mail_sender','lutece@nowhere.com'),('core.advanced_parameters.account_reactivated_mail_subject','Votre compte a bien été réactivé'),('core.advanced_parameters.default_user_language','fr'),('core.advanced_parameters.default_user_level','0'),('core.advanced_parameters.default_user_notification','1'),('core.advanced_parameters.default_user_status','0'),('core.advanced_parameters.email_pattern','^[\\w_.\\-!\\#\\$\\%\\&\'\\*\\+\\/\\=\\?\\^\\`\\}\\{\\|\\~]+@[\\w_.\\-]+\\.[\\w]+$'),('core.advanced_parameters.email_pattern_verify_by',''),('core.advanced_parameters.enable_password_encryption','false'),('core.advanced_parameters.encryption_algorithm',''),('core.advanced_parameters.expired_alert_mail_sender','lutece@nowhere.com'),('core.advanced_parameters.expired_alert_mail_subject','Votre compte a expiré'),('core.advanced_parameters.first_alert_mail_sender','lutece@nowhere.com'),('core.advanced_parameters.first_alert_mail_subject','Votre compte va bientôt expirer'),('core.advanced_parameters.force_change_password_reinit','false'),('core.advanced_parameters.maximum_number_password_change',''),('core.advanced_parameters.nb_alert_account','2'),('core.advanced_parameters.notify_user_password_expired',''),('core.advanced_parameters.other_alert_mail_sender','lutece@nowhere.com'),('core.advanced_parameters.other_alert_mail_subject','Votre compte va bientôt expirer'),('core.advanced_parameters.password_duration','120'),('core.advanced_parameters.password_expired_mail_sender','lutece@nowhere.com'),('core.advanced_parameters.password_expired_mail_subject','Votre mot de passe a expiré'),('core.advanced_parameters.password_format_numero','false'),('core.advanced_parameters.password_format_special_characters','false'),('core.advanced_parameters.password_format_upper_lower_case','false'),('core.advanced_parameters.password_history_size',''),('core.advanced_parameters.password_minimum_length','8'),('core.advanced_parameters.time_before_alert_account','30'),('core.advanced_parameters.time_between_alerts_account','10'),('core.advanced_parameters.tsw_size_password_change',''),('core.advanced_parameters.use_advanced_security_parameters',''),('core.backOffice.defaultEditor','tinymce'),('core.cache.status.BaseUserPreferencesCacheService.enabled','1'),('core.cache.status.BaseUserPreferencesCacheService.maxElementsInMemory','1000'),('core.cache.status.DatastoreCacheService.enabled','0'),('core.cache.status.DocumentResourceServletCache.enabled','1'),('core.cache.status.LuteceUserCacheService.enabled','1'),('core.cache.status.LuteceUserCacheService.maxElementsInMemory','1000'),('core.cache.status.MailAttachmentCacheService.diskPersistent','true'),('core.cache.status.MailAttachmentCacheService.enabled','1'),('core.cache.status.MailAttachmentCacheService.maxElementsInMemory','10'),('core.cache.status.MailAttachmentCacheService.overflowToDisk','true'),('core.cache.status.MailAttachmentCacheService.timeToLiveSeconds','7200'),('core.cache.status.MyPortalWidgetContentService.enabled','1'),('core.cache.status.MyPortalWidgetService.enabled','1'),('core.cache.status.PageCacheService.enabled','1'),('core.cache.status.PageCachingFilter.enabled','0'),('core.cache.status.PortalMenuService.enabled','1'),('core.cache.status.PortletCacheService.enabled','0'),('core.cache.status.SiteMapService.enabled','1'),('core.cache.status.StaticFilesCachingFilter.enabled','1'),('core.cache.status.StaticFilesCachingFilter.timeToLiveSeconds','604800'),('core.cache.status.XMLTransformerCacheService(XSLT).enabled','1'),('core.daemon.accountLifeTimeDaemon.interval','86400'),('core.daemon.accountLifeTimeDaemon.onStartUp','true'),('core.daemon.anonymizationDaemon.interval','86400'),('core.daemon.anonymizationDaemon.onStartUp','false'),('core.daemon.autoArchiving.interval','3600'),('core.daemon.autoArchiving.onStartUp','true'),('core.daemon.autoPublication.interval','3600'),('core.daemon.autoPublication.onStartUp','true'),('core.daemon.docSearchIndexer.interval','600'),('core.daemon.docSearchIndexer.onStartUp','true'),('core.daemon.indexer.interval','300'),('core.daemon.indexer.onStartUp','true'),('core.daemon.mailSender.interval','60'),('core.daemon.mailSender.onStartUp','true'),('core.daemon.threadLauncherDaemon.interval','60'),('core.daemon.threadLauncherDaemon.onStartUp','true'),('core.frontOffice.defaultEditor','markitupbbcode'),('core.plugins.status.core_extensions.installed','true'),('core.plugins.status.lucene.installed','true'),('core.startup.time','9/05/2017 05:00:50 PM'),('core_banned_domain_names','yopmail.com'),('portal.site.site_property.admin_home_url','jsp/admin/AdminMenu.jsp'),('portal.site.site_property.avatar_default','images/admin/skin/unknown.png'),('portal.site.site_property.back_images','\'images/admin/skin/bg_login1.jpg\' , \'images/admin/skin/bg_login2.jpg\' , \'images/admin/skin/bg_login3.jpg\' , \'images/admin/skin/bg_login4.jpg\''),('portal.site.site_property.email','<webmaster email>'),('portal.site.site_property.home_url','jsp/site/Portal.jsp'),('portal.site.site_property.locale.default','fr'),('portal.site.site_property.logo_url','images/logo-header-icon.png'),('portal.site.site_property.menu.position','top'),('portal.site.site_property.meta.author','<author>'),('portal.site.site_property.meta.copyright','<copyright>'),('portal.site.site_property.meta.description','<description>'),('portal.site.site_property.meta.keywords','<keywords>'),('portal.site.site_property.name','LUTECE'),('portal.site.site_property.noreply_email','no-reply@mydomain.com'),('portal.site.site_property.popup_credits.textblock','&lt;credits text&gt;'),('portal.site.site_property.popup_legal_info.copyright.textblock','&lt;copyright text&gt;'),('portal.site.site_property.popup_legal_info.privacy.textblock','&lt;privacy text&gt;');
/*!40000 ALTER TABLE `core_datastore` ENABLE KEYS */;
UNLOCK TABLES;

--
-- Table structure for table `core_feature_group`
--

DROP TABLE IF EXISTS `core_feature_group`;
/*!40101 SET @saved_cs_client     = @@character_set_client */;
/*!40101 SET character_set_client = utf8 */;
CREATE TABLE `core_feature_group` (
  `id_feature_group` varchar(50) NOT NULL DEFAULT '',
  `feature_group_description` varchar(255) DEFAULT NULL,
  `feature_group_label` varchar(100) DEFAULT NULL,
  `feature_group_order` int(11) DEFAULT NULL,
  PRIMARY KEY (`id_feature_group`)
) ENGINE=InnoDB DEFAULT CHARSET=latin1;
/*!40101 SET character_set_client = @saved_cs_client */;

--
-- Dumping data for table `core_feature_group`
--

LOCK TABLES `core_feature_group` WRITE;
/*!40000 ALTER TABLE `core_feature_group` DISABLE KEYS */;
INSERT INTO `core_feature_group` VALUES ('APPLICATIONS','portal.features.group.applications.description','portal.features.group.applications.label',3),('CONTENT','portal.features.group.content.description','portal.features.group.content.label',1),('MANAGERS','portal.features.group.managers.description','portal.features.group.managers.label',5),('SITE','portal.features.group.site.description','portal.features.group.site.label',2),('STYLE','portal.features.group.charter.description','portal.features.group.charter.label',6),('SYSTEM','portal.features.group.system.description','portal.features.group.system.label',7),('USERS','portal.features.group.users.description','portal.features.group.users.label',4);
/*!40000 ALTER TABLE `core_feature_group` ENABLE KEYS */;
UNLOCK TABLES;

--
-- Table structure for table `core_file`
--

DROP TABLE IF EXISTS `core_file`;
/*!40101 SET @saved_cs_client     = @@character_set_client */;
/*!40101 SET character_set_client = utf8 */;
CREATE TABLE `core_file` (
  `id_file` int(11) NOT NULL DEFAULT '0',
  `title` mediumtext,
  `id_physical_file` int(11) DEFAULT NULL,
  `file_size` int(11) DEFAULT NULL,
  `mime_type` varchar(255) DEFAULT NULL,
  `date_creation` timestamp NULL DEFAULT NULL,
  PRIMARY KEY (`id_file`)
) ENGINE=InnoDB DEFAULT CHARSET=latin1;
/*!40101 SET character_set_client = @saved_cs_client */;

--
-- Dumping data for table `core_file`
--

LOCK TABLES `core_file` WRITE;
/*!40000 ALTER TABLE `core_file` DISABLE KEYS */;
INSERT INTO `core_file` VALUES (125,'export_users_csv.xml',125,2523,'application/xml','2005-10-10 15:10:10'),(126,'export_users_xml.xml',126,259,'application/xml','2005-10-10 15:10:10');
/*!40000 ALTER TABLE `core_file` ENABLE KEYS */;
UNLOCK TABLES;

--
-- Table structure for table `core_id_generator`
--

DROP TABLE IF EXISTS `core_id_generator`;
/*!40101 SET @saved_cs_client     = @@character_set_client */;
/*!40101 SET character_set_client = utf8 */;
CREATE TABLE `core_id_generator` (
  `class_name` varchar(250) NOT NULL DEFAULT '',
  `current_value` int(11) NOT NULL DEFAULT '0',
  PRIMARY KEY (`class_name`)
) ENGINE=InnoDB DEFAULT CHARSET=latin1;
/*!40101 SET character_set_client = @saved_cs_client */;

--
-- Dumping data for table `core_id_generator`
--

LOCK TABLES `core_id_generator` WRITE;
/*!40000 ALTER TABLE `core_id_generator` DISABLE KEYS */;
/*!40000 ALTER TABLE `core_id_generator` ENABLE KEYS */;
UNLOCK TABLES;

--
-- Table structure for table `core_indexer_action`
--

DROP TABLE IF EXISTS `core_indexer_action`;
/*!40101 SET @saved_cs_client     = @@character_set_client */;
/*!40101 SET character_set_client = utf8 */;
CREATE TABLE `core_indexer_action` (
  `id_action` int(11) NOT NULL DEFAULT '0',
  `id_document` varchar(255) NOT NULL,
  `id_task` int(11) NOT NULL DEFAULT '0',
  `indexer_name` varchar(255) NOT NULL,
  `id_portlet` int(11) NOT NULL DEFAULT '0',
  PRIMARY KEY (`id_action`)
) ENGINE=InnoDB DEFAULT CHARSET=latin1;
/*!40101 SET character_set_client = @saved_cs_client */;

--
-- Dumping data for table `core_indexer_action`
--

LOCK TABLES `core_indexer_action` WRITE;
/*!40000 ALTER TABLE `core_indexer_action` DISABLE KEYS */;
/*!40000 ALTER TABLE `core_indexer_action` ENABLE KEYS */;
UNLOCK TABLES;

--
-- Table structure for table `core_level_right`
--

DROP TABLE IF EXISTS `core_level_right`;
/*!40101 SET @saved_cs_client     = @@character_set_client */;
/*!40101 SET character_set_client = utf8 */;
CREATE TABLE `core_level_right` (
  `id_level` smallint(6) NOT NULL DEFAULT '0',
  `name` varchar(80) DEFAULT NULL,
  PRIMARY KEY (`id_level`)
) ENGINE=InnoDB DEFAULT CHARSET=latin1;
/*!40101 SET character_set_client = @saved_cs_client */;

--
-- Dumping data for table `core_level_right`
--

LOCK TABLES `core_level_right` WRITE;
/*!40000 ALTER TABLE `core_level_right` DISABLE KEYS */;
INSERT INTO `core_level_right` VALUES (0,'Niveau 0 - Droits de l\'administrateur technique'),(1,'Niveau 1 - Droits de l\'administrateur fonctionnel'),(2,'Niveau 2 - Droits du webmestre'),(3,'Niveau 3 - Droits de l\'assistant webmestre');
/*!40000 ALTER TABLE `core_level_right` ENABLE KEYS */;
UNLOCK TABLES;

--
-- Table structure for table `core_mail_item`
--

DROP TABLE IF EXISTS `core_mail_item`;
/*!40101 SET @saved_cs_client     = @@character_set_client */;
/*!40101 SET character_set_client = utf8 */;
CREATE TABLE `core_mail_item` (
  `id_mail_queue` int(11) NOT NULL DEFAULT '0',
  `mail_item` mediumblob,
  PRIMARY KEY (`id_mail_queue`)
) ENGINE=InnoDB DEFAULT CHARSET=latin1;
/*!40101 SET character_set_client = @saved_cs_client */;

--
-- Dumping data for table `core_mail_item`
--

LOCK TABLES `core_mail_item` WRITE;
/*!40000 ALTER TABLE `core_mail_item` DISABLE KEYS */;
/*!40000 ALTER TABLE `core_mail_item` ENABLE KEYS */;
UNLOCK TABLES;

--
-- Table structure for table `core_mail_queue`
--

DROP TABLE IF EXISTS `core_mail_queue`;
/*!40101 SET @saved_cs_client     = @@character_set_client */;
/*!40101 SET character_set_client = utf8 */;
CREATE TABLE `core_mail_queue` (
  `id_mail_queue` int(11) NOT NULL DEFAULT '0',
  `is_locked` smallint(6) DEFAULT '0',
  PRIMARY KEY (`id_mail_queue`),
  KEY `is_locked_core_mail_queue` (`is_locked`)
) ENGINE=InnoDB DEFAULT CHARSET=latin1;
/*!40101 SET character_set_client = @saved_cs_client */;

--
-- Dumping data for table `core_mail_queue`
--

LOCK TABLES `core_mail_queue` WRITE;
/*!40000 ALTER TABLE `core_mail_queue` DISABLE KEYS */;
/*!40000 ALTER TABLE `core_mail_queue` ENABLE KEYS */;
UNLOCK TABLES;

--
-- Table structure for table `core_mode`
--

DROP TABLE IF EXISTS `core_mode`;
/*!40101 SET @saved_cs_client     = @@character_set_client */;
/*!40101 SET character_set_client = utf8 */;
CREATE TABLE `core_mode` (
  `id_mode` int(11) NOT NULL DEFAULT '0',
  `description_mode` varchar(255) DEFAULT NULL,
  `path` varchar(50) NOT NULL DEFAULT '',
  `output_xsl_method` varchar(50) DEFAULT NULL,
  `output_xsl_version` varchar(50) DEFAULT NULL,
  `output_xsl_media_type` varchar(50) DEFAULT NULL,
  `output_xsl_encoding` varchar(50) DEFAULT NULL,
  `output_xsl_indent` varchar(50) DEFAULT NULL,
  `output_xsl_omit_xml_dec` varchar(50) DEFAULT NULL,
  `output_xsl_standalone` varchar(50) DEFAULT NULL,
  PRIMARY KEY (`id_mode`)
) ENGINE=InnoDB DEFAULT CHARSET=latin1;
/*!40101 SET character_set_client = @saved_cs_client */;

--
-- Dumping data for table `core_mode`
--

LOCK TABLES `core_mode` WRITE;
/*!40000 ALTER TABLE `core_mode` DISABLE KEYS */;
INSERT INTO `core_mode` VALUES (0,'Normal','normal/','xml','1.0','text/xml','UTF-8','yes','yes','yes'),(1,'Administration','admin/','xml','1.0','text/xml','UTF-8','yes','yes','yes'),(2,'Wap','wml/','xml','1.0','text/xml','UTF-8','yes','yes','yes');
/*!40000 ALTER TABLE `core_mode` ENABLE KEYS */;
UNLOCK TABLES;

--
-- Table structure for table `core_page`
--

DROP TABLE IF EXISTS `core_page`;
/*!40101 SET @saved_cs_client     = @@character_set_client */;
/*!40101 SET character_set_client = utf8 */;
CREATE TABLE `core_page` (
  `id_page` int(11) NOT NULL DEFAULT '0',
  `id_parent` int(11) DEFAULT '0',
  `name` varchar(50) NOT NULL DEFAULT '',
  `description` mediumtext,
  `date_update` timestamp NOT NULL DEFAULT CURRENT_TIMESTAMP,
  `status` smallint(6) DEFAULT NULL,
  `page_order` int(11) DEFAULT '0',
  `id_template` int(11) DEFAULT NULL,
  `date_creation` timestamp NULL DEFAULT NULL,
  `role` varchar(50) DEFAULT NULL,
  `code_theme` varchar(80) DEFAULT NULL,
  `node_status` smallint(6) NOT NULL DEFAULT '1',
  `image_content` mediumblob,
  `mime_type` varchar(255) DEFAULT 'NULL',
  `meta_keywords` varchar(255) DEFAULT NULL,
  `meta_description` varchar(255) DEFAULT NULL,
  `id_authorization_node` int(11) DEFAULT NULL,
  PRIMARY KEY (`id_page`),
  KEY `index_page` (`id_template`,`id_parent`),
  KEY `index_childpage` (`id_parent`,`page_order`)
) ENGINE=InnoDB DEFAULT CHARSET=latin1;
/*!40101 SET character_set_client = @saved_cs_client */;

--
-- Dumping data for table `core_page`
--

LOCK TABLES `core_page` WRITE;
/*!40000 ALTER TABLE `core_page` DISABLE KEYS */;
INSERT INTO `core_page` VALUES (1,0,'Home','Home Page','2014-06-08 22:20:44',1,1,4,'2003-09-09 05:38:01','none','default',0,'','application/octet-stream',NULL,NULL,1),(2,1,'Page 1','A child page','2014-06-08 23:23:42',0,1,2,'2014-06-08 23:23:42','none','default',1,NULL,'application/octet-stream',NULL,NULL,1);
/*!40000 ALTER TABLE `core_page` ENABLE KEYS */;
UNLOCK TABLES;

--
-- Table structure for table `core_page_template`
--

DROP TABLE IF EXISTS `core_page_template`;
/*!40101 SET @saved_cs_client     = @@character_set_client */;
/*!40101 SET character_set_client = utf8 */;
CREATE TABLE `core_page_template` (
  `id_template` int(11) NOT NULL DEFAULT '0',
  `description` varchar(50) DEFAULT NULL,
  `file_name` varchar(100) DEFAULT NULL,
  `picture` varchar(50) DEFAULT NULL,
  PRIMARY KEY (`id_template`)
) ENGINE=InnoDB DEFAULT CHARSET=latin1;
/*!40101 SET character_set_client = @saved_cs_client */;

--
-- Dumping data for table `core_page_template`
--

LOCK TABLES `core_page_template` WRITE;
/*!40000 ALTER TABLE `core_page_template` DISABLE KEYS */;
INSERT INTO `core_page_template` VALUES (1,'Une colonne','skin/site/page_template1.html','page_template1.gif'),(2,'Deux colonnes','skin/site/page_template2.html','page_template2.gif'),(3,'Trois colonnes','skin/site/page_template3.html','page_template3.gif'),(4,'1 + 2 colonnes','skin/site/page_template4.html','page_template4.gif'),(5,'Deux colonnes égales','skin/site/page_template5.html','page_template5.gif'),(6,'Trois colonnes inégales','skin/site/page_template6.html','page_template6.gif');
/*!40000 ALTER TABLE `core_page_template` ENABLE KEYS */;
UNLOCK TABLES;

--
-- Table structure for table `core_physical_file`
--

DROP TABLE IF EXISTS `core_physical_file`;
/*!40101 SET @saved_cs_client     = @@character_set_client */;
/*!40101 SET character_set_client = utf8 */;
CREATE TABLE `core_physical_file` (
  `id_physical_file` int(11) NOT NULL DEFAULT '0',
  `file_value` mediumblob,
  PRIMARY KEY (`id_physical_file`)
) ENGINE=InnoDB DEFAULT CHARSET=latin1;
/*!40101 SET character_set_client = @saved_cs_client */;

--
-- Dumping data for table `core_physical_file`
--

LOCK TABLES `core_physical_file` WRITE;
/*!40000 ALTER TABLE `core_physical_file` DISABLE KEYS */;
INSERT INTO `core_physical_file` VALUES (125,'<?xml version=\"1.0\"?>\r\n<xsl:stylesheet version=\"1.0\" xmlns:xsl=\"http://www.w3.org/1999/XSL/Transform\">\r\n	<xsl:output method=\"text\"/>\r\n	\r\n	<xsl:template match=\"users\">\r\n		<xsl:apply-templates select=\"user\" />\r\n	</xsl:template>\r\n	\r\n	<xsl:template match=\"user\">\r\n		<xsl:text>\"</xsl:text>\r\n		<xsl:value-of select=\"access_code\" />\r\n		<xsl:text>\";\"</xsl:text>\r\n		<xsl:value-of select=\"last_name\" />\r\n		<xsl:text>\";\"</xsl:text>\r\n		<xsl:value-of select=\"first_name\" />\r\n		<xsl:text>\";\"</xsl:text>\r\n		<xsl:value-of select=\"email\" />\r\n		<xsl:text>\";\"</xsl:text>\r\n		<xsl:value-of select=\"status\" />\r\n		<xsl:text>\";\"</xsl:text>\r\n		<xsl:value-of select=\"locale\" />\r\n		<xsl:text>\";\"</xsl:text>\r\n		<xsl:value-of select=\"level\" />\r\n		<xsl:text>\";\"</xsl:text>\r\n		<xsl:value-of select=\"must_change_password\" />\r\n		<xsl:text>\";\"</xsl:text>\r\n		<xsl:value-of select=\"accessibility_mode\" />\r\n		<xsl:text>\";\"</xsl:text>\r\n		<xsl:value-of select=\"password_max_valid_date\" />\r\n		<xsl:text>\";\"</xsl:text>\r\n		<xsl:value-of select=\"account_max_valid_date\" />\r\n		<xsl:text>\";\"</xsl:text>\r\n		<xsl:value-of select=\"date_last_login\" />\r\n		<xsl:text>\"</xsl:text>\r\n		<xsl:apply-templates select=\"roles\" />\r\n		<xsl:apply-templates select=\"rights\" />\r\n		<xsl:apply-templates select=\"workgroups\" />\r\n		<xsl:apply-templates select=\"attributes\" />\r\n		<xsl:text>&#10;</xsl:text>\r\n	</xsl:template>\r\n	\r\n	<xsl:template match=\"roles\">\r\n		<xsl:apply-templates select=\"role\" />\r\n	</xsl:template>\r\n	\r\n	<xsl:template match=\"role\">\r\n		<xsl:text>;\"role:</xsl:text>\r\n		<xsl:value-of select=\"current()\" />\r\n		<xsl:text>\"</xsl:text>\r\n	</xsl:template>\r\n	\r\n	<xsl:template match=\"rights\">\r\n		<xsl:apply-templates select=\"right\" />\r\n	</xsl:template>\r\n	\r\n	<xsl:template match=\"right\">\r\n		<xsl:text>;\"right:</xsl:text>\r\n		<xsl:value-of select=\"current()\" />\r\n		<xsl:text>\"</xsl:text>\r\n	</xsl:template>\r\n	\r\n	<xsl:template match=\"workgroups\">\r\n		<xsl:apply-templates select=\"workgroup\" />\r\n	</xsl:template>\r\n	\r\n	<xsl:template match=\"workgroup\">\r\n		<xsl:text>;\"workgroup:</xsl:text>\r\n		<xsl:value-of select=\"current()\" />\r\n		<xsl:text>\"</xsl:text>\r\n	</xsl:template>\r\n	\r\n	<xsl:template match=\"attributes\">\r\n		<xsl:apply-templates select=\"attribute\" />\r\n	</xsl:template>\r\n	\r\n	<xsl:template match=\"attribute\">\r\n		<xsl:text>;\"</xsl:text>\r\n		<xsl:value-of select=\"attribute-id\" />\r\n		<xsl:text>:</xsl:text>\r\n		<xsl:value-of select=\"attribute-field-id\" />\r\n		<xsl:text>:</xsl:text>\r\n		<xsl:value-of select=\"attribute-value\" />\r\n		<xsl:text>\"</xsl:text>\r\n	</xsl:template>\r\n	\r\n</xsl:stylesheet>'),(126,'<?xml version=\"1.0\" ?>\r\n<xsl:stylesheet version=\"1.0\" xmlns:xsl=\"http://www.w3.org/1999/XSL/Transform\">\r\n	<xsl:template match=\"/ | @* | node()\">\r\n		<xsl:copy>\r\n			<xsl:apply-templates select=\"@* | node()\" />\r\n		</xsl:copy>\r\n	</xsl:template>\r\n</xsl:stylesheet>');
/*!40000 ALTER TABLE `core_physical_file` ENABLE KEYS */;
UNLOCK TABLES;

--
-- Table structure for table `core_portal_component`
--

DROP TABLE IF EXISTS `core_portal_component`;
/*!40101 SET @saved_cs_client     = @@character_set_client */;
/*!40101 SET character_set_client = utf8 */;
CREATE TABLE `core_portal_component` (
  `id_portal_component` int(11) NOT NULL DEFAULT '0',
  `name` varchar(50) DEFAULT NULL,
  PRIMARY KEY (`id_portal_component`)
) ENGINE=InnoDB DEFAULT CHARSET=latin1;
/*!40101 SET character_set_client = @saved_cs_client */;

--
-- Dumping data for table `core_portal_component`
--

LOCK TABLES `core_portal_component` WRITE;
/*!40000 ALTER TABLE `core_portal_component` DISABLE KEYS */;
INSERT INTO `core_portal_component` VALUES (0,'Rubrique'),(1,'Article'),(2,'Rubrique Liste Article'),(3,'Menu Init'),(4,'Menu Principal'),(5,'Chemin Page'),(6,'Plan du site'),(7,'Arborescence'),(8,'Plan du site admin');
/*!40000 ALTER TABLE `core_portal_component` ENABLE KEYS */;
UNLOCK TABLES;

--
-- Table structure for table `core_portlet`
--

DROP TABLE IF EXISTS `core_portlet`;
/*!40101 SET @saved_cs_client     = @@character_set_client */;
/*!40101 SET character_set_client = utf8 */;
CREATE TABLE `core_portlet` (
  `id_portlet` int(11) NOT NULL DEFAULT '0',
  `id_portlet_type` varchar(50) DEFAULT NULL,
  `id_page` int(11) DEFAULT NULL,
  `name` varchar(70) DEFAULT NULL,
  `date_update` timestamp NOT NULL DEFAULT CURRENT_TIMESTAMP,
  `status` smallint(6) NOT NULL DEFAULT '0',
  `portlet_order` int(11) DEFAULT NULL,
  `column_no` int(11) DEFAULT NULL,
  `id_style` int(11) DEFAULT NULL,
  `accept_alias` smallint(6) DEFAULT NULL,
  `date_creation` timestamp NULL DEFAULT NULL,
  `display_portlet_title` int(11) NOT NULL DEFAULT '0',
  `role` varchar(50) DEFAULT NULL,
  `device_display_flags` int(11) NOT NULL DEFAULT '15',
  PRIMARY KEY (`id_portlet`),
  KEY `index_portlet` (`id_page`,`id_portlet_type`,`id_style`)
) ENGINE=InnoDB DEFAULT CHARSET=latin1;
/*!40101 SET character_set_client = @saved_cs_client */;

--
-- Dumping data for table `core_portlet`
--

LOCK TABLES `core_portlet` WRITE;
/*!40000 ALTER TABLE `core_portlet` DISABLE KEYS */;
/*!40000 ALTER TABLE `core_portlet` ENABLE KEYS */;
UNLOCK TABLES;

--
-- Table structure for table `core_portlet_alias`
--

DROP TABLE IF EXISTS `core_portlet_alias`;
/*!40101 SET @saved_cs_client     = @@character_set_client */;
/*!40101 SET character_set_client = utf8 */;
CREATE TABLE `core_portlet_alias` (
  `id_portlet` int(11) NOT NULL DEFAULT '0',
  `id_alias` int(11) NOT NULL DEFAULT '0',
  PRIMARY KEY (`id_portlet`,`id_alias`)
) ENGINE=InnoDB DEFAULT CHARSET=latin1;
/*!40101 SET character_set_client = @saved_cs_client */;

--
-- Dumping data for table `core_portlet_alias`
--

LOCK TABLES `core_portlet_alias` WRITE;
/*!40000 ALTER TABLE `core_portlet_alias` DISABLE KEYS */;
/*!40000 ALTER TABLE `core_portlet_alias` ENABLE KEYS */;
UNLOCK TABLES;

--
-- Table structure for table `core_portlet_type`
--

DROP TABLE IF EXISTS `core_portlet_type`;
/*!40101 SET @saved_cs_client     = @@character_set_client */;
/*!40101 SET character_set_client = utf8 */;
CREATE TABLE `core_portlet_type` (
  `id_portlet_type` varchar(50) NOT NULL DEFAULT '0',
  `name` varchar(255) DEFAULT NULL,
  `url_creation` varchar(255) DEFAULT NULL,
  `url_update` varchar(255) DEFAULT NULL,
  `home_class` varchar(255) DEFAULT NULL,
  `plugin_name` varchar(50) DEFAULT NULL,
  `url_docreate` varchar(255) DEFAULT NULL,
  `create_script` varchar(255) DEFAULT NULL,
  `create_specific` varchar(255) DEFAULT NULL,
  `create_specific_form` varchar(255) DEFAULT NULL,
  `url_domodify` varchar(255) DEFAULT NULL,
  `modify_script` varchar(255) DEFAULT NULL,
  `modify_specific` varchar(255) DEFAULT NULL,
  `modify_specific_form` varchar(255) DEFAULT NULL,
  PRIMARY KEY (`id_portlet_type`)
) ENGINE=InnoDB DEFAULT CHARSET=latin1;
/*!40101 SET character_set_client = @saved_cs_client */;

--
-- Dumping data for table `core_portlet_type`
--

LOCK TABLES `core_portlet_type` WRITE;
/*!40000 ALTER TABLE `core_portlet_type` DISABLE KEYS */;
INSERT INTO `core_portlet_type` VALUES ('ALIAS_PORTLET','portal.site.portletAlias.name','plugins/alias/CreatePortletAlias.jsp','plugins/alias/ModifyPortletAlias.jsp','fr.paris.lutece.portal.business.portlet.AliasPortletHome','alias','plugins/alias/DoCreatePortletAlias.jsp','/admin/portlet/script_create_portlet.html','/admin/portlet/alias/create_portlet_alias.html','','plugins/alias/DoModifyPortletAlias.jsp','/admin/portlet/script_modify_portlet.html','/admin/portlet/alias/modify_portlet_alias.html',''),('DOCUMENT_LIST_PORTLET','document.portlet.documentListPortlet.name','plugins/document/CreateDocumentListPortlet.jsp','plugins/document/ModifyDocumentListPortlet.jsp','fr.paris.lutece.plugins.document.business.portlet.DocumentListPortletHome','document','plugins/document/DoCreateDocumentListPortlet.jsp','/admin/portlet/script_create_portlet.html','/admin/plugins/document/portlet/document_list_portlet_type.html','','plugins/document/DoModifyDocumentListPortlet.jsp','/admin/portlet/script_modify_portlet.html','/admin/plugins/document/portlet/document_list_portlet_type.html',''),('DOCUMENT_PORTLET','document.portlet.documentPortlet.name','plugins/document/CreateDocumentPortlet.jsp','plugins/document/ModifyDocumentPortlet.jsp','fr.paris.lutece.plugins.document.business.portlet.DocumentPortletHome','document','plugins/document/DoCreateDocumentPortlet.jsp','/admin/portlet/script_create_portlet.html','/admin/plugins/document/portlet/document_portlet_type.html','','plugins/document/DoModifyDocumentPortlet.jsp','/admin/portlet/script_modify_portlet.html','/admin/plugins/document/portlet/document_portlet_type.html','');
/*!40000 ALTER TABLE `core_portlet_type` ENABLE KEYS */;
UNLOCK TABLES;

--
-- Table structure for table `core_role`
--

DROP TABLE IF EXISTS `core_role`;
/*!40101 SET @saved_cs_client     = @@character_set_client */;
/*!40101 SET character_set_client = utf8 */;
CREATE TABLE `core_role` (
  `role` varchar(50) NOT NULL DEFAULT '',
  `role_description` varchar(255) DEFAULT NULL,
  `workgroup_key` varchar(50) NOT NULL DEFAULT '',
  PRIMARY KEY (`role`)
) ENGINE=InnoDB DEFAULT CHARSET=latin1;
/*!40101 SET character_set_client = @saved_cs_client */;

--
-- Dumping data for table `core_role`
--

LOCK TABLES `core_role` WRITE;
/*!40000 ALTER TABLE `core_role` DISABLE KEYS */;
/*!40000 ALTER TABLE `core_role` ENABLE KEYS */;
UNLOCK TABLES;

--
-- Table structure for table `core_search_parameter`
--

DROP TABLE IF EXISTS `core_search_parameter`;
/*!40101 SET @saved_cs_client     = @@character_set_client */;
/*!40101 SET character_set_client = utf8 */;
CREATE TABLE `core_search_parameter` (
  `parameter_key` varchar(100) NOT NULL,
  `parameter_value` mediumtext,
  PRIMARY KEY (`parameter_key`)
) ENGINE=InnoDB DEFAULT CHARSET=latin1;
/*!40101 SET character_set_client = @saved_cs_client */;

--
-- Dumping data for table `core_search_parameter`
--

LOCK TABLES `core_search_parameter` WRITE;
/*!40000 ALTER TABLE `core_search_parameter` DISABLE KEYS */;
INSERT INTO `core_search_parameter` VALUES ('date_filter','0'),('default_operator','OR'),('help_message','Message d aide pour la recherche'),('taglist',NULL),('tag_filter','0'),('type_filter','none');
/*!40000 ALTER TABLE `core_search_parameter` ENABLE KEYS */;
UNLOCK TABLES;

--
-- Table structure for table `core_style`
--

DROP TABLE IF EXISTS `core_style`;
/*!40101 SET @saved_cs_client     = @@character_set_client */;
/*!40101 SET character_set_client = utf8 */;
CREATE TABLE `core_style` (
  `id_style` int(11) NOT NULL DEFAULT '0',
  `description_style` varchar(100) NOT NULL DEFAULT '',
  `id_portlet_type` varchar(50) DEFAULT NULL,
  `id_portal_component` int(11) NOT NULL DEFAULT '0',
  PRIMARY KEY (`id_style`),
  KEY `index_style` (`id_portlet_type`)
) ENGINE=InnoDB DEFAULT CHARSET=latin1;
/*!40101 SET character_set_client = @saved_cs_client */;

--
-- Dumping data for table `core_style`
--

LOCK TABLES `core_style` WRITE;
/*!40000 ALTER TABLE `core_style` DISABLE KEYS */;
INSERT INTO `core_style` VALUES (3,'Menu Init','',3),(4,'Main Menu','',4),(5,'Chemin Page','',5),(6,'Plan du site','',6),(7,'Arborescence','',7),(8,'Plan du Site Admin',NULL,8),(1700,'Défaut','DOCUMENT_LIST_PORTLET',0),(1701,'Type Actor','DOCUMENT_LIST_PORTLET',0),(1702,'Type Brève','DOCUMENT_LIST_PORTLET',0),(1703,'Type Article','DOCUMENT_LIST_PORTLET',0),(1704,'Type Image','DOCUMENT_LIST_PORTLET',0),(1705,'Type Video','DOCUMENT_LIST_PORTLET',0),(1706,'Type Pdf','DOCUMENT_LIST_PORTLET',0),(1707,'Type Son','DOCUMENT_LIST_PORTLET',0),(1708,'Type Actor Service','DOCUMENT_LIST_PORTLET',0),(1710,'Type Article Extend','DOCUMENT_LIST_PORTLET',0),(1711,'Type PDF Extend','DOCUMENT_LIST_PORTLET',0),(1730,'Type Actor','DOCUMENT_PORTLET',0),(1731,'Type Brève','DOCUMENT_PORTLET',0),(1732,'Type Article','DOCUMENT_PORTLET',0),(1733,'Type Image','DOCUMENT_PORTLET',0),(1734,'Type Video','DOCUMENT_PORTLET',0),(1735,'Type Pdf','DOCUMENT_PORTLET',0),(1736,'Type Son','DOCUMENT_PORTLET',0),(1737,'Type Flash','DOCUMENT_LIST_PORTLET',0),(1738,'Type Flash','DOCUMENT_PORTLET',0),(1739,'Défaut Download','DOCUMENT_LIST_PORTLET',0);
/*!40000 ALTER TABLE `core_style` ENABLE KEYS */;
UNLOCK TABLES;

--
-- Table structure for table `core_style_mode_stylesheet`
--

DROP TABLE IF EXISTS `core_style_mode_stylesheet`;
/*!40101 SET @saved_cs_client     = @@character_set_client */;
/*!40101 SET character_set_client = utf8 */;
CREATE TABLE `core_style_mode_stylesheet` (
  `id_style` int(11) NOT NULL DEFAULT '0',
  `id_mode` int(11) NOT NULL DEFAULT '0',
  `id_stylesheet` int(11) NOT NULL DEFAULT '0',
  PRIMARY KEY (`id_style`,`id_mode`,`id_stylesheet`),
  KEY `index_style_mode_stylesheet` (`id_stylesheet`,`id_mode`)
) ENGINE=InnoDB DEFAULT CHARSET=latin1;
/*!40101 SET character_set_client = @saved_cs_client */;

--
-- Dumping data for table `core_style_mode_stylesheet`
--

LOCK TABLES `core_style_mode_stylesheet` WRITE;
/*!40000 ALTER TABLE `core_style_mode_stylesheet` DISABLE KEYS */;
INSERT INTO `core_style_mode_stylesheet` VALUES (3,0,211),(4,0,213),(5,0,215),(6,0,217),(7,0,253),(8,1,279),(1701,0,297),(1700,0,298),(1702,0,299),(1703,0,300),(1707,0,301),(1706,0,302),(1704,0,304),(1708,0,305),(1710,0,305),(1711,0,306),(1720,0,402),(1730,0,403),(1735,0,408),(1736,0,409),(1731,0,504),(1732,0,505),(1733,0,506),(1734,0,507),(1737,0,508),(1738,0,509),(1739,0,510),(1705,0,9004);
/*!40000 ALTER TABLE `core_style_mode_stylesheet` ENABLE KEYS */;
UNLOCK TABLES;

--
-- Table structure for table `core_stylesheet`
--

DROP TABLE IF EXISTS `core_stylesheet`;
/*!40101 SET @saved_cs_client     = @@character_set_client */;
/*!40101 SET character_set_client = utf8 */;
CREATE TABLE `core_stylesheet` (
  `id_stylesheet` int(11) NOT NULL DEFAULT '0',
  `description` varchar(255) DEFAULT NULL,
  `file_name` varchar(255) DEFAULT NULL,
  `source` mediumblob,
  PRIMARY KEY (`id_stylesheet`)
) ENGINE=InnoDB DEFAULT CHARSET=latin1;
/*!40101 SET character_set_client = @saved_cs_client */;

--
-- Dumping data for table `core_stylesheet`
--

LOCK TABLES `core_stylesheet` WRITE;
/*!40000 ALTER TABLE `core_stylesheet` DISABLE KEYS */;
INSERT INTO `core_stylesheet` VALUES (211,'Menu Init','menu_init.xsl','<?xml version=\"1.0\"?>\r\n<xsl:stylesheet version=\"1.0\" xmlns:xsl=\"http://www.w3.org/1999/XSL/Transform\">\r\n\r\n<xsl:param name=\"site-path\" select=\"site-path\" />\r\n\r\n<xsl:template match=\"menu-list\">\r\n<br /><br />\r\n	<div id=\"menu-init\">\r\n		<div id=\"menu-init-content\">\r\n            <ul id=\"menu-verti\">\r\n                <xsl:apply-templates select=\"menu\" />\r\n            </ul>\r\n        </div>\r\n     </div>\r\n</xsl:template>\r\n\r\n\r\n<xsl:template match=\"menu\">\r\n    <xsl:variable name=\"index\">\r\n    	<xsl:number level=\"single\" value=\"position()\" />\r\n    </xsl:variable>\r\n\r\n    <xsl:if test=\"$index &gt; 7\">\r\n        <li class=\"first-verti\">\r\n        	<a href=\"{$site-path}?page_id={page-id}\" target=\"_top\">\r\n          		<xsl:value-of select=\"page-name\" />\r\n	        </a>\r\n    	    <xsl:apply-templates select=\"sublevel-menu-list\" />\r\n        </li>\r\n   </xsl:if>\r\n</xsl:template>\r\n\r\n<xsl:template match=\"sublevel-menu-list\" >\r\n	<ul>\r\n    	<li class=\"last-verti\">\r\n		 	<xsl:apply-templates select=\"sublevel-menu\" />\r\n 	    </li>\r\n    </ul>\r\n</xsl:template>\r\n\r\n<xsl:template match=\"sublevel-menu\">\r\n   <xsl:variable name=\"index_sous_menu\">\r\n         <xsl:number level=\"single\" value=\"position()\" />\r\n   </xsl:variable>\r\n\r\n   <a href=\"{$site-path}?page_id={page-id}\" target=\"_top\">\r\n		<span><xsl:value-of select=\"page-name\" /></span>\r\n   </a>\r\n</xsl:template>\r\n\r\n</xsl:stylesheet>\r\n'),(213,'Menu principal','menu_main.xsl','<?xml version=\"1.0\"?>\r\n<xsl:stylesheet version=\"1.0\"\r\n	xmlns:xsl=\"http://www.w3.org/1999/XSL/Transform\">\r\n\r\n	<xsl:param name=\"site-path\" select=\"site-path\" />\r\n\r\n	<xsl:template match=\"menu-list\">\r\n		<xsl:apply-templates select=\"menu\" />\r\n	</xsl:template>\r\n\r\n	<xsl:template match=\"menu\">\r\n		<li>\r\n			<a href=\"{$site-path}?page_id={page-id}\" class=\"first-level\" target=\"_top\">\r\n					<xsl:value-of select=\"page-name\" />\r\n			</a>\r\n		</li>\r\n	</xsl:template>\r\n\r\n</xsl:stylesheet>\r\n\r\n'),(215,'Chemin page','page_path.xsl','<?xml version=\"1.0\"?>\r\n<xsl:stylesheet version=\"1.0\" xmlns:xsl=\"http://www.w3.org/1999/XSL/Transform\">\r\n\r\n<xsl:param name=\"site-path\" select=\"site-path\" />\r\n\r\n\r\n<xsl:template match=\"page\">\r\n		<xsl:if test=\"position()!=last()-1\">\r\n			<a href=\"{$site-path}?page_id={page-id}\" target=\"_top\"><xsl:value-of select=\"page-name\" /></a> >\r\n		</xsl:if>\r\n		<xsl:if test=\"position()=last()-1\">\r\n			<xsl:value-of select=\"page-name\" />\r\n		</xsl:if>\r\n</xsl:template>\r\n\r\n\r\n<xsl:template match=\"page_link\">\r\n		<xsl:if test=\"position()!=last()-1\">\r\n			<a href=\"{$site-path}?{page-url}\" target=\"_top\"><xsl:value-of select=\"page-name\" /></a> >\r\n		</xsl:if>\r\n		<xsl:if test=\"position()=last()-1\">\r\n			<xsl:value-of select=\"page-name\" />\r\n		</xsl:if>\r\n</xsl:template>\r\n\r\n\r\n</xsl:stylesheet>'),(217,'Plan du site','site_map.xsl','<?xml version=\"1.0\" encoding=\"ISO-8859-1\"?>\r\n<xsl:stylesheet version=\"1.0\" xmlns:xsl=\"http://www.w3.org/1999/XSL/Transform\">\r\n\r\n<xsl:param name=\"site-path\" select=\"site-path\" />\r\n\r\n\r\n<xsl:template match=\"page[page-level=0]\">\r\n	<div class=\"span-15 prepend-1 append-1 append-bottom\">\r\n		<div class=\"portlet -lutece-border-radius\">\r\n			<xsl:apply-templates select=\"child-pages-list\" />\r\n		</div>\r\n	</div>\r\n</xsl:template>\r\n\r\n\r\n<xsl:template match=\"page[page-level=1]\" >\r\n<ul class=\"site-map-level-one\">\r\n	<li>\r\n		<a href=\"{$site-path}?page_id={page-id}\" target=\"_top\">\r\n			<xsl:value-of select=\"page-name\" />\r\n		</a>\r\n		<xsl:apply-templates select=\"page-description\" />\r\n		<xsl:apply-templates select=\"page-image\" />\r\n		<xsl:apply-templates select=\"child-pages-list\" />\r\n	    <xsl:text disable-output-escaping=\"yes\">\r\n		    <![CDATA[<div class=\"clear\">&#160;</div>]]>\r\n	    </xsl:text>\r\n	</li>\r\n</ul>\r\n</xsl:template>\r\n\r\n\r\n<xsl:template match=\"page[page-level=2]\" >\r\n<ul class=\"site-map-level-two\">\r\n	<li>\r\n		<a href=\"{$site-path}?page_id={page-id}\" target=\"_top\">\r\n			<xsl:value-of select=\"page-name\" />\r\n		</a>\r\n		<xsl:apply-templates select=\"page-description\" />\r\n		<xsl:apply-templates select=\"child-pages-list\" />\r\n	</li>\r\n</ul>\r\n</xsl:template>\r\n\r\n\r\n<xsl:template match=\"page[page-level>2]\" >\r\n<ul class=\"site-map-level-highest\">\r\n	<li>\r\n		<a href=\"{$site-path}?page_id={page-id}\" target=\"_top\">\r\n			<xsl:value-of select=\"page-name\" />\r\n		</a>\r\n		<xsl:apply-templates select=\"page-description\" />\r\n		<xsl:apply-templates select=\"child-pages-list\" />\r\n	</li>\r\n</ul>\r\n</xsl:template>\r\n\r\n\r\n<xsl:template match=\"page-description\">\r\n	<br /><xsl:value-of select=\".\" />\r\n</xsl:template>\r\n\r\n\r\n<xsl:template match=\"child-pages-list[page-level=0]\">\r\n	<xsl:if test=\"count(page)>0\" >\r\n		<xsl:apply-templates select=\"page\" />\r\n    </xsl:if>\r\n</xsl:template>\r\n\r\n\r\n<xsl:template match=\"child-pages-list[page-level=1]\">\r\n	<xsl:if test=\"count(page)>0\" >\r\n		<xsl:apply-templates select=\"page\" />\r\n    </xsl:if>\r\n</xsl:template>\r\n\r\n\r\n<xsl:template match=\"child-pages-list[page-level=2]\">\r\n	<xsl:if test=\"count(page)>0\" >\r\n		<xsl:apply-templates select=\"page\" />\r\n    </xsl:if>\r\n</xsl:template>\r\n\r\n<xsl:template match=\"child-pages-list[page-level>2]\">\r\n	<xsl:if test=\"count(page)>0\" >\r\n		<xsl:apply-templates select=\"page\" />\r\n    </xsl:if>\r\n</xsl:template>\r\n\r\n\r\n<xsl:template match=\"page-image\">\r\n	<div class=\"level-one-image\">\r\n    	<div class=\"polaroid\">\r\n		<img  border=\"0\" width=\"80\" height=\"80\" src=\"images/local/data/pages/{.}\" alt=\"\" />\r\n         </div>\r\n	</div >\r\n</xsl:template>\r\n\r\n\r\n</xsl:stylesheet>\r\n'),(253,'Pages filles - Arborescence','menu_tree.xsl','<?xml version=\"1.0\"?>\r\n<xsl:stylesheet version=\"1.0\" xmlns:xsl=\"http://www.w3.org/1999/XSL/Transform\">\r\n\r\n<xsl:param name=\"site-path\" select=\"site-path\" />\r\n\r\n<xsl:template match=\"menu-list\">\r\n	<xsl:variable name=\"menu-list\" select=\"menu\" />\r\n\r\n	<script type=\"text/javascript\">\r\n		$(document).ready(function(){\r\n			$(\"#tree\").treeview({\r\n				animated: \"fast\",\r\n				collapsed: false,\r\n				unique: true,\r\n				persist: \"cookie\"\r\n			});\r\n		\r\n		});\r\n	</script>    \r\n	\r\n	<!-- Menu Tree -->      \r\n	<xsl:if test=\"not(string(menu)=\'\')\">\r\n	    <xsl:text disable-output-escaping=\"yes\">		    \r\n            <div class=\"tree4\">		\r\n			<h2>&#160;</h2>\r\n			<ul id=\"tree\" class=\"tree4\">\r\n                <xsl:apply-templates select=\"menu\" />        \r\n			</ul>	\r\n			</div>\r\n		 	 <br />\r\n		</xsl:text> \r\n	</xsl:if>\r\n</xsl:template>\r\n\r\n\r\n<xsl:template match=\"menu\">\r\n    <xsl:variable name=\"index\">\r\n    	<xsl:number level=\"single\" value=\"position()\" />\r\n    </xsl:variable>\r\n		<li>\r\n    <!--<xsl:if test=\"$index &lt; 7\">-->        \r\n          <a href=\"{$site-path}?page_id={page-id}\" target=\"_top\" >\r\n               <xsl:value-of select=\"page-name\" />\r\n           </a>	   \r\n		   <br />\r\n		   <xsl:value-of select=\"page-description\" />\r\n		   <!--<xsl:value-of select=\"page-description\" /><br />-->		   			\r\n			<xsl:apply-templates select=\"sublevel-menu-list\" /> \r\n			\r\n		</li> 	\r\n    <!--</xsl:if>-->\r\n		\r\n</xsl:template>\r\n\r\n<xsl:template match=\"sublevel-menu-list\" > \r\n	\r\n	<xsl:apply-templates select=\"sublevel-menu\" /> 	    	\r\n\r\n</xsl:template>\r\n\r\n\r\n<xsl:template match=\"sublevel-menu\">\r\n   <xsl:variable name=\"index_sous_menu\">\r\n         <xsl:number level=\"single\" value=\"position()\" />\r\n   </xsl:variable>\r\n		 <ul >\r\n			<li>\r\n<!--	<span> -->\r\n				<a href=\"{$site-path}?page_id={page-id}\" target=\"_top\">\r\n					<xsl:value-of select=\"page-name\" />\r\n				</a>\r\n			</li>			\r\n		</ul>\r\n	<!--</span>	-->\r\n		\r\n   \r\n</xsl:template>\r\n\r\n</xsl:stylesheet>\r\n'),(279,'Plan du Site module d\'Administration','admin_site_map_admin.xsl','<?xml version=\"1.0\"?>\r\n<xsl:stylesheet version=\"1.0\" xmlns:xsl=\"http://www.w3.org/1999/XSL/Transform\">\r\n<xsl:param name=\"site-path\" select=\"site-path\" />\r\n<xsl:variable name=\"current-page-id\" select=\"current-page-id\" />\r\n\r\n<xsl:template match=\"page[page-level=0]\"> \r\n	<div id=\"tree\" class=\"jstree-default\">\r\n		<a href=\"{$site-path}?page_id={page-id}\" title=\"{page-description}\" >\r\n			<xsl:value-of select=\"page-name\" />\r\n			<xsl:if test=\"not(string(page-role)=\'none\')\"> \r\n				<strong><xsl:text disable-output-escaping=\"yes\">- #i18n{portal.site.admin_page.tabAdminMapRoleReserved}</xsl:text>\r\n				<xsl:value-of select=\"page-role\" /></strong>\r\n			</xsl:if>            \r\n		</a>\r\n		<ul>\r\n			<xsl:apply-templates select=\"child-pages-list\" />\r\n		</ul>\r\n	</div>\r\n</xsl:template>\r\n    \r\n<xsl:template match=\"page[page-level>0]\" >\r\n	<xsl:variable name=\"index\" select=\"page-id\" />\r\n	<xsl:variable name=\"description\" select=\"page-description\" />\r\n	\r\n	<li id=\"node-{$index}\">\r\n		<a href=\"{$site-path}?page_id={page-id}\" title=\"{$description}\">\r\n		<xsl:value-of select=\"page-name\" />\r\n			<xsl:if test=\"not(string(page-role)=\'none\')\">\r\n				<strong>\r\n				  <xsl:text disable-output-escaping=\"yes\">#i18n{portal.site.admin_page.tabAdminMapRoleReserved}</xsl:text><xsl:value-of select=\"page-role\" />\r\n				</strong>\r\n			</xsl:if>\r\n		</a>\r\n		<xsl:choose>\r\n			<xsl:when test=\"count(child-pages-list/*)>0\">\r\n				<ul>\r\n				   <xsl:apply-templates select=\"child-pages-list\" />\r\n				</ul>\r\n			</xsl:when>\r\n		   <xsl:otherwise>\r\n				<xsl:apply-templates select=\"child-pages-list\" />\r\n		   </xsl:otherwise>\r\n		</xsl:choose>\r\n	</li>\r\n</xsl:template>\r\n    \r\n<xsl:template match=\"child-pages-list\">\r\n	<xsl:apply-templates select=\"page\" />\r\n</xsl:template>\r\n    \r\n</xsl:stylesheet>\r\n'),(297,'Rubrique Liste de Documents - Type Acteur','portlet_document_actor_list.xsl','<?xml version=\"1.0\"?>\r\n<xsl:stylesheet version=\"1.0\" xmlns:xsl=\"http://www.w3.org/1999/XSL/Transform\">\r\n\r\n<xsl:param name=\"site-path\" select=\"site-path\" />\r\n<xsl:variable name=\"portlet-id\" select=\"portlet/portlet-id\" />\r\n\r\n<xsl:template match=\"portlet\">\r\n	<xsl:variable name=\"device_class\">\r\n	<xsl:choose>\r\n		<xsl:when test=\"string(display-on-small-device)=\'0\'\">hidden-xs</xsl:when>\r\n		<xsl:when test=\"string(display-on-normal-device)=\'0\'\">hidden-sm</xsl:when>\r\n		<xsl:when test=\"string(display-on-large-device)=\'0\'\">hidden-md</xsl:when>\r\n		<xsl:when test=\"string(display-on-xlarge-device)=\'0\'\">hidden-lg</xsl:when>\r\n		<xsl:otherwise></xsl:otherwise>\r\n	</xsl:choose>\r\n	</xsl:variable>\r\n	<div class=\"{$device_class}\" >\r\n        <xsl:if test=\"not(string(display-portlet-title)=\'1\')\">\r\n			<h3 class=\"\">\r\n				<xsl:value-of disable-output-escaping=\"yes\" select=\"portlet-name\" />\r\n			</h3>\r\n        </xsl:if>\r\n		<div class=\"\" >\r\n		     <ul>        \r\n                 <xsl:apply-templates select=\"document-list-portlet/document\" />	\r\n            </ul>  \r\n		</div>            	\r\n	</div>\r\n</xsl:template>\r\n\r\n\r\n<xsl:template match=\"document\">      \r\n    <li style=\"list-style:none;\"> \r\n        <xsl:if test=\"not(string(document-xml-content)=\'null\')\">\r\n             <table width=\"90%\" summary=\"document\"> \r\n                 <tr>\r\n                     <td  width=\"65%\">   \r\n                         <a href=\"{$site-path}?document_id={document-id}&#38;portlet_id={$portlet-id}\" target=\"_top\">      \r\n                             <xsl:value-of disable-output-escaping=\"yes\" select=\"document-xml-content/actor/actor-firstname\" />&#160;<xsl:value-of disable-output-escaping=\"yes\" select=\"document-xml-content/actor/actor-lastname\" />\r\n\r\n                         </a>\r\n						<xsl:if test=\"(string(resource-is-votable)=\'1\')\">\r\n							<br />\r\n				        	<xsl:variable name=\"resource-score\" select=\"resource-score\" />\r\n	        				<img src=\"images/local/skin/plugins/rating/stars_{$resource-score}.png\" alt=\"Score\" title=\"Score\" />\r\n				        </xsl:if>   \r\n                         <xsl:if test=\"(string(is-download-stat)=\'1\')\">\r\n							<br />\r\n							#i18n{rating.resource_vote.labelDownloadCount} : <xsl:value-of select=\"resource-download-stat\" />\r\n						 </xsl:if>\r\n                    </td>\r\n                    <td  width=\"35%\">\r\n                        <xsl:apply-templates select=\"document-xml-content/actor/actor-photo/file-resource\" />\r\n                   </td>\r\n                </tr>    \r\n            </table> \r\n        </xsl:if>\r\n    </li>        \r\n</xsl:template>              \r\n	\r\n\r\n<xsl:template match=\"file-resource\">\r\n	<xsl:choose>\r\n		<xsl:when test=\"(resource-content-type=\'image/jpeg\' or resource-content-type=\'image/jpg\' or  resource-content-type=\'image/pjpeg\' or resource-content-type=\'image/gif\' or resource-content-type=\'image/png\')\" >\r\n			<img src=\"document?id={resource-document-id}&amp;id_attribute={resource-attribute-id}\" alt=\"\" align=\"right\" width=\"40\" height=\"40\"/>\r\n		</xsl:when>\r\n		<xsl:otherwise>\r\n             <a href=\"document?id={resource-document-id}&amp;id_attribute={resource-attribute-id}\"> \r\n			   <img src=\"images/local/skin/plugins/document/filetypes/file.png\" border=\"0\" alt=\"\" align=\"right\" width=\"40\" height=\"40\"/>\r\n             </a>\r\n		</xsl:otherwise>        \r\n	</xsl:choose>\r\n</xsl:template>\r\n\r\n</xsl:stylesheet>\r\n'),(298,'Rubrique Liste de Documents - Défaut','portlet_document_list.xsl','<?xml version=\"1.0\"?>\r\n<xsl:stylesheet version=\"1.0\" xmlns:xsl=\"http://www.w3.org/1999/XSL/Transform\">\r\n\r\n<xsl:param name=\"site-path\" select=\"site-path\" />\r\n<xsl:variable name=\"portlet-id\" select=\"portlet/portlet-id\" />\r\n    \r\n<xsl:template match=\"portlet\">\r\n\r\n	<xsl:variable name=\"device_class\">\r\n	<xsl:choose>\r\n		<xsl:when test=\"string(display-on-small-device)=\'0\'\">hidden-xs</xsl:when>\r\n		<xsl:when test=\"string(display-on-normal-device)=\'0\'\">hidden-sm</xsl:when>\r\n		<xsl:when test=\"string(display-on-large-device)=\'0\'\">hidden-md</xsl:when>\r\n		<xsl:when test=\"string(display-on-xlarge-device)=\'0\'\">hidden-lg</xsl:when>\r\n		<xsl:otherwise></xsl:otherwise>\r\n	</xsl:choose>\r\n	</xsl:variable>\r\n\r\n    <div class=\"portlet {$device_class}\">\r\n        <xsl:if test=\"not(string(display-portlet-title)=\'1\')\">\r\n            <h3>\r\n                <xsl:value-of disable-output-escaping=\"yes\" select=\"portlet-name\" />\r\n            </h3>\r\n        </xsl:if>\r\n		<div>\r\n            <xsl:apply-templates select=\"document-list-portlet\" />\r\n		</div>\r\n    </div>\r\n</xsl:template>\r\n\r\n<xsl:template match=\"document-list-portlet\">\r\n    <ul>\r\n        <xsl:apply-templates select=\"document\" />\r\n    </ul>\r\n</xsl:template>\r\n\r\n\r\n<xsl:template match=\"document\">\r\n    <li>\r\n        <a href=\"{$site-path}?document_id={document-id}&#38;portlet_id={$portlet-id}\" target=\"_top\">\r\n            <xsl:for-each select=\"descendant::*\">\r\n                <xsl:value-of select=\"document-title\" />\r\n           </xsl:for-each>\r\n		</a>          \r\n		<xsl:if test=\"(string(resource-is-votable)=\'1\')\">\r\n			<br />\r\n        	<xsl:variable name=\"resource-score\" select=\"resource-score\" />\r\n	        <img src=\"images/local/skin/plugins/rating/stars_{$resource-score}.png\" alt=\"Score\" title=\"Score\" />\r\n        </xsl:if>   \r\n           <br />\r\n            <xsl:for-each select=\"descendant::*\">\r\n                <xsl:value-of select=\"document-summary\" />\r\n            </xsl:for-each>\r\n            <br />\r\n            <xsl:if test=\"(string(document-is-commentable)=\'1\')\">\r\n                <img src=\"images/local/skin/plugins/document/nb_comments.png\" alt=\"Nombre de commentaires\" title=\"Nombre de commentaires\" align=\"middle\"/>&#160;<xsl:value-of select=\"document-comment-nb\" />      \r\n            </xsl:if>   \r\n    </li>\r\n</xsl:template>\r\n\r\n\r\n</xsl:stylesheet>\r\n\r\n'),(299,'Rubrique Liste de Documents - Type Brève','portlet_document_shortarticle_list.xsl','<?xml version=\"1.0\"?>\r\n<xsl:stylesheet version=\"1.0\"\r\n	xmlns:xsl=\"http://www.w3.org/1999/XSL/Transform\">\r\n\r\n	<xsl:param name=\"site-path\" select=\"site-path\" />\r\n	<xsl:param name=\"page-id\" select=\"page-id\" />\r\n	<xsl:variable name=\"portlet-id\" select=\"portlet/portlet-id\" />\r\n\r\n	<xsl:template match=\"portlet\">\r\n	\r\n	<xsl:variable name=\"device_class\">\r\n	<xsl:choose>\r\n		<xsl:when test=\"string(display-on-small-device)=\'0\'\">hidden-xs</xsl:when>\r\n		<xsl:when test=\"string(display-on-normal-device)=\'0\'\">hidden-sm</xsl:when>\r\n		<xsl:when test=\"string(display-on-large-device)=\'0\'\">hidden-md</xsl:when>\r\n		<xsl:when test=\"string(display-on-xlarge-device)=\'0\'\">hidden-lg</xsl:when>\r\n		<xsl:otherwise></xsl:otherwise>\r\n	</xsl:choose>\r\n	</xsl:variable>\r\n	\r\n		<div class=\"portlet {$device_class}\">\r\n			<xsl:if test=\"not(string(display-portlet-title)=\'1\')\">\r\n				<h3 id=\"article_{$portlet-id}\">\r\n					<xsl:value-of disable-output-escaping=\"yes\" select=\"portlet-name\" />\r\n				</h3>\r\n				<br />\r\n			</xsl:if>\r\n			<xsl:apply-templates select=\"document-list-portlet/document\" />\r\n			<xsl:text disable-output-escaping=\"yes\">\r\n				<![CDATA[<div class=\"clear\">&#160;</div>]]>\r\n			</xsl:text>\r\n		</div>\r\n	</xsl:template>\r\n\r\n	<xsl:template match=\"document\">\r\n		<xsl:if test=\"not(string(document-xml-content)=\'null\')\">\r\n			<div class=\"col-md-6\">\r\n				<a\r\n					href=\"{$site-path}?document_id={document-id}&#38;portlet_id={$portlet-id}\"\r\n					target=\"_top\">\r\n					<xsl:for-each select=\"descendant::*\">\r\n						<xsl:value-of select=\"document-title\" />\r\n					</xsl:for-each>\r\n				</a>\r\n				<xsl:if test=\"(string(resource-is-votable)=\'1\')\">\r\n					<br />\r\n		        	<xsl:variable name=\"resource-score\" select=\"resource-score\" />\r\n	        		<img src=\"images/local/skin/plugins/rating/stars_{$resource-score}.png\" alt=\"Score\" title=\"Score\" />\r\n		        </xsl:if>   \r\n				<xsl:if test=\"(string(is-download-stat)=\'1\')\">\r\n					<br />\r\n					#i18n{rating.resource_vote.labelDownloadCount} : <xsl:value-of select=\"resource-download-stat\" />\r\n				</xsl:if>\r\n				<br />\r\n				<xsl:for-each select=\"descendant::*\">\r\n					<xsl:value-of select=\"document-summary\" />\r\n				</xsl:for-each>\r\n			</div>\r\n		</xsl:if>\r\n	</xsl:template>\r\n	\r\n</xsl:stylesheet>\r\n'),(300,'Rubrique Liste de Documents - Type Article','portlet_document_article_list.xsl','<?xml version=\"1.0\"?>\r\n<xsl:stylesheet version=\"1.0\"\r\n	xmlns:xsl=\"http://www.w3.org/1999/XSL/Transform\">\r\n\r\n	<xsl:param name=\"site-path\" select=\"site-path\" />\r\n	<xsl:param name=\"target\" select=\"target\" />\r\n	<xsl:param name=\"page-id\" select=\"page-id\" />\r\n	<xsl:variable name=\"portlet-id\" select=\"portlet/portlet-id\" />\r\n\r\n	<xsl:template match=\"portlet\">\r\n		<xsl:variable name=\"device_class\">\r\n		<xsl:choose>\r\n			<xsl:when test=\"string(display-on-small-device)=\'0\'\">hidden-xs</xsl:when>\r\n		<xsl:when test=\"string(display-on-normal-device)=\'0\'\">hidden-sm</xsl:when>\r\n		<xsl:when test=\"string(display-on-large-device)=\'0\'\">hidden-md</xsl:when>\r\n		<xsl:when test=\"string(display-on-xlarge-device)=\'0\'\">hidden-lg</xsl:when>\r\n			<xsl:otherwise></xsl:otherwise>\r\n		</xsl:choose>\r\n		</xsl:variable>\r\n	\r\n		<div class=\"portlet {$device_class}\">\r\n			<xsl:if test=\"not(string(display-portlet-title)=\'1\')\">\r\n				<h3 id=\"article_{$portlet-id}\"><xsl:value-of disable-output-escaping=\"yes\" select=\"portlet-name\" /></h3>\r\n			</xsl:if>\r\n			<xsl:apply-templates select=\"document-list-portlet/document\" />\r\n			<xsl:text disable-output-escaping=\"yes\">\r\n				<![CDATA[<div class=\"clearfix\">&#160;</div>]]>\r\n			</xsl:text>\r\n		</div>\r\n	</xsl:template>\r\n\r\n	<xsl:template match=\"document\">\r\n		<xsl:if test=\"not(string(document-xml-content)=\'null\')\">\r\n			<div class=\"col-md-6\">\r\n				<a href=\"{$site-path}?document_id={document-id}&#38;portlet_id={$portlet-id} {$target}\">\r\n					<xsl:for-each select=\"descendant::*\">\r\n						<xsl:value-of select=\"document-title\" />\r\n					</xsl:for-each>\r\n				</a>\r\n				<xsl:if test=\"(string(resource-is-votable)=\'1\')\">\r\n					<br />\r\n	        		<xsl:variable name=\"resource-score\" select=\"resource-score\" />\r\n	        		<img src=\"images/local/skin/plugins/rating/stars_{$resource-score}.png\" alt=\"Score\" title=\"Score\" />\r\n		        </xsl:if>   \r\n				<xsl:if test=\"(string(is-download-stat)=\'1\')\">\r\n					<br />\r\n					#i18n{rating.resource_vote.labelDownloadCount} : <xsl:value-of select=\"resource-download-stat\" />\r\n				</xsl:if>\r\n				<br />\r\n				<xsl:for-each select=\"descendant::*\">\r\n					<xsl:value-of select=\"document-summary\" />\r\n				</xsl:for-each>\r\n			</div>\r\n		</xsl:if>\r\n	</xsl:template>\r\n	\r\n</xsl:stylesheet>\r\n'),(301,'Rubrique Liste de Documents - Type Son','portlet_document_sound_list.xsl','<?xml version=\"1.0\"?>\r\n<xsl:stylesheet version=\"1.0\" xmlns:xsl=\"http://www.w3.org/1999/XSL/Transform\">\r\n\r\n<xsl:param name=\"site-path\" select=\"site-path\" />\r\n<xsl:variable name=\"portlet-id\" select=\"portlet/portlet-id\" />\r\n\r\n<xsl:template match=\"portlet\">\r\n\r\n	<xsl:variable name=\"device_class\">\r\n	<xsl:choose>\r\n		<xsl:when test=\"string(display-on-small-device)=\'0\'\">hidden-xs</xsl:when>\r\n		<xsl:when test=\"string(display-on-normal-device)=\'0\'\">hidden-sm</xsl:when>\r\n		<xsl:when test=\"string(display-on-large-device)=\'0\'\">hidden-md</xsl:when>\r\n		<xsl:when test=\"string(display-on-xlarge-device)=\'0\'\">hidden-lg</xsl:when>\r\n		<xsl:otherwise></xsl:otherwise>\r\n	</xsl:choose>\r\n	</xsl:variable>\r\n\r\n	<div class=\"portlet {$device_class}\">\r\n        <xsl:if test=\"not(string(display-portlet-title)=\'1\')\">\r\n			<h3><xsl:value-of disable-output-escaping=\"yes\" select=\"portlet-name\" /></h3>\r\n        </xsl:if>\r\n		<ul>\r\n     	    <xsl:apply-templates select=\"document-list-portlet/document\" />\r\n     	</ul>  \r\n	</div>\r\n</xsl:template>\r\n\r\n<xsl:template match=\"document\">      \r\n<xsl:if test=\"not(string(document-xml-content)=\'null\')\">\r\n    <li>\r\n        <a href=\"{$site-path}?document_id={document-id}&amp;portlet_id={$portlet-id}\" target=\"_top\">      \r\n             <xsl:value-of select=\"document-xml-content/sound/sound-title\" />   \r\n       </a>\r\n       	<xsl:if test=\"(string(resource-is-votable)=\'1\')\">\r\n			<br />\r\n        	<xsl:variable name=\"resource-score\" select=\"resource-score\" />\r\n	        <img src=\"images/local/skin/plugins/rating/stars_{$resource-score}.png\" alt=\"Score\" title=\"Score\" />\r\n        </xsl:if>   \r\n		<xsl:if test=\"(string(is-download-stat)=\'1\')\">\r\n			<br />\r\n			#i18n{rating.resource_vote.labelDownloadCount} : <xsl:value-of select=\"resource-download-stat\" />\r\n		</xsl:if>\r\n       <br />\r\n          <xsl:value-of select=\"document-xml-content/sound/sound-file\" />\r\n       <br />\r\n          <xsl:value-of select=\"document-xml-content/sound/sound-author\" />\r\n   </li>       \r\n</xsl:if>\r\n</xsl:template>\r\n\r\n</xsl:stylesheet>\r\n\r\n\r\n'),(304,'Rubrique Liste de Documents - Type Image','portlet_document_image_list.xsl','<?xml version=\"1.0\"?>\r\n<xsl:stylesheet version=\"1.0\" xmlns:xsl=\"http://www.w3.org/1999/XSL/Transform\">\r\n\r\n<xsl:param name=\"site-path\" select=\"site-path\" />\r\n<xsl:variable name=\"portlet-id\" select=\"portlet/portlet-id\" />\r\n\r\n<xsl:template match=\"portlet\">\r\n	<xsl:variable name=\"device_class\">\r\n	<xsl:choose>\r\n		<xsl:when test=\"string(display-on-small-device)=\'0\'\">hidden-xs</xsl:when>\r\n		<xsl:when test=\"string(display-on-normal-device)=\'0\'\">hidden-sm</xsl:when>\r\n		<xsl:when test=\"string(display-on-large-device)=\'0\'\">hidden-md</xsl:when>\r\n		<xsl:when test=\"string(display-on-xlarge-device)=\'0\'\">hidden-lg</xsl:when>\r\n		<xsl:otherwise></xsl:otherwise>\r\n	</xsl:choose>\r\n	</xsl:variable>\r\n\r\n	<div class=\"portlet {$device_class}\">\r\n        <xsl:if test=\"not(string(display-portlet-title)=\'1\')\">\r\n			<h3>\r\n				<xsl:value-of disable-output-escaping=\"yes\" select=\"portlet-name\" />\r\n			</h3>\r\n        </xsl:if>\r\n		<div>\r\n		     <ul class=\"unstyled\">        \r\n                 <xsl:apply-templates select=\"document-list-portlet/document\" />	\r\n            </ul>  \r\n		</div>            	\r\n	</div>\r\n</xsl:template>\r\n\r\n\r\n<xsl:template match=\"document\">      \r\n    <li> \r\n        <xsl:if test=\"not(string(document-xml-content)=\'null\')\">\r\n            <a href=\"{$site-path}?document_id={document-id}&#38;portlet_id={$portlet-id}\" target=\"_top\">      \r\n                <xsl:apply-templates select=\"document-xml-content/image/image-file/file-resource\" />\r\n            </a>\r\n            <xsl:if test=\"(string(resource-is-votable)=\'1\')\">\r\n				<br />\r\n	        	<xsl:variable name=\"resource-score\" select=\"resource-score\" />\r\n	        	<img src=\"images/local/skin/plugins/rating/stars_{$resource-score}.png\" alt=\"Score\" title=\"Score\" />\r\n        	</xsl:if>   \r\n            <xsl:if test=\"(string(is-download-stat)=\'1\')\">\r\n				<br />\r\n				#i18n{rating.resource_vote.labelDownloadCount} : <xsl:value-of select=\"resource-download-stat\" />\r\n			</xsl:if>\r\n            <br />           \r\n                <xsl:value-of disable-output-escaping=\"yes\" select=\"document-xml-content/image/image-description\" />\r\n            <br />\r\n                <xsl:value-of disable-output-escaping=\"yes\" select=\"document-xml-content/image/image-credits\" />\r\n            <br />\r\n        </xsl:if>\r\n    </li>        \r\n</xsl:template>              \r\n	\r\n\r\n<xsl:template match=\"file-resource\">\r\n	<xsl:choose>\r\n		<xsl:when test=\"(resource-content-type=\'image/jpeg\' or resource-content-type=\'image/jpg\' or  resource-content-type=\'image/pjpeg\' or resource-content-type=\'image/gif\' or resource-content-type=\'image/png\')\">\r\n			<img src=\"document?id={resource-document-id}&amp;id_attribute={resource-attribute-id}\" alt=\"\" class=\"img-rounded\" width=\"120\" height=\"120\"/>\r\n		</xsl:when>\r\n		<xsl:otherwise>\r\n             <a href=\"document?id={resource-document-id}&amp;id_attribute={resource-attribute-id}\"> \r\n			   <img src=\"images/admin/skin/plugins/document/filetypes/file.png\" class=\"img-rounded\" alt=\"\" width=\"120\" height=\"120\"/>\r\n             </a>\r\n		</xsl:otherwise>        \r\n	</xsl:choose>\r\n</xsl:template>\r\n\r\n</xsl:stylesheet>\r\n'),(305,'Rubrique Liste de Documents - Type Article Extend','portlet_document_article_list_extend.xsl','<?xml version=\"1.0\"?>\r\n<xsl:stylesheet version=\"1.0\"\r\n	xmlns:xsl=\"http://www.w3.org/1999/XSL/Transform\">\r\n\r\n	<xsl:param name=\"site-path\" select=\"site-path\" />\r\n	<xsl:param name=\"target\" select=\"target\" />\r\n	<xsl:param name=\"page-id\" select=\"page-id\" />\r\n	<xsl:variable name=\"portlet-id\" select=\"portlet/portlet-id\" />\r\n\r\n	<xsl:template match=\"portlet\">\r\n	<xsl:variable name=\"device_class\">\r\n	<xsl:choose>\r\n		<xsl:when test=\"string(display-on-small-device)=\'0\'\">hidden-xs</xsl:when>\r\n		<xsl:when test=\"string(display-on-normal-device)=\'0\'\">hidden-sm</xsl:when>\r\n		<xsl:when test=\"string(display-on-large-device)=\'0\'\">hidden-md</xsl:when>\r\n		<xsl:when test=\"string(display-on-xlarge-device)=\'0\'\">hidden-lg</xsl:when>\r\n		<xsl:otherwise></xsl:otherwise>\r\n	</xsl:choose>\r\n	</xsl:variable>\r\n	\r\n		<div class=\"portlet {$device_class}\">\r\n			<xsl:if test=\"not(string(display-portlet-title)=\'1\')\">\r\n				<h3 id=\"article_{$portlet-id}\">\r\n					<xsl:value-of disable-output-escaping=\"yes\" select=\"portlet-name\" />\r\n				</h3><br />\r\n			</xsl:if>\r\n			<xsl:apply-templates select=\"document-list-portlet/document\" />\r\n			<xsl:text disable-output-escaping=\"yes\">\r\n				<![CDATA[<div class=\"clear\">&#160;</div>]]>\r\n			</xsl:text>\r\n		</div>\r\n	</xsl:template>\r\n\r\n	<xsl:template match=\"document\">\r\n		<xsl:if test=\"not(string(document-xml-content)=\'null\')\">\r\n			<div class=\"col-md-6 portlet\">\r\n				<a\r\n					href=\"{$site-path}?document_id={document-id}&#38;portlet_id={$portlet-id} {$target}\">\r\n					<xsl:for-each select=\"descendant::*\">\r\n						<xsl:value-of select=\"document-title\" />\r\n					</xsl:for-each>\r\n				</a>\r\n                <br />\r\n                <xsl:for-each select=\"descendant::*\">\r\n                    <xsl:value-of select=\"document-summary\" />\r\n                </xsl:for-each>\r\n				<xsl:if test=\"document-rating\">\r\n					<br />\r\n	        		<img src=\"images/local/skin/plugins/extend/modules/rating/stars_{document-rating}.png\" alt=\"Score\" title=\"Score\" />\r\n	        		(<xsl:value-of select=\"document-number-rating\" />)\r\n		        </xsl:if>   \r\n                <xsl:if test=\"document-number-comment\">\r\n                    <br />\r\n                    <xsl:value-of select=\"document-number-comment\" /> commentaires\r\n                </xsl:if>   \r\n				<xsl:if test=\"document-number-hits\">\r\n					<br />\r\n                    <xsl:value-of select=\"document-number-hits\" /> vues\r\n				</xsl:if>\r\n			</div>\r\n		</xsl:if>\r\n	</xsl:template>\r\n	\r\n</xsl:stylesheet>\r\n'),(306,'Rubrique Liste de Documents - Type PDF Extend','portlet_document_pdf_list_extend.xsl','<?xml version=\"1.0\"?>\r\n<xsl:stylesheet version=\"1.0\" xmlns:xsl=\"http://www.w3.org/1999/XSL/Transform\">\r\n\r\n<xsl:param name=\"site-path\" select=\"site-path\" />\r\n<xsl:variable name=\"portlet-id\" select=\"portlet/portlet-id\" />\r\n\r\n<xsl:template match=\"portlet\">\r\n\r\n	<xsl:variable name=\"device_class\">\r\n	<xsl:choose>\r\n		<xsl:when test=\"string(display-on-small-device)=\'0\'\">hidden-xs</xsl:when>\r\n		<xsl:when test=\"string(display-on-normal-device)=\'0\'\">hidden-sm</xsl:when>\r\n		<xsl:when test=\"string(display-on-large-device)=\'0\'\">hidden-md</xsl:when>\r\n		<xsl:when test=\"string(display-on-xlarge-device)=\'0\'\">hidden-lg</xsl:when>\r\n		<xsl:otherwise></xsl:otherwise>\r\n	</xsl:choose>\r\n	</xsl:variable>\r\n\r\n	<div class=\"{$device_class}\" >\r\n        <xsl:if test=\"not(string(display-portlet-title)=\'1\')\">\r\n			<h3 class=\"\">\r\n				<xsl:value-of disable-output-escaping=\"yes\" select=\"portlet-name\" />\r\n			</h3>\r\n        </xsl:if>\r\n		<div class=\"\" >\r\n		     <ul>\r\n         	    <xsl:apply-templates select=\"document-list-portlet/document\" />\r\n             </ul>  \r\n		</div>\r\n	</div>\r\n</xsl:template>\r\n\r\n\r\n<xsl:template match=\"document\">      \r\n<xsl:if test=\"not(string(document-xml-content)=\'null\')\">\r\n    <li>\r\n        <a href=\"document?id={document-id}&amp;id_attribute=48\" target=\"_blank\">      \r\n        	<xsl:for-each select=\"descendant::*\">\r\n                <xsl:apply-templates select=\"file-resource\" />\r\n           </xsl:for-each>  \r\n          	<xsl:for-each select=\"descendant::*\">\r\n                <xsl:value-of select=\"document-title\" />\r\n           </xsl:for-each>  \r\n        </a>\r\n        <br />\r\n        <xsl:for-each select=\"descendant::*\">\r\n            <xsl:value-of select=\"document-summary\" />\r\n        </xsl:for-each>\r\n                <xsl:if test=\"document-rating\">\r\n                    <br />\r\n                    <img src=\"images/local/skin/plugins/extend/modules/rating/stars_{document-rating}.png\" alt=\"Score\" title=\"Score\" />\r\n                    (<xsl:value-of select=\"document-number-rating\" />)\r\n                </xsl:if>   \r\n                <xsl:if test=\"document-number-comment\">\r\n                    <br />\r\n                    <xsl:value-of select=\"document-number-comment\" /> commentaires\r\n                </xsl:if>   \r\n                <xsl:if test=\"document-number-hits\">\r\n                    <br />\r\n                    <xsl:value-of select=\"document-number-hits\" /> vues\r\n                </xsl:if>\r\n    </li>	\r\n</xsl:if>\r\n</xsl:template>              \r\n\r\n<xsl:template match=\"file-resource\">\r\n	<xsl:choose>\r\n		<xsl:when test=\"(resource-content-type=\'application/pdf\')\" >\r\n			<img src=\"images/local/skin/plugins/document/filetypes/pdf.png\" border=\"0\" alt=\"\" width=\"32\" height=\"32\" />\r\n		</xsl:when>\r\n\r\n		<xsl:otherwise>\r\n		   <img src=\"images/local/skin/plugins/document/filetypes/file.png\" border=\"0\" alt=\"\" width=\"32\" height=\"32\"/>\r\n		</xsl:otherwise>        \r\n	</xsl:choose>\r\n	</xsl:template>\r\n</xsl:stylesheet>\r\n\r\n'),(403,'Rubrique Document simple - Type Acteur','portlet_document_actor.xsl','<?xml version=\"1.0\"?>\r\n<xsl:stylesheet version=\"1.0\" xmlns:xsl=\"http://www.w3.org/1999/XSL/Transform\">\r\n\r\n<xsl:param name=\"site-path\" select=\"site-path\" />\r\n<xsl:variable name=\"portlet-id\" select=\"portlet/portlet-id\" />\r\n\r\n<xsl:template match=\"portlet\">\r\n\r\n	<xsl:variable name=\"device_class\">\r\n	<xsl:choose>\r\n		<xsl:when test=\"string(display-on-small-device)=\'0\'\">hidden-xs</xsl:when>\r\n		<xsl:when test=\"string(display-on-normal-device)=\'0\'\">hidden-sm</xsl:when>\r\n		<xsl:when test=\"string(display-on-large-device)=\'0\'\">hidden-md</xsl:when>\r\n		<xsl:when test=\"string(display-on-xlarge-device)=\'0\'\">hidden-lg</xsl:when>\r\n		<xsl:otherwise></xsl:otherwise>\r\n	</xsl:choose>\r\n	</xsl:variable>\r\n\r\n	<div class=\"portlet {$device_class}\">\r\n        <xsl:if test=\"not(string(display-portlet-title)=\'1\')\">\r\n			<h3>\r\n				<xsl:value-of disable-output-escaping=\"yes\" select=\"portlet-name\" />\r\n			</h3>\r\n        </xsl:if>\r\n		<div>\r\n		     <ul>        \r\n                 <xsl:apply-templates select=\"document-portlet/document\" />	\r\n            </ul>  \r\n		</div>            	\r\n	</div>\r\n</xsl:template>\r\n\r\n\r\n<xsl:template match=\"document\">      \r\n    <li style=\"list-style:none;\"> \r\n        <xsl:if test=\"not(string(document-xml-content)=\'null\')\">\r\n             <table width=\"90%\" summary=\"document\"> \r\n                 <tr>\r\n                     <td  width=\"65%\">   \r\n                         <a href=\"{$site-path}?document_id={document-id}&#38;portlet_id={$portlet-id}\" target=\"_top\">      \r\n                             <xsl:value-of disable-output-escaping=\"yes\" select=\"document-xml-content/actor/actor-firstname\" />&#160;<xsl:value-of disable-output-escaping=\"yes\" select=\"document-xml-content/actor/actor-lastname\" />\r\n\r\n                         </a>\r\n						<xsl:if test=\"(string(resource-is-votable)=\'1\')\">\r\n							<br />\r\n				        	<xsl:variable name=\"resource-score\" select=\"resource-score\" />\r\n	        				<img src=\"images/local/skin/plugins/rating/stars_{$resource-score}.png\" alt=\"Score\" title=\"Score\" />\r\n				        </xsl:if>   \r\n                         <xsl:if test=\"(string(is-download-stat)=\'1\')\">\r\n							<br />\r\n							#i18n{rating.resource_vote.labelDownloadCount} : <xsl:value-of select=\"resource-download-stat\" />\r\n						 </xsl:if>\r\n                    </td>\r\n                    <td  width=\"35%\">\r\n                        <xsl:apply-templates select=\"document-xml-content/actor/actor-photo/file-resource\" />\r\n                   </td>\r\n                </tr>    \r\n            </table> \r\n        </xsl:if>\r\n    </li>        \r\n</xsl:template>              \r\n	\r\n\r\n<xsl:template match=\"file-resource\">\r\n	<xsl:choose>\r\n		<xsl:when test=\"(resource-content-type=\'image/jpeg\' or resource-content-type=\'image/jpg\' or  resource-content-type=\'image/pjpeg\' or resource-content-type=\'image/gif\' or resource-content-type=\'image/png\')\">\r\n			<img src=\"document?id={resource-document-id}&amp;id_attribute={resource-attribute-id}\" alt=\"\" align=\"right\" width=\"40\" height=\"40\"/>\r\n		</xsl:when>\r\n		<xsl:otherwise>\r\n             <a href=\"document?id={resource-document-id}&amp;id_attribute={resource-attribute-id}\"> \r\n			   <img src=\"images/admin/skin/plugins/document/filetypes/file.png\" border=\"0\" alt=\"\" align=\"right\" width=\"40\" height=\"40\"/>\r\n             </a>\r\n		</xsl:otherwise>        \r\n	</xsl:choose>\r\n</xsl:template>\r\n\r\n</xsl:stylesheet>\r\n'),(408,'Rubrique Document simple - Type Pdf','portlet_document_pdf.xsl','<?xml version=\"1.0\"?>\r\n<xsl:stylesheet version=\"1.0\"\r\n	xmlns:xsl=\"http://www.w3.org/1999/XSL/Transform\">\r\n\r\n	<xsl:param name=\"site-path\" select=\"site-path\" />\r\n	<xsl:variable name=\"portlet-id\" select=\"portlet/portlet-id\" />\r\n\r\n	<xsl:template match=\"portlet\">\r\n	\r\n	<xsl:variable name=\"device_class\">\r\n	<xsl:choose>\r\n		<xsl:when test=\"string(display-on-small-device)=\'0\'\">hidden-xs</xsl:when>\r\n			<xsl:when test=\"string(display-on-normal-device)=\'0\'\">hidden-sm</xsl:when>\r\n			<xsl:when test=\"string(display-on-large-device)=\'0\'\">hidden-md</xsl:when>\r\n			<xsl:when test=\"string(display-on-xlarge-device)=\'0\'\">hidden-lg</xsl:when>\r\n		<xsl:otherwise></xsl:otherwise>\r\n	</xsl:choose>\r\n	</xsl:variable>\r\n\r\n		<div class=\"{$device_class}\">\r\n			<xsl:if test=\"not(string(display-portlet-title)=\'1\')\">\r\n				<h3>\r\n					<xsl:value-of disable-output-escaping=\"yes\"\r\n						select=\"portlet-name\" />\r\n				</h3>\r\n			</xsl:if>\r\n\r\n			<xsl:apply-templates select=\"document-portlet/document\" />\r\n			<xsl:if test=\"string(document-portlet/document)=\'\'\">\r\n				<xsl:text disable-output-escaping=\"yes\">\r\n					&amp;nbsp;\r\n				</xsl:text>\r\n			</xsl:if>\r\n\r\n		</div>\r\n	</xsl:template>\r\n\r\n	<xsl:template match=\"document\">\r\n		<div class=\"\">\r\n			<xsl:output method=\"html\" indent=\"yes\" />\r\n			<xsl:if test=\"not(string(document-xml-content)=\'null\')\">\r\n				<xsl:apply-templates select=\"document-xml-content/pdf\" />\r\n			</xsl:if>\r\n		</div>\r\n	</xsl:template>\r\n\r\n	<xsl:template match=\"pdf\">\r\n		<p>\r\n			<strong>\r\n				<xsl:value-of select=\"document-title\" />\r\n			</strong>\r\n		</p>\r\n		<p>\r\n			<xsl:value-of disable-output-escaping=\"yes\"\r\n				select=\"document-summary\" />\r\n		</p>\r\n		<p>\r\n			<xsl:choose>\r\n				<xsl:when test=\"pdf-file/file-resource!=\'\'\">\r\n					<a\r\n						href=\"document?id={pdf-file/file-resource/resource-document-id}&amp;id_attribute={pdf-file/file-resource/resource-attribute-id}\">\r\n						<img\r\n							src=\"images/local/skin/plugins/document/filetypes/pdf.png\" />\r\n					</a>\r\n				</xsl:when>\r\n				<xsl:otherwise></xsl:otherwise>\r\n			</xsl:choose>\r\n		</p>\r\n	</xsl:template>\r\n</xsl:stylesheet>\r\n\r\n'),(409,'Rubrique Document simple - Type Son','portlet_document_sound.xsl','<?xml version=\"1.0\"?>\r\n<xsl:stylesheet version=\"1.0\"\r\n	xmlns:xsl=\"http://www.w3.org/1999/XSL/Transform\">\r\n\r\n	<xsl:param name=\"site-path\" select=\"site-path\" />\r\n	<xsl:variable name=\"portlet-id\" select=\"portlet/portlet-id\" />\r\n\r\n	<xsl:template match=\"portlet\">\r\n	\r\n	<xsl:variable name=\"device_class\">\r\n	<xsl:choose>\r\n		<xsl:when test=\"string(display-on-small-device)=\'0\'\">hidden-phone</xsl:when>\r\n		<xsl:when test=\"string(display-on-normal-device)=\'0\'\">hidden-tablet</xsl:when>\r\n		<xsl:when test=\"string(display-on-large-device)=\'0\'\">hidden-desktop</xsl:when>\r\n		<xsl:otherwise></xsl:otherwise>\r\n	</xsl:choose>\r\n	</xsl:variable>\r\n\r\n	<div class=\"portlet {$device_class}\">\r\n			<xsl:if test=\"not(string(display-portlet-title)=\'1\')\">\r\n				<h3><xsl:value-of disable-output-escaping=\"yes\" select=\"portlet-name\" /></h3>\r\n			</xsl:if>\r\n			<xsl:apply-templates select=\"document-portlet/document\" />\r\n			<xsl:if test=\"string(document-portlet/document)=\'\'\">\r\n				<xsl:text disable-output-escaping=\"yes\">\r\n					&amp;nbsp;\r\n				</xsl:text>\r\n			</xsl:if>\r\n\r\n		</div>\r\n	</xsl:template>\r\n\r\n	<xsl:template match=\"document\">\r\n		<div class=\"portlet-background-content -lutece-border-radius-bottom\">\r\n			<xsl:output method=\"html\" indent=\"yes\" />\r\n			<xsl:if test=\"not(string(document-xml-content)=\'null\')\">\r\n				<xsl:apply-templates\r\n					select=\"document-xml-content/sound\" />\r\n			</xsl:if>\r\n		</div>\r\n	</xsl:template>\r\n\r\n	<xsl:template match=\"sound\">\r\n		<p><strong><xsl:value-of select=\"document-title\" /></strong></p>\r\n		<p><xsl:value-of disable-output-escaping=\"yes\" select=\"document-summary\" /></p>\r\n		<p>\r\n		<xsl:choose>\r\n			<xsl:when test=\"sound-file/file-resource!=\'\'\">\r\n				<a href=\"document?id={sound-file/file-resource/resource-document-id}&amp;id_attribute={sound-file/file-resource/resource-attribute-id}\">\r\n					<img src=\"images/admin/skin/plugins/document/filetypes/audio.png\" />\r\n				</a>\r\n			</xsl:when>\r\n			<xsl:otherwise></xsl:otherwise>\r\n		</xsl:choose>\r\n		</p>\r\n		<p>	<xsl:value-of disable-output-escaping=\"yes\" select=\"sound-author\" /></p>\r\n	</xsl:template>\r\n</xsl:stylesheet>\r\n\r\n'),(504,'Rubrique Document simple - Type Brève','portlet_document_shortarticle.xsl','<?xml version=\"1.0\"?>\r\n<xsl:stylesheet version=\"1.0\" xmlns:xsl=\"http://www.w3.org/1999/XSL/Transform\">\r\n\r\n	<xsl:param name=\"site-path\" select=\"site-path\" />\r\n	<xsl:variable name=\"portlet-id\" select=\"portlet/portlet-id\" />\r\n\r\n	<xsl:template match=\"portlet\">\r\n	\r\n		<xsl:variable name=\"device_class\">\r\n		<xsl:choose>\r\n			<xsl:when test=\"string(display-on-small-device)=\'0\'\">hidden-xs</xsl:when>\r\n			<xsl:when test=\"string(display-on-normal-device)=\'0\'\">hidden-sm</xsl:when>\r\n			<xsl:when test=\"string(display-on-large-device)=\'0\'\">hidden-md</xsl:when>\r\n			<xsl:when test=\"string(display-on-xlarge-device)=\'0\'\">hidden-lg</xsl:when>\r\n			<xsl:otherwise></xsl:otherwise>\r\n		</xsl:choose>\r\n		</xsl:variable>\r\n\r\n		<div class=\"portlet {$device_class}\">\r\n			<xsl:if test=\"not(string(display-portlet-title)=\'1\')\">\r\n				<h3>\r\n					<xsl:value-of disable-output-escaping=\"yes\"\r\n						select=\"portlet-name\" />\r\n				</h3>\r\n			</xsl:if>\r\n\r\n			<xsl:apply-templates select=\"document-portlet/document\" />\r\n			<xsl:if test=\"string(document-portlet/document)=\'\'\">\r\n				<xsl:text disable-output-escaping=\"yes\">\r\n					&amp;nbsp;\r\n				</xsl:text>\r\n			</xsl:if>\r\n		</div>\r\n	</xsl:template>\r\n\r\n	<xsl:template match=\"document\">\r\n		<xsl:output method=\"html\" indent=\"yes\" />\r\n		<xsl:if test=\"not(string(document-xml-content)=\'null\')\">\r\n			<xsl:apply-templates select=\"document-xml-content/shortarticle\" />\r\n		</xsl:if>\r\n	</xsl:template>\r\n\r\n	<xsl:template match=\"shortarticle\">\r\n		<p><strong><xsl:value-of select=\"document-title\" /></strong></p>\r\n		<p><xsl:value-of disable-output-escaping=\"yes\"	select=\"document-summary\" /></p>\r\n	</xsl:template>\r\n</xsl:stylesheet>\r\n\r\n'),(505,'Rubrique Document simple - Type Article','portlet_document_article.xsl','<?xml version=\"1.0\"?>\r\n<xsl:stylesheet version=\"1.0\"\r\n	xmlns:xsl=\"http://www.w3.org/1999/XSL/Transform\">\r\n\r\n	<xsl:param name=\"site-path\" select=\"site-path\" />\r\n	<xsl:variable name=\"portlet-id\" select=\"portlet/portlet-id\" />\r\n\r\n	<xsl:template match=\"portlet\">\r\n	<xsl:variable name=\"device_class\">\r\n	<xsl:choose>\r\n		<xsl:when test=\"string(display-on-small-device)=\'0\'\">hidden-xs</xsl:when>\r\n		<xsl:when test=\"string(display-on-normal-device)=\'0\'\">hidden-sm</xsl:when>\r\n		<xsl:when test=\"string(display-on-large-device)=\'0\'\">hidden-md</xsl:when>\r\n		<xsl:when test=\"string(display-on-xlarge-device)=\'0\'\">hidden-lg</xsl:when>\r\n		<xsl:otherwise></xsl:otherwise>\r\n	</xsl:choose>\r\n	</xsl:variable>\r\n\r\n		<div class=\"{$device_class}\">\r\n			<xsl:if test=\"not(string(display-portlet-title)=\'1\')\">\r\n				<h3 class=\"\">\r\n					<xsl:value-of disable-output-escaping=\"yes\" select=\"portlet-name\" />\r\n				</h3>\r\n			</xsl:if>\r\n\r\n			<div class=\"portlet-content\">\r\n				<xsl:apply-templates select=\"document-portlet/document/document-xml-content/article\" />\r\n			</div>\r\n\r\n		</div>\r\n	</xsl:template>\r\n\r\n	<xsl:template match=\"article\">\r\n		<p>\r\n			<strong>\r\n				<xsl:value-of select=\"document-title\" />\r\n			</strong>\r\n		</p>\r\n		<p>\r\n			<xsl:choose>\r\n				<xsl:when test=\"article-attachment/file-resource!=\'\'\">\r\n					<xsl:apply-templates select=\"article-attachment/file-resource\" />\r\n				</xsl:when>\r\n				<xsl:otherwise></xsl:otherwise>\r\n			</xsl:choose>\r\n		</p>\r\n		<p>\r\n			<xsl:value-of disable-output-escaping=\"yes\" select=\"article-body\" />\r\n		</p>\r\n	</xsl:template>\r\n\r\n	<xsl:template match=\"file-resource\">\r\n		<xsl:choose>\r\n			<xsl:when\r\n				test=\"(resource-content-type=\'image/jpeg\' or resource-content-type=\'image/jpg\' or  resource-content-type=\'image/pjpeg\' or resource-content-type=\'image/gif\' or resource-content-type=\'image/png\')\">\r\n				<img\r\n					src=\"document?id={resource-document-id}&amp;id_attribute={resource-attribute-id}\"\r\n					align=\"right\" />\r\n			</xsl:when>\r\n			<xsl:otherwise>\r\n				<a\r\n					href=\"document?id={resource-document-id}&amp;id_attribute={resource-attribute-id}\">\r\n					<img\r\n						src=\"images/local/skin/plugins/document/filetypes/file.png\"\r\n						border=\"0\" />\r\n				</a>\r\n			</xsl:otherwise>\r\n		</xsl:choose>\r\n	</xsl:template>\r\n</xsl:stylesheet>\r\n'),(506,'Rubrique Document simple - Type Image','portlet_document_image.xsl','<?xml version=\"1.0\"?>\r\n<xsl:stylesheet version=\"1.0\"\r\n	xmlns:xsl=\"http://www.w3.org/1999/XSL/Transform\">\r\n\r\n	<xsl:param name=\"site-path\" select=\"site-path\" />\r\n	<xsl:variable name=\"portlet-id\" select=\"portlet/portlet-id\" />\r\n\r\n	<xsl:template match=\"portlet\">\r\n	<xsl:variable name=\"device_class\">\r\n	<xsl:choose>\r\n		<xsl:when test=\"string(display-on-small-device)=\'0\'\">hidden-xs</xsl:when>\r\n		<xsl:when test=\"string(display-on-normal-device)=\'0\'\">hidden-sm</xsl:when>\r\n		<xsl:when test=\"string(display-on-large-device)=\'0\'\">hidden-md</xsl:when>\r\n		<xsl:when test=\"string(display-on-xlarge-device)=\'0\'\">hidden-lg</xsl:when>\r\n		<xsl:otherwise></xsl:otherwise>\r\n	</xsl:choose>\r\n	</xsl:variable>\r\n\r\n		<div class=\"{$device_class}\">\r\n			<xsl:if test=\"not(string(display-portlet-title)=\'1\')\">\r\n				<h3 class=\"\">\r\n					<xsl:value-of disable-output-escaping=\"yes\" select=\"portlet-name\" />\r\n				</h3>\r\n			</xsl:if>\r\n\r\n			<xsl:apply-templates select=\"document-portlet/document\" />\r\n			<xsl:if test=\"string(document-portlet/document)=\'\'\">\r\n				<xsl:text disable-output-escaping=\"yes\">\r\n					&amp;nbsp;\r\n				</xsl:text>\r\n			</xsl:if>\r\n\r\n		</div>\r\n	</xsl:template>\r\n\r\n	<xsl:template match=\"document\">\r\n		<div class=\"\">\r\n			<xsl:output method=\"html\" indent=\"yes\" />\r\n			<xsl:if test=\"not(string(document-xml-content)=\'null\')\">\r\n				<xsl:apply-templates\r\n					select=\"document-xml-content/image\" />\r\n			</xsl:if>\r\n		</div>\r\n	</xsl:template>\r\n\r\n	<xsl:template match=\"image\">\r\n		<p>\r\n			<strong>\r\n				<xsl:value-of select=\"document-title\" />\r\n			</strong>\r\n		</p>\r\n		<p>\r\n			<xsl:value-of select=\"document-summary\" />\r\n		</p>\r\n		<xsl:choose>\r\n			<xsl:when test=\"image-file/file-resource!=\'\'\">\r\n				<img\r\n					src=\"document?id={image-file/file-resource/resource-document-id}&amp;id_attribute={image-file/file-resource/resource-attribute-id}\" />\r\n			</xsl:when>\r\n			<xsl:otherwise></xsl:otherwise>\r\n		</xsl:choose>\r\n\r\n		<p>\r\n			<em><xsl:value-of disable-output-escaping=\"yes\"\r\n				select=\"image-credits\" /></em>\r\n		</p>\r\n	</xsl:template>\r\n\r\n	<xsl:template match=\"file-resource\">\r\n		<xsl:choose>\r\n			<xsl:when\r\n				test=\"(resource-content-type=\'image/jpeg\' or resource-content-type=\'image/jpg\' or  resource-content-type=\'image/pjpeg\' or resource-content-type=\'image/gif\' or resource-content-type=\'image/png\')\">\r\n				<img\r\n					src=\"document?id={resource-document-id}&amp;id_attribute={resource-attribute-id}\"\r\n					align=\"right\" />\r\n			</xsl:when>\r\n			<xsl:otherwise>\r\n				<a\r\n					href=\"document?id={resource-document-id}&amp;id_attribute={resource-attribute-id}\">\r\n					<img\r\n						src=\"images/local/skin/plugins/document/filetypes/file.png\"\r\n						border=\"0\" />\r\n				</a>\r\n			</xsl:otherwise>\r\n		</xsl:choose>\r\n	</xsl:template>\r\n</xsl:stylesheet>\r\n\r\n'),(507,'Rubrique Document simple - Type Video','portlet_document_video.xsl','<?xml version=\"1.0\"?>\r\n<xsl:stylesheet version=\"1.0\"\r\n	xmlns:xsl=\"http://www.w3.org/1999/XSL/Transform\">\r\n\r\n	<xsl:param name=\"site-path\" select=\"site-path\" />\r\n	<xsl:variable name=\"portlet-id\" select=\"portlet/portlet-id\" />\r\n\r\n	<xsl:template match=\"portlet\">\r\n	\r\n	<xsl:variable name=\"device_class\">\r\n	<xsl:choose>\r\n		<xsl:when test=\"string(display-on-small-device)=\'0\'\">hidden-xs</xsl:when>\r\n		<xsl:when test=\"string(display-on-normal-device)=\'0\'\">hidden-sm</xsl:when>\r\n		<xsl:when test=\"string(display-on-large-device)=\'0\'\">hidden-md</xsl:when>\r\n		<xsl:when test=\"string(display-on-xlarge-device)=\'0\'\">hidden-lg</xsl:when>\r\n		<xsl:otherwise></xsl:otherwise>\r\n	</xsl:choose>\r\n	</xsl:variable>\r\n\r\n	<div class=\"{$device_class}\">\r\n		<xsl:if test=\"not(string(display-portlet-title)=\'1\')\">\r\n			<h3><xsl:value-of disable-output-escaping=\"yes\" select=\"portlet-name\" /></h3>\r\n		</xsl:if>\r\n		<xsl:apply-templates select=\"document-portlet/document\" />\r\n		<xsl:if test=\"string(document-portlet/document)=\'\'\">\r\n			<xsl:text disable-output-escaping=\"yes\">\r\n				&amp;nbsp;\r\n			</xsl:text>\r\n		</xsl:if>\r\n\r\n		</div>\r\n	</xsl:template>\r\n\r\n	<xsl:template match=\"document\">\r\n			<xsl:output method=\"html\" indent=\"yes\" />\r\n			<xsl:if test=\"not(string(document-xml-content)=\'null\')\">\r\n				<xsl:apply-templates select=\"document-xml-content/video\" />\r\n			</xsl:if>\r\n	</xsl:template>\r\n\r\n	<xsl:template match=\"video\">\r\n		<p><strong><xsl:value-of select=\"document-title\" /></strong></p>\r\n		<p><xsl:value-of disable-output-escaping=\"yes\" select=\"document-summary\" /></p>\r\n		<p>\r\n		<xsl:choose>\r\n			<xsl:when test=\"video-file/file-resource!=\'\'\">\r\n				<a href=\"document?id={video-file/file-resource/resource-document-id}&amp;id_attribute={video-file/file-resource/resource-attribute-id}\">\r\n					<img src=\"images/admin/skin/plugins/document/filetypes/video.png\" />\r\n				</a>\r\n			</xsl:when>\r\n			<xsl:otherwise></xsl:otherwise>\r\n		</xsl:choose>\r\n		</p>\r\n		<p><xsl:value-of disable-output-escaping=\"yes\" select=\"video-comments\" /></p>\r\n	</xsl:template>\r\n</xsl:stylesheet>\r\n\r\n'),(508,'Rubrique Liste de Documents - Type Flash','portlet_document_flash_list.xsl','<?xml version=\"1.0\"?>\r\n<xsl:stylesheet version=\"1.0\" xmlns:xsl=\"http://www.w3.org/1999/XSL/Transform\">\r\n\r\n<xsl:param name=\"site-path\" select=\"site-path\" />\r\n<xsl:variable name=\"portlet-id\" select=\"portlet/portlet-id\" />\r\n\r\n<xsl:template match=\"portlet\">\r\n	<xsl:variable name=\"device_class\">\r\n	<xsl:choose>\r\n		<xsl:when test=\"string(display-on-small-device)=\'0\'\">hidden-xs</xsl:when>\r\n		<xsl:when test=\"string(display-on-normal-device)=\'0\'\">hidden-sm</xsl:when>\r\n		<xsl:when test=\"string(display-on-large-device)=\'0\'\">hidden-md</xsl:when>\r\n		<xsl:when test=\"string(display-on-xlarge-device)=\'0\'\">hidden-lg</xsl:when>\r\n		<xsl:otherwise></xsl:otherwise>\r\n	</xsl:choose>\r\n	</xsl:variable>\r\n\r\n    <div class=\"portlet {$device_class}\">\r\n        <xsl:if test=\"not(string(display-portlet-title)=\'1\')\">\r\n            <h3>\r\n                <xsl:value-of disable-output-escaping=\"yes\" select=\"portlet-name\" />\r\n            </h3>\r\n        </xsl:if>\r\n	<div>\r\n            <ul>\r\n                <xsl:apply-templates select=\"document-list-portlet/document\" />\r\n            </ul>\r\n	</div>\r\n    </div>\r\n</xsl:template>\r\n\r\n<xsl:template match=\"document\">      \r\n<xsl:if test=\"not(string(document-xml-content)=\'null\')\">\r\n    <li>\r\n        <a href=\"{$site-path}?document_id={document-id}&#38;portlet_id={$portlet-id}\" target=\"_top\"> \r\n            <xsl:for-each select=\"descendant::*\">   \r\n                <xsl:value-of select=\"document-title\" />\r\n            </xsl:for-each>    \r\n        </a>\r\n		<xsl:if test=\"(string(resource-is-votable)=\'1\')\">\r\n			<br />\r\n        	<xsl:variable name=\"resource-score\" select=\"resource-score\" />\r\n	        <img src=\"images/local/skin/plugins/rating/stars_{$resource-score}.png\" alt=\"Score\" title=\"Score\" />\r\n        </xsl:if>   \r\n        <xsl:if test=\"(string(is-download-stat)=\'1\')\">\r\n			<br />\r\n			#i18n{rating.resource_vote.labelDownloadCount} : <xsl:value-of select=\"resource-download-stat\" />\r\n		</xsl:if>\r\n        <br />\r\n        <xsl:for-each select=\"descendant::*\">           \r\n            <xsl:value-of select=\"document-summary\" />                 \r\n        </xsl:for-each>  \r\n        <br />            \r\n        <xsl:if test=\"(string(document-is-commentable)=\'1\')\">\r\n            Nombre de commentaires : <xsl:value-of select=\"document-comment-nb\" />      \r\n        </xsl:if>   \r\n    </li>\r\n</xsl:if>\r\n</xsl:template>\r\n\r\n</xsl:stylesheet>\r\n\r\n'),(509,'Rubrique Document simple - Type Flash','portlet_document_flash.xsl','<?xml version=\"1.0\"?>\r\n<xsl:stylesheet version=\"1.0\"\r\n	xmlns:xsl=\"http://www.w3.org/1999/XSL/Transform\">\r\n\r\n	<xsl:param name=\"site-path\" select=\"site-path\" />\r\n	<xsl:variable name=\"portlet-id\" select=\"portlet/portlet-id\" />\r\n\r\n	<xsl:template match=\"portlet\">\r\n		<xsl:variable name=\"device_class\">\r\n		<xsl:choose>\r\n			<xsl:when test=\"string(display-on-small-device)=\'0\'\">hidden-xs</xsl:when>\r\n			<xsl:when test=\"string(display-on-normal-device)=\'0\'\">hidden-sm</xsl:when>\r\n			<xsl:when test=\"string(display-on-large-device)=\'0\'\">hidden-md</xsl:when>\r\n			<xsl:when test=\"string(display-on-xlarge-device)=\'0\'\">hidden-lg</xsl:when>\r\n			<xsl:otherwise></xsl:otherwise>\r\n		</xsl:choose>\r\n		</xsl:variable>\r\n\r\n		<div class=\"portlet {$device_class}\">\r\n			<xsl:if test=\"not(string(display-portlet-title)=\'1\')\">\r\n				<h3>\r\n					<xsl:value-of disable-output-escaping=\"yes\"\r\n						select=\"portlet-name\" />\r\n				</h3>\r\n			</xsl:if>\r\n			<xsl:apply-templates select=\"document-portlet/document\" />\r\n			<xsl:if test=\"string(document-portlet/document)=\'\'\">\r\n				<xsl:text disable-output-escaping=\"yes\">\r\n					&amp;nbsp;\r\n				</xsl:text>\r\n			</xsl:if>\r\n		</div>\r\n	</xsl:template>\r\n\r\n	<xsl:template match=\"document\">\r\n		<div>\r\n			<xsl:output method=\"html\" indent=\"yes\" />\r\n			<xsl:if test=\"not(string(document-xml-content)=\'null\')\">\r\n				<xsl:apply-templates\r\n					select=\"document-xml-content/flash\" />\r\n			</xsl:if>\r\n		</div>\r\n	</xsl:template>\r\n\r\n	<xsl:template match=\"flash\">\r\n		<h1><xsl:value-of select=\"document-title\" /></h1>\r\n		<p>\r\n			<xsl:value-of select=\"document-summary\" />\r\n		</p>\r\n		<p>\r\n			<xsl:choose>\r\n				<xsl:when test=\"(flash-object/file-resource/resource-content-type=\'application/x-shockwave-flash\')\">\r\n					<object \r\n						data=\"document?id={flash-object/file-resource/resource-document-id}&amp;id_attribute={flash-object/file-resource/resource-attribute-id}\" \r\n						type=\"application/x-shockwave-flash\" \r\n						width=\"{flash-width}\" \r\n						height=\"{flash-height}\"\r\n						align=\"{flash-align}\"\r\n						classid=\"clsid:D27CDB6E-AE6D-11cf-96B8-444553540000\"\r\n						codebase=\"http://download.macromedia.com/pub/shockwave/cabs/flash/swflash.cab#version=6,0,0,0\"\r\n					>\r\n						<param name=\"Autostart\" value=\"{flash-autostart}\" />\r\n						<param name=\"Quality\" value=\"{flash-quality}\" />\r\n						<param name=\"Loop\" value=\"{flash-loop}\" />\r\n						<param name=\"menu\" value=\"{flash-menu}\" />\r\n						<param name=\"allowScriptAccess\" value=\"samedomain\" />\r\n						<param name=\"movie\" value=\"document?id={flash-object/file-resource/resource-document-id}&amp;id_attribute={flash-object/file-resource/resource-attribute-id}\" />\r\n						<EMBED \r\n							src=\"document?id={flash-object/file-resource/resource-document-id}&amp;id_attribute={flash-object/file-resource/resource-attribute-id}\" \r\n							type=\"application/x-shockwave-flash\"\r\n							width=\"{flash-width}\" \r\n							height=\"{flash-height}\"\r\n							align=\"{flash-align}\"\r\n							quality=\"{flash-quality}\"\r\n							loop=\"{flash-loop}\"\r\n							menu=\"{flash-menu}\"\r\n							allowScriptAccess=\"samedomain\"\r\n							pluginspace=\"http://www.macromedia.com/shockwave/download/index.cgi?P1_Prod_Version=ShockwaveFlash\">\r\n						</EMBED>\r\n					</object>\r\n				</xsl:when>\r\n			</xsl:choose>\r\n		</p>\r\n		<blockquote>\r\n			<xsl:value-of disable-output-escaping=\"yes\" select=\"flash-credits\" />\r\n		</blockquote>\r\n	</xsl:template>\r\n	\r\n</xsl:stylesheet>'),(510,'Rubrique Liste de Documents - Défaut Download','portlet_document_list_download.xsl','<?xml version=\"1.0\"?>\r\n<xsl:stylesheet version=\"1.0\" xmlns:xsl=\"http://www.w3.org/1999/XSL/Transform\">\r\n\r\n<xsl:param name=\"site-path\" select=\"site-path\" />\r\n<xsl:variable name=\"portlet-id\" select=\"portlet/portlet-id\" />\r\n\r\n<xsl:template match=\"portlet\">\r\n	<xsl:variable name=\"device_class\">\r\n	<xsl:choose>\r\n		<xsl:when test=\"string(display-on-small-device)=\'0\'\">hidden-xs</xsl:when>\r\n		<xsl:when test=\"string(display-on-normal-device)=\'0\'\">hidden-sm</xsl:when>\r\n		<xsl:when test=\"string(display-on-large-device)=\'0\'\">hidden-md</xsl:when>\r\n		<xsl:when test=\"string(display-on-xlarge-device)=\'0\'\">hidden-lg</xsl:when>\r\n	<xsl:otherwise></xsl:otherwise>\r\n	</xsl:choose>\r\n	</xsl:variable>\r\n\r\n	<div class=\"portlet {$device_class}\">\r\n        <xsl:if test=\"not(string(display-portlet-title)=\'1\')\">\r\n			<h3>\r\n				<xsl:value-of disable-output-escaping=\"yes\" select=\"portlet-name\" />\r\n			</h3>\r\n        </xsl:if>\r\n		<div>\r\n		     <ul>\r\n         	       <xsl:apply-templates select=\"document-list-portlet/document\" />\r\n             </ul>  \r\n		</div>\r\n	</div>\r\n</xsl:template>\r\n\r\n<xsl:template match=\"document\">      \r\n<xsl:if test=\"not(string(document-xml-content)=\'null\')\">\r\n    <li>\r\n        <a href=\"document?id={document-id}&amp;id_attribute=48\" target=\"_blank\">      \r\n        	<xsl:for-each select=\"descendant::*\">\r\n                <xsl:apply-templates select=\"file-resource\" />\r\n           </xsl:for-each>  \r\n          	<xsl:for-each select=\"descendant::*\">\r\n                <xsl:value-of select=\"document-title\" />\r\n           </xsl:for-each>  \r\n        </a>\r\n		<xsl:if test=\"(string(resource-is-votable)=\'1\')\">\r\n			<br />\r\n        	<xsl:variable name=\"resource-score\" select=\"resource-score\" />\r\n	        <img src=\"images/local/skin/plugins/rating/stars_{$resource-score}.png\" alt=\"Score\" title=\"Score\" />\r\n        </xsl:if>    \r\n        <xsl:if test=\"(string(is-download-stat)=\'1\')\">\r\n			<br />\r\n			#i18n{rating.resource_vote.labelDownloadCount} : <xsl:value-of select=\"resource-download-stat\" />\r\n		</xsl:if>\r\n		<br />\r\n	    <xsl:for-each select=\"descendant::*\">\r\n        	<xsl:value-of select=\"document-summary\" />\r\n        </xsl:for-each>\r\n    </li>\r\n</xsl:if>\r\n</xsl:template>\r\n\r\n<xsl:template match=\"file-resource\">\r\n	<xsl:choose>\r\n		<xsl:when test=\"(resource-content-type=\'image/jpeg\' or resource-content-type=\'image/jpg\' or resource-content-type=\'image/pjpeg\' or resource-content-type=\'image/gif\' or resource-content-type=\'image/png\')\">\r\n			<img src=\"images/local/skin/plugins/document/filetypes/image.png\" border=\"0\" alt=\"\" width=\"32\" height=\"32\"/>\r\n		</xsl:when>\r\n		<xsl:when test=\"(resource-content-type=\'application/pdf\')\">\r\n			<img src=\"images/local/skin/plugins/document/filetypes/pdf.png\" border=\"0\" alt=\"\" width=\"32\" height=\"32\" />\r\n		</xsl:when>\r\n		<xsl:when test=\"(resource-content-type=\'application/msword\' or resource-content-type=\'application/vnd.oasis.opendocument.text\')\">\r\n			<img src=\"images/local/skin/plugins/document/filetypes/text.png\" border=\"0\" alt=\"\" width=\"32\" height=\"32\" />\r\n		</xsl:when>\r\n		<xsl:when test=\"(resource-content-type=\'application/excel\' or resource-content-type=\'application/vnd.ms-excel\' or resource-content-type=\'application/vnd.oasis.opendocument.spreadsheet\')\">\r\n			<img src=\"images/local/skin/plugins/document/filetypes/spreadsheet.png\" border=\"0\" alt=\"\" width=\"32\" height=\"32\" />\r\n		</xsl:when>\r\n		<xsl:otherwise>\r\n		   <img src=\"images/local/skin/plugins/document/filetypes/file.png\" border=\"0\" alt=\"\" width=\"32\" height=\"32\"/>\r\n		</xsl:otherwise>        \r\n	</xsl:choose>\r\n</xsl:template>              \r\n\r\n</xsl:stylesheet>'),(9004,'Rubrique Liste de documents - Type Vidéo','portlet_document_video_list.xsl','<?xml version=\"1.0\"?>\r\n<xsl:stylesheet version=\"1.0\" xmlns:xsl=\"http://www.w3.org/1999/XSL/Transform\">\r\n\r\n<xsl:param name=\"site-path\" select=\"site-path\" />\r\n<xsl:variable name=\"portlet-id\" select=\"portlet/portlet-id\" />\r\n\r\n<xsl:template match=\"portlet\">\r\n\r\n	<xsl:variable name=\"device_class\">\r\n	<xsl:choose>\r\n		<xsl:when test=\"string(display-on-small-device)=\'0\'\">hidden-xs</xsl:when>\r\n		<xsl:when test=\"string(display-on-normal-device)=\'0\'\">hidden-sm</xsl:when>\r\n		<xsl:when test=\"string(display-on-large-device)=\'0\'\">hidden-md</xsl:when>\r\n		<xsl:when test=\"string(display-on-xlarge-device)=\'0\'\">hidden-lg</xsl:when>\r\n		<xsl:otherwise></xsl:otherwise>\r\n	</xsl:choose>\r\n	</xsl:variable>\r\n\r\n	<div class=\"portlet {$device_class}\">\r\n        <xsl:if test=\"not(string(display-portlet-title)=\'1\')\">\r\n			<h2>\r\n				<xsl:value-of disable-output-escaping=\"yes\" select=\"portlet-name\" />\r\n			</h2>\r\n        </xsl:if>\r\n		<ul>\r\n			<xsl:apply-templates select=\"document-list-portlet/document\" />\r\n        </ul>  \r\n	</div>\r\n</xsl:template>\r\n\r\n\r\n<xsl:template match=\"document\">      \r\n<xsl:if test=\"not(string(document-xml-content)=\'null\')\">\r\n    <li>\r\n        <a href=\"{$site-path}?document_id={document-id}&amp;portlet_id={$portlet-id}\" target=\"_top\">      \r\n             <xsl:value-of select=\"document-xml-content/video/video-title\" />   \r\n		</a>\r\n       	<xsl:if test=\"(string(resource-is-votable)=\'1\')\">\r\n			<br />\r\n        	<xsl:variable name=\"resource-score\" select=\"resource-score\" />\r\n	        <img src=\"images/local/skin/plugins/rating/stars_{$resource-score}.png\" alt=\"Score\" title=\"Score\" />\r\n        </xsl:if>   \r\n       <xsl:if test=\"(string(is-download-stat)=\'1\')\">\r\n			<br />\r\n			#i18n{rating.resource_vote.labelDownloadCount} : <xsl:value-of select=\"resource-download-stat\" />\r\n		</xsl:if>\r\n		<br />\r\n        <xsl:value-of select=\"document-xml-content/video/video-file\" />\r\n    </li>\r\n</xsl:if>\r\n</xsl:template>              \r\n\r\n</xsl:stylesheet>');
/*!40000 ALTER TABLE `core_stylesheet` ENABLE KEYS */;
UNLOCK TABLES;

--
-- Table structure for table `core_template`
--

DROP TABLE IF EXISTS `core_template`;
/*!40101 SET @saved_cs_client     = @@character_set_client */;
/*!40101 SET character_set_client = utf8 */;
CREATE TABLE `core_template` (
  `template_name` varchar(100) NOT NULL,
  `template_value` mediumtext,
  PRIMARY KEY (`template_name`)
) ENGINE=InnoDB DEFAULT CHARSET=latin1;
/*!40101 SET character_set_client = @saved_cs_client */;

--
-- Dumping data for table `core_template`
--

LOCK TABLES `core_template` WRITE;
/*!40000 ALTER TABLE `core_template` DISABLE KEYS */;
INSERT INTO `core_template` VALUES ('core_account_reactivated_mail','Bonjour ${first_name} ! Votre compte utilisateur a bien été réactivé. Il est désormais valable jusqu\'au ${date_valid}.'),('core_expiration_mail','Bonjour ${first_name} ! Votre compte a expiré. Vous ne pourrez plus vous connecter avec, et les données vous concernant ont été anonymisées'),('core_first_alert_mail','Bonjour ${first_name} ! Votre compte utilisateur arrive à expiration. Pour prolonger sa validité, veuillez <a href=\"${url}\">cliquer ici</a>.</br>Si vous ne le faites pas avant le ${date_valid}, il sera désactivé.'),('core_other_alert_mail','Bonjour ${first_name} ! Votre compte utilisateur arrive à expiration. Pour prolonger sa validité, veuillez <a href=\"${url}\">cliquer ici</a>.</br>Si vous ne le faites pas avant le ${date_valid}, il sera désactivé.'),('core_password_expired','Bonjour ! Votre mot de passe a expiré. Lors de votre prochaine connexion, vous pourrez le changer.');
/*!40000 ALTER TABLE `core_template` ENABLE KEYS */;
UNLOCK TABLES;

--
-- Table structure for table `core_text_editor`
--

DROP TABLE IF EXISTS `core_text_editor`;
/*!40101 SET @saved_cs_client     = @@character_set_client */;
/*!40101 SET character_set_client = utf8 */;
CREATE TABLE `core_text_editor` (
  `editor_name` varchar(255) NOT NULL,
  `editor_description` varchar(255) NOT NULL,
  `backOffice` smallint(6) NOT NULL,
  PRIMARY KEY (`editor_name`,`backOffice`)
) ENGINE=InnoDB DEFAULT CHARSET=latin1;
/*!40101 SET character_set_client = @saved_cs_client */;

--
-- Dumping data for table `core_text_editor`
--

LOCK TABLES `core_text_editor` WRITE;
/*!40000 ALTER TABLE `core_text_editor` DISABLE KEYS */;
INSERT INTO `core_text_editor` VALUES ('','portal.globalmanagement.editors.labelFrontNoEditor',0),('','portal.globalmanagement.editors.labelBackNoEditor',1),('markitupbbcode','portal.globalmanagement.editors.labelFrontMarkitupBBCode',0),('tinymce','portal.globalmanagement.editors.labelBackTinyMCE',1);
/*!40000 ALTER TABLE `core_text_editor` ENABLE KEYS */;
UNLOCK TABLES;

--
-- Table structure for table `core_user_password_history`
--

DROP TABLE IF EXISTS `core_user_password_history`;
/*!40101 SET @saved_cs_client     = @@character_set_client */;
/*!40101 SET character_set_client = utf8 */;
CREATE TABLE `core_user_password_history` (
  `id_user` int(11) NOT NULL,
  `password` varchar(100) NOT NULL,
  `date_password_change` timestamp NOT NULL DEFAULT CURRENT_TIMESTAMP,
  PRIMARY KEY (`id_user`,`date_password_change`)
) ENGINE=InnoDB DEFAULT CHARSET=latin1;
/*!40101 SET character_set_client = @saved_cs_client */;

--
-- Dumping data for table `core_user_password_history`
--

LOCK TABLES `core_user_password_history` WRITE;
/*!40000 ALTER TABLE `core_user_password_history` DISABLE KEYS */;
/*!40000 ALTER TABLE `core_user_password_history` ENABLE KEYS */;
UNLOCK TABLES;

--
-- Table structure for table `core_user_preferences`
--

DROP TABLE IF EXISTS `core_user_preferences`;
/*!40101 SET @saved_cs_client     = @@character_set_client */;
/*!40101 SET character_set_client = utf8 */;
CREATE TABLE `core_user_preferences` (
  `id_user` varchar(100) NOT NULL,
  `pref_key` varchar(100) NOT NULL,
  `pref_value` mediumtext,
  PRIMARY KEY (`id_user`,`pref_key`),
  KEY `index_user_preferences` (`id_user`)
) ENGINE=InnoDB DEFAULT CHARSET=latin1;
/*!40101 SET character_set_client = @saved_cs_client */;

--
-- Dumping data for table `core_user_preferences`
--

LOCK TABLES `core_user_preferences` WRITE;
/*!40000 ALTER TABLE `core_user_preferences` DISABLE KEYS */;
/*!40000 ALTER TABLE `core_user_preferences` ENABLE KEYS */;
UNLOCK TABLES;

--
-- Table structure for table `core_user_right`
--

DROP TABLE IF EXISTS `core_user_right`;
/*!40101 SET @saved_cs_client     = @@character_set_client */;
/*!40101 SET character_set_client = utf8 */;
CREATE TABLE `core_user_right` (
  `id_right` varchar(255) NOT NULL DEFAULT '',
  `id_user` int(11) NOT NULL DEFAULT '0',
  PRIMARY KEY (`id_right`,`id_user`),
  KEY `index_user_right` (`id_user`)
) ENGINE=InnoDB DEFAULT CHARSET=latin1;
/*!40101 SET character_set_client = @saved_cs_client */;

--
-- Dumping data for table `core_user_right`
--

LOCK TABLES `core_user_right` WRITE;
/*!40000 ALTER TABLE `core_user_right` DISABLE KEYS */;
INSERT INTO `core_user_right` VALUES ('CORE_ADMINDASHBOARD_MANAGEMENT',1),('CORE_ADMIN_SITE',1),('CORE_CACHE_MANAGEMENT',1),('CORE_DAEMONS_MANAGEMENT',1),('CORE_DASHBOARD_MANAGEMENT',1),('CORE_EXTERNAL_FEATURES_MANAGEMENT',1),('CORE_FEATURES_MANAGEMENT',1),('CORE_GLOBAL_MANAGEMENT',1),('CORE_LEVEL_RIGHT_MANAGEMENT',1),('CORE_LINK_SERVICE_MANAGEMENT',1),('CORE_LOGS_VISUALISATION',1),('CORE_MAILINGLISTS_MANAGEMENT',1),('CORE_MODES_MANAGEMENT',1),('CORE_PAGE_TEMPLATE_MANAGEMENT',1),('CORE_PLUGINS_MANAGEMENT',1),('CORE_PROPERTIES_MANAGEMENT',1),('CORE_RBAC_MANAGEMENT',1),('CORE_RIGHT_MANAGEMENT',1),('CORE_ROLES_MANAGEMENT',1),('CORE_SEARCH_INDEXATION',1),('CORE_SEARCH_MANAGEMENT',1),('CORE_STYLESHEET_MANAGEMENT',1),('CORE_STYLES_MANAGEMENT',1),('CORE_USERS_MANAGEMENT',1),('CORE_WORKGROUPS_MANAGEMENT',1),('CORE_XSL_EXPORT_MANAGEMENT',1),('DOCUMENT_CATEGORY_MANAGEMENT',1),('DOCUMENT_MANAGEMENT',1),('DOCUMENT_RULES_MANAGEMENT',1),('DOCUMENT_TYPES_MANAGEMENT',1),('CORE_ADMIN_SITE',2),('CORE_EXTERNAL_FEATURES_MANAGEMENT',2),('CORE_LINK_SERVICE_MANAGEMENT',2),('CORE_PAGE_TEMPLATE_MANAGEMENT',2),('CORE_PROPERTIES_MANAGEMENT',2),('CORE_ROLES_MANAGEMENT',2),('CORE_SEARCH_INDEXATION',2),('CORE_SEARCH_MANAGEMENT',2),('CORE_USERS_MANAGEMENT',2),('CORE_WORKGROUPS_MANAGEMENT',2),('DOCUMENT_MANAGEMENT',2),('DOCUMENT_RULES_MANAGEMENT',2),('DOCUMENT_MANAGEMENT',3),('DOCUMENT_MANAGEMENT',4);
/*!40000 ALTER TABLE `core_user_right` ENABLE KEYS */;
UNLOCK TABLES;

--
-- Table structure for table `core_user_role`
--

DROP TABLE IF EXISTS `core_user_role`;
/*!40101 SET @saved_cs_client     = @@character_set_client */;
/*!40101 SET character_set_client = utf8 */;
CREATE TABLE `core_user_role` (
  `role_key` varchar(50) NOT NULL DEFAULT '',
  `id_user` int(11) NOT NULL DEFAULT '0',
  PRIMARY KEY (`role_key`,`id_user`)
) ENGINE=InnoDB DEFAULT CHARSET=latin1;
/*!40101 SET character_set_client = @saved_cs_client */;

--
-- Dumping data for table `core_user_role`
--

LOCK TABLES `core_user_role` WRITE;
/*!40000 ALTER TABLE `core_user_role` DISABLE KEYS */;
INSERT INTO `core_user_role` VALUES ('all_site_manager',1),('all_site_manager',2),('content_contributor',1),('content_contributor',2),('content_contributor',3),('content_publisher',1),('content_publisher',2),('content_validator',1),('content_validator',2),('content_validator',4),('manage_spaces',1),('manage_spaces',2),('manage_spaces',5),('super_admin',1),('super_admin',2),('view_spaces_all',1),('view_spaces_all',2),('view_space_validation',4),('view_space_work',3);
/*!40000 ALTER TABLE `core_user_role` ENABLE KEYS */;
UNLOCK TABLES;

--
-- Table structure for table `core_xsl_export`
--

DROP TABLE IF EXISTS `core_xsl_export`;
/*!40101 SET @saved_cs_client     = @@character_set_client */;
/*!40101 SET character_set_client = utf8 */;
CREATE TABLE `core_xsl_export` (
  `id_xsl_export` int(11) NOT NULL,
  `title` varchar(255) DEFAULT NULL,
  `description` varchar(255) DEFAULT NULL,
  `extension` varchar(255) DEFAULT NULL,
  `id_file` int(11) DEFAULT NULL,
  `plugin` varchar(255) DEFAULT '',
  PRIMARY KEY (`id_xsl_export`)
) ENGINE=InnoDB DEFAULT CHARSET=latin1;
/*!40101 SET character_set_client = @saved_cs_client */;

--
-- Dumping data for table `core_xsl_export`
--

LOCK TABLES `core_xsl_export` WRITE;
/*!40000 ALTER TABLE `core_xsl_export` DISABLE KEYS */;
INSERT INTO `core_xsl_export` VALUES (125,'Coeur - Export CSV des administrateurs','Export des utilisateurs back office dans un fichier CSV','csv',125,'core'),(126,'Coeur - Export XML des administrateurs','Export des utilisateurs back office dans un fichier XML','xml',126,'core');
/*!40000 ALTER TABLE `core_xsl_export` ENABLE KEYS */;
UNLOCK TABLES;

--
-- Table structure for table `document`
--

DROP TABLE IF EXISTS `document`;
/*!40101 SET @saved_cs_client     = @@character_set_client */;
/*!40101 SET character_set_client = utf8 */;
CREATE TABLE `document` (
  `id_document` int(11) NOT NULL DEFAULT '0',
  `code_document_type` varchar(30) DEFAULT NULL,
  `date_creation` timestamp NOT NULL DEFAULT CURRENT_TIMESTAMP,
  `date_modification` timestamp NOT NULL DEFAULT CURRENT_TIMESTAMP,
  `title` varchar(255) DEFAULT NULL,
  `id_space` int(11) DEFAULT NULL,
  `id_state` int(11) DEFAULT NULL,
  `xml_working_content` mediumtext,
  `xml_validated_content` mediumtext,
  `document_summary` mediumtext,
  `document_comment` mediumtext,
  `date_validity_begin` timestamp NULL DEFAULT NULL,
  `date_validity_end` timestamp NULL DEFAULT NULL,
  `xml_metadata` mediumtext,
  `id_creator` int(11) DEFAULT NULL,
  `id_mailinglist` int(11) NOT NULL DEFAULT '0',
  `id_page_template_document` int(11) NOT NULL DEFAULT '0',
  PRIMARY KEY (`id_document`)
) ENGINE=InnoDB DEFAULT CHARSET=latin1;
/*!40101 SET character_set_client = @saved_cs_client */;

--
-- Dumping data for table `document`
--

LOCK TABLES `document` WRITE;
/*!40000 ALTER TABLE `document` DISABLE KEYS */;
INSERT INTO `document` VALUES (1,'image','2017-04-29 17:22:51','2017-04-29 17:22:51','asd',6,1,'<image>\r\n<document-id>1</document-id>\r\n<document-title><![CDATA[asd]]></document-title>\r\n<document-summary><![CDATA[asd]]></document-summary>\r\n<document-date-begin>29/04/2017</document-date-begin>\r\n<document-date-end></document-date-end>\r\n<document-categories></document-categories>\r\n<image-file><file-resource>\r\n<resource-document-id>1</resource-document-id>\r\n<resource-attribute-id>43</resource-attribute-id>\r\n<resource-content-type>image/png</resource-content-type>\r\n</file-resource>\r\n<file-size>115858</file-size>\r\n</image-file>\r\n<image-credits>asd</image-credits>\r\n<image-htmltitle><![CDATA[<p>asd</p>]]></image-htmltitle>\r\n</image>\r\n',NULL,'asd','','2017-04-29 05:00:00',NULL,'<metadata>\r\n<creator>Mairie de Paris</creator>\r\n<subject>lutece;portal;xml;java</subject>\r\n<publisher>Mairie de Paris</publisher>\r\n<format>text/html</format>\r\n<language>fr</language>\r\n<rights>Copyrights (c) Mairie de Paris</rights>\r\n</metadata>\r\n',1,0,0),(2,'pdf','2017-04-29 20:10:18','2017-04-29 20:10:18','pdf',8,1,'<pdf>\r\n<document-id>2</document-id>\r\n<document-title><![CDATA[pdf]]></document-title>\r\n<document-summary><![CDATA[pdf]]></document-summary>\r\n<document-date-begin>29/04/2017</document-date-begin>\r\n<document-date-end></document-date-end>\r\n<document-categories></document-categories>\r\n<pdf-file><file-resource>\r\n<resource-document-id>2</resource-document-id>\r\n<resource-attribute-id>48</resource-attribute-id>\r\n<resource-content-type>application/pdf</resource-content-type>\r\n</file-resource>\r\n<file-size>99135</file-size>\r\n</pdf-file>\r\n</pdf>\r\n',NULL,'pdf','','2017-04-29 05:00:00',NULL,'<metadata>\r\n<creator>Mairie de Paris</creator>\r\n<subject>lutece;portal;xml;java</subject>\r\n<publisher>Mairie de Paris</publisher>\r\n<format>text/html</format>\r\n<language>fr</language>\r\n<rights>Copyrights (c) Mairie de Paris</rights>\r\n</metadata>\r\n',1,0,0);
/*!40000 ALTER TABLE `document` ENABLE KEYS */;
UNLOCK TABLES;

--
-- Table structure for table `document_attr_type`
--

DROP TABLE IF EXISTS `document_attr_type`;
/*!40101 SET @saved_cs_client     = @@character_set_client */;
/*!40101 SET character_set_client = utf8 */;
CREATE TABLE `document_attr_type` (
  `code_attr_type` varchar(30) NOT NULL DEFAULT '',
  `name_key` varchar(100) DEFAULT NULL,
  `description_key` varchar(255) DEFAULT NULL,
  `manager_class` varchar(255) DEFAULT NULL,
  PRIMARY KEY (`code_attr_type`)
) ENGINE=InnoDB DEFAULT CHARSET=latin1;
/*!40101 SET character_set_client = @saved_cs_client */;

--
-- Dumping data for table `document_attr_type`
--

LOCK TABLES `document_attr_type` WRITE;
/*!40000 ALTER TABLE `document_attr_type` DISABLE KEYS */;
INSERT INTO `document_attr_type` VALUES ('date','document.attributeType.date.name','document.attributeType.date.description','fr.paris.lutece.plugins.document.service.attributes.DateManager'),('file','document.attributeType.file.name','document.attributeType.file.description','fr.paris.lutece.plugins.document.service.attributes.FileManager'),('image','document.attributeType.image.name','document.attributeType.image.description','fr.paris.lutece.plugins.document.service.attributes.ImageFileManager'),('internallink','document.attributeType.internallink.name','document.attributeType.internallink.description','fr.paris.lutece.plugins.document.service.attributes.InternalLinkManager'),('listbox','document.attributeType.listbox.name','document.attributeType.listbox.description','fr.paris.lutece.plugins.document.service.attributes.ListBoxManager'),('multiline','document.attributeType.multiline.name','document.attributeType.multiline.description','fr.paris.lutece.plugins.document.service.attributes.MultilineManager'),('numerictext','document.attributeType.numerictext.name','document.attributeType.numerictext.description','fr.paris.lutece.plugins.document.service.attributes.NumerictextManager'),('richtext','document.attributeType.richtext.name','document.attributeType.richtext.description','fr.paris.lutece.plugins.document.service.attributes.RichTextManager'),('text','document.attributeType.text.name','document.attributeType.text.description','fr.paris.lutece.plugins.document.service.attributes.TextManager'),('url','document.attributeType.url.name','document.attributeType.url.description','fr.paris.lutece.plugins.document.service.attributes.UrlManager');
/*!40000 ALTER TABLE `document_attr_type` ENABLE KEYS */;
UNLOCK TABLES;

--
-- Table structure for table `document_attr_type_parameter`
--

DROP TABLE IF EXISTS `document_attr_type_parameter`;
/*!40101 SET @saved_cs_client     = @@character_set_client */;
/*!40101 SET character_set_client = utf8 */;
CREATE TABLE `document_attr_type_parameter` (
  `code_attr_type` varchar(50) NOT NULL DEFAULT '',
  `parameter_name` varchar(255) DEFAULT NULL,
  `parameter_label_key` varchar(255) DEFAULT NULL,
  `parameter_index` int(11) NOT NULL DEFAULT '0',
  `parameter_description_key` varchar(255) DEFAULT NULL,
  `parameter_default_value` mediumtext NOT NULL,
  PRIMARY KEY (`code_attr_type`,`parameter_index`)
) ENGINE=InnoDB DEFAULT CHARSET=latin1;
/*!40101 SET character_set_client = @saved_cs_client */;

--
-- Dumping data for table `document_attr_type_parameter`
--

LOCK TABLES `document_attr_type_parameter` WRITE;
/*!40000 ALTER TABLE `document_attr_type_parameter` DISABLE KEYS */;
INSERT INTO `document_attr_type_parameter` VALUES ('date','defaultvalue','document.attributeType.date.parameter.defaultvalue.label',1,'document.attributeType.date.parameter.defaultvalue.description',''),('date','currentdate','document.attributeType.date.parameter.currentdate.label',2,'document.attributeType.date.parameter.currentdate.description',''),('file','extension','document.attributeType.file.parameter.extension.label',1,'document.attributeType.file.parameter.extension.description','docx,xlsx,pdf'),('image','extension','document.attributeType.image.parameter.extension.label',1,'document.attributeType.image.parameter.extension.description','jpg,jpeg,png'),('listbox','value','document.attributeType.listbox.parameter.defaultvalue.label',1,'document.attributeType.listbox.parameter.defaultvalue.description',''),('listbox','items','document.attributeType.listbox.parameter.items.label',2,'document.attributeType.listbox.parameter.items.description',''),('numerictext','size','document.attributeType.numerictext.parameter.size.label',1,'document.attributeType.numerictext.parameter.size.description','5'),('numerictext','maxlength','document.attributeType.numerictext.parameter.maxlength.label',2,'document.attributeType.numerictext.parameter.maxlength.description','5'),('text','size','document.attributeType.text.parameter.size.label',1,'document.attributeType.text.parameter.size.description','50'),('text','maxlength','document.attributeType.text.parameter.maxlength.label',2,'document.attributeType.text.parameter.maxlength.description','60');
/*!40000 ALTER TABLE `document_attr_type_parameter` ENABLE KEYS */;
UNLOCK TABLES;

--
-- Table structure for table `document_auto_publication`
--

DROP TABLE IF EXISTS `document_auto_publication`;
/*!40101 SET @saved_cs_client     = @@character_set_client */;
/*!40101 SET character_set_client = utf8 */;
CREATE TABLE `document_auto_publication` (
  `id_portlet` int(11) NOT NULL DEFAULT '0',
  `id_space` int(11) NOT NULL DEFAULT '0',
  PRIMARY KEY (`id_portlet`,`id_space`)
) ENGINE=InnoDB DEFAULT CHARSET=latin1;
/*!40101 SET character_set_client = @saved_cs_client */;

--
-- Dumping data for table `document_auto_publication`
--

LOCK TABLES `document_auto_publication` WRITE;
/*!40000 ALTER TABLE `document_auto_publication` DISABLE KEYS */;
/*!40000 ALTER TABLE `document_auto_publication` ENABLE KEYS */;
UNLOCK TABLES;

--
-- Table structure for table `document_category`
--

DROP TABLE IF EXISTS `document_category`;
/*!40101 SET @saved_cs_client     = @@character_set_client */;
/*!40101 SET character_set_client = utf8 */;
CREATE TABLE `document_category` (
  `id_category` int(11) NOT NULL,
  `document_category_name` varchar(100) NOT NULL,
  `description` varchar(255) DEFAULT NULL,
  `icon_content` mediumblob,
  `icon_mime_type` varchar(100) DEFAULT NULL,
  `workgroup_key` varchar(50) DEFAULT NULL,
  PRIMARY KEY (`id_category`)
) ENGINE=InnoDB DEFAULT CHARSET=latin1;
/*!40101 SET character_set_client = @saved_cs_client */;

--
-- Dumping data for table `document_category`
--

LOCK TABLES `document_category` WRITE;
/*!40000 ALTER TABLE `document_category` DISABLE KEYS */;
/*!40000 ALTER TABLE `document_category` ENABLE KEYS */;
UNLOCK TABLES;

--
-- Table structure for table `document_category_link`
--

DROP TABLE IF EXISTS `document_category_link`;
/*!40101 SET @saved_cs_client     = @@character_set_client */;
/*!40101 SET character_set_client = utf8 */;
CREATE TABLE `document_category_link` (
  `id_document` int(11) NOT NULL,
  `id_category` int(11) NOT NULL,
  PRIMARY KEY (`id_document`,`id_category`)
) ENGINE=InnoDB DEFAULT CHARSET=latin1;
/*!40101 SET character_set_client = @saved_cs_client */;

--
-- Dumping data for table `document_category_link`
--

LOCK TABLES `document_category_link` WRITE;
/*!40000 ALTER TABLE `document_category_link` DISABLE KEYS */;
/*!40000 ALTER TABLE `document_category_link` ENABLE KEYS */;
UNLOCK TABLES;

--
-- Table structure for table `document_category_list_portlet`
--

DROP TABLE IF EXISTS `document_category_list_portlet`;
/*!40101 SET @saved_cs_client     = @@character_set_client */;
/*!40101 SET character_set_client = utf8 */;
CREATE TABLE `document_category_list_portlet` (
  `id_portlet` int(11) NOT NULL,
  `id_category` int(11) NOT NULL,
  PRIMARY KEY (`id_portlet`,`id_category`)
) ENGINE=InnoDB DEFAULT CHARSET=latin1;
/*!40101 SET character_set_client = @saved_cs_client */;

--
-- Dumping data for table `document_category_list_portlet`
--

LOCK TABLES `document_category_list_portlet` WRITE;
/*!40000 ALTER TABLE `document_category_list_portlet` DISABLE KEYS */;
/*!40000 ALTER TABLE `document_category_list_portlet` ENABLE KEYS */;
UNLOCK TABLES;

--
-- Table structure for table `document_category_portlet`
--

DROP TABLE IF EXISTS `document_category_portlet`;
/*!40101 SET @saved_cs_client     = @@character_set_client */;
/*!40101 SET character_set_client = utf8 */;
CREATE TABLE `document_category_portlet` (
  `id_portlet` int(11) NOT NULL,
  `id_category` int(11) NOT NULL,
  PRIMARY KEY (`id_portlet`,`id_category`)
) ENGINE=InnoDB DEFAULT CHARSET=latin1;
/*!40101 SET character_set_client = @saved_cs_client */;

--
-- Dumping data for table `document_category_portlet`
--

LOCK TABLES `document_category_portlet` WRITE;
/*!40000 ALTER TABLE `document_category_portlet` DISABLE KEYS */;
/*!40000 ALTER TABLE `document_category_portlet` ENABLE KEYS */;
UNLOCK TABLES;

--
-- Table structure for table `document_content`
--

DROP TABLE IF EXISTS `document_content`;
/*!40101 SET @saved_cs_client     = @@character_set_client */;
/*!40101 SET character_set_client = utf8 */;
CREATE TABLE `document_content` (
  `id_document` int(11) NOT NULL DEFAULT '0',
  `id_document_attr` int(11) NOT NULL DEFAULT '0',
  `validated` smallint(6) NOT NULL DEFAULT '0',
  `text_value` mediumtext,
  `mime_type` varchar(255) DEFAULT NULL,
  `binary_value` mediumblob,
  PRIMARY KEY (`id_document`,`id_document_attr`,`validated`)
) ENGINE=InnoDB DEFAULT CHARSET=latin1;
/*!40101 SET character_set_client = @saved_cs_client */;

--
-- Dumping data for table `document_content`
--

LOCK TABLES `document_content` WRITE;
/*!40000 ALTER TABLE `document_content` DISABLE KEYS */;
INSERT INTO `document_content` VALUES (1,43,0,'boton.png','image/png','PNG\r\n\Z\n\0\0\0\rIHDR\0\0\0\0\\0\0\0j\\0\0\0IDATx\\ym\U\\>f\O@`\\\eWUm\.\n[\ddmjսZk\vU\̤l3\`)[P`#!\r\\{f\sN\\'\\\|\	ȥ\e\{NĎ;\\"\X\2e,c\X\2e,c\X\2e,c\X\2e,c\X\2e,c\X\2e,c\X\2e,c\X\2e,c\X\2e,c\X\2e,c\X\2e,c\X\2e,c\X\2e,c\X\2e,c\X\2e,cl`!Be,c\X\2e,cω\{\"Z}\ކ/1\ھ╯\\\X\2e,c\X\2v\\x\a\\\w\K?\\\r琁\Zx\o\\??\\r\\\|\_}꩟zy\\eu\te,c\X\2e\F#\\'~]6O|S\\\&Ǹگ\\-oy;̟{\+\>.0\(\\'|\\\~\ك\yQP>\V)UbQ9o\o\M{_%1z\X\2e,c\Xƭ\\\\fϬϬN\\Q	\\ު\L\r\\?|\\\|\\4o{׻g~\\xķ\\{~\+^?}߷9#t;?\\\'>G\wv\OH\YWjVB31R(\SH1[\2e,c\X\2[:TDDU\0Dv@U6\F..6\"\4լ\\Y͏\}\?\'cg}+^\>{\^s\6\Zx\+^\|\}_{\?O4i>缵\j7\瘵ZNW+MK1kŌBRĬ5\\`\"b{Z.X\X\2e,c\X\2n0\\ &ED\0RD6\0D\Ȫl6&\\j\f\I?\7~\5e-p\M\\?\o\\ӟx!\/־p\n\n\iV*I۶ҶL\b\.c\X\2e,c\x\\re5R̴i\ZmFV+vcb\U\\\\;Υ1׽}\s\}\n\xC替\\r\n\W~񗼨Yo&|菮\]Rd\H۶ffX\e,c\X\2e,c\\fƽm\4V+D6\\ٓ\\?V\n\\?\N\[\\"\\N\\^W}\|\j\־\\u\"\\f#l\-Uu1xe,c\X\2e,A,ͥF\4\\J\I\\[\\\c\b\0G\\|\\5\W^?S\ً\\\\\\Z\\\eӶ\"\\\e,c\X\2e,c\81l\"X5\\\\֫>տd̶[\z݈ȟ\!}\\\\״mB\\/DD6\"\,F\2e,c\X\2e\\0cX\\\Z\(M\o}\|D\\79&x\_M\"\"_\/\\yF9Kw\X\2e,c\X\2n!-\ZnN\ki֜4\\\"\"׮=-Z\r\\}\W5\\z+\"\/\Dk\ZBy\*b\,e,c\X\2e,c`&\'@NK\]\6\s\\0\7\Ͻ\Ug\FK\\b4Q,\2e,c\X\2e\JC(dQ>Ь\s?\y\Ͻ\Uk\\0~\ޠzիLD\+\\\{tqEt^\"\X\2e,c\X\2\֢i\ZZ\ϙ\7~\6|,\r\׼\5ͷ~뷶_/+\Emk9?_j|e,c\X\2e,\3[4M\"ox\F\}\\\F<\Dm\W}W7\\\ܾ\/=O4=\0^\\6\r.\\2e,c\X\2e<~\f13\i>w}\\'7\|W}W7ozӛ4\aX_\'_i\I\=ب\j\e,c\X\2e,c\x\ٜ\+!?j-\w_߷oyMm\\+\W\?}_\4xGK\2e,c\X\2e<\mmӵ-_\\\o<!o\_替\\W\\Tkݬ~ÇZ\e,c\X\2e,c\XȮ6\쬹h7?\</}\;\1\^?#/\5\r>\՛l&\"b+.c\X\2e,c˸\c{\L6w\Wm\7o.\\\?ŽMy\\r\\V?#?\/M\\G?:?o<\!G0v\r`	R/c\X\2e,c˸\hBvI\nɽ=ĝ|c3kOON\ZL\۾\\޶{\\\_\'_ֶ\\6\\7V\5rXʪiY5\@ŬMk\\m+\\\\@nce,c\X\2e,\\rHn\tDlF\\Z\l6Ҷvi3]Al\djTi̷|\\y\\׿\V\|\}\Zkol7\zcf\n\	5hUU֫fr޶ԇx:\\?Tѳ\iы\r!bl[\Z)\\\X\2e,c\X\2nՠ\u	X	TUEWW\w\\Gw\߻\\ݿ߾yO\999YfuѶwYG6\B}\}\\\ּ1\[\\W~\L|Ӯ͌8kf*NV+999viz\ً\|\{\\\\\<\\\֎ժ\6\r\0P`1|e,c\X\2e\naL6fbۜh\/|c?\\'\/x\\j}ڶ\\\si\V\\Z\"\$MUqj.D\'\~G6\\\/lËv\1_3\j%\'\'@\SO?w\\[\G\S\\ZV};q\b/c˸\cV9ƅ\X\2=k\\\\r\n!\FD\\0\.4\m\f\؊\\ӋO|\K|ڧ~\\/|\L\y\\\B\\Q\\fa}\}\T\r`ɿ\Uj\7_ş;IgF{\=Z\\=;9c\\~\ӿ\oxԕYp3x.n\㵟\\bCBo\n\BJ,g\b\Z^ǉZx:i\\\u7Y\7|\Vv\\Z\Z0\|l{@`3\\\\\"\"^\'\Opzz.<\6\NV*݀\o\rzt$	\0_\\\\\\=;۴O\\\\Ͽ\|\\\"\ӓi\Z\0,\^\a\\Y\[rg\Zxg1q#\[\x\#|cKn\:䭦#8J!\Zm!b\060e\\rb3\\r6mۮT?>\ߵ{vO=|\;\f\\WZ\\\\ۢS\L<\x\{gf?\\\\\l6\]\0\ݹ#M|\[\\\Ճ7گ\M{r\\99YH\^5uq.\߅K,t+ ,4\\\B\]xq\BÝ	\r\UK҈\\p5w6OVj\\Z\~\G/<\oė\\\;\l6O	\0u5\jz\w{~{~\G\>\|\7|C|\\~\\\\\?xhy_\\\<x\o\]?c?\\i7\ٝS4ڐ\\V>oX^Ӿ\\\|5\\}\0\Z\B\\\\cL\\0R7z&\ncQg\\~\G\/\	A%\ΰk\\b9==8}\G\oz[\\\6׾\5_?wrr<z\̵X3RUq\Ωw\\ۻvsk\\n\]˝D^\\\v{	\p\ŅfWY\JG>ghVd\\\S׭(\\ݿ+\\'}\G\/~\\\\ \\rM۶w\\}3>\\\?y\kٟ\lD+\-__]\O\\\\$^q\t_y\\\/~\\>\<\\B\'IZ.\\0~N^//Ņ5\.\\W\\\ڲZ9IC\00U+L\\馵\g>\?\\O\.<OpT\rf\<\\\\\Qs@۶_\'\n`o\0\	\\\\$)w\NRG\\'\g^,\߻sfB\e\~AD\w\X\b.\BE\'Z\\r\.Ԍ\#qg~tdo}\\\\\?\T}q\ɪض\\r\\r_\n۶.\\\_y\ko\\>^\\\Rk[\߽\?\\G\}\\\9\\\a\W\\"\0^F).j\%\+g>,|\\'^a^jS9t~\\\>\Z\n쁭\: \f\\_\\\;?\O\6%~]0\\z;\\\W~\W^\\dBg_\_\/\\\W\el>\\\-߭3c\'\\m\_Вq\\y8\\@<.\JS\`\Ņn\\]踌 \65:\.Ep\\ڬ\]\\\\\?eٜ\QX\\\\\g\I?7\w\W}W7ozӛX߾K\~}M6q~~n\\\\]Vw\\\so{\/GO\Msђx.\ӟ\\1uK\p\[5\ǂ(˼m\\w\K%ͺчPy\/|\\O?\=\ b\(ʹ\\\D[k#_\~;p\)\'\'׽NE\>`\d+<99w\\|ۛ~\?\\\ZUe\Bb˥\l,E,.\\\\ef\\8\0\=\ۿ_to\{\;DD5\rU\dأ\ٮәկ\k^Ex\\KEf\0ONNp\\\\~=oy\?\\\)eK <W\]ƎK輸P\~[\b\0/bt\]̫\D\\)m\!B\km\\_\B^\\"@i^\Y\o}\=^\W\Z\їo\VD\JI-\\Z\\\n\Ə\[\\Ow\l\rX\\\XHe,|e,\'b\]Ҵm{;\(z\\\\G\6\ݿ\\t\HmR}r\\\lX\_\ͷ\\Oj~\\EmkP\yw\\\O\w笽F88\"\-\Z\(?\\15\\\X{\iXxZ8Os[\\\\\)\|:\9\{y\sӱ8\\0ڦ\	=\\9i\\?yы\O;]?}\?\۲.ė|ٟ\;6u\ES\0\{w?o\/\\{\r<\\؅$l(\"\\0?DLLpOr1\\aV콫⨙#\\rn,l\2搲n\\e<Wh\?K;#TvE<D\H U\<T{\\;_?o~\'H2\\u\\\\\#\\|e\V\ѹjS$w\ѿ\__y\ݳ\cJf3``\"\\E\bNbjR5q\\\|4ў\1l\YM_N\rЅ\L/2n\]\X\c\\>WV/>\8K\\8YDr\k\9=y\\\>\\\_?]o~;^\n\Yy\\N\\Ϻß\G^\W6o|\\,\"\0~\G\=jL\\o\{\\svvzGE\\\\U+j\"J3PD]+;\\c\i\cu@=w\&\uӘ\.\ԲܥfX8t\up\Y\;yp,\y\6\k\\n\\\ ]\ΟV>\0\[{\\'>\?\|\\\-\͗\h@%Y{rzڀO\{\\m\\\W\U\r˿#\rQ\53\᳏~ON֫kM;]E{\\F6\"f\]7\\ӓN\\\|\\fմj[|-\Yk2\\zj\kh8ɺ\\\9\`5\ȴ\¸\\+^G\]kl\;8\\\\Z>^<\p{5p\Z\N̻E\Їh\\r1i<\YPA7\r5-\d5VL>\|\mÄ~9\\	\rn=v\\3KN RZe\X\l6\'[\HTTD#i\$B\0\=Yx\\\\1:(a\;;}Ϳ\M?o\\\Ow>s	\\!\nͣW\\G\0~\UzU7\Z\A\\rou\EU\0fբ\\\n\yĿx\\\\w\\ڹ\Z2\	i*\"ښ))^y\\\?q\g\Z\V!\\ZBَ\Y\\\إeM!mm\#g2\THQՅ+n\Z!\\k\J>αQ3_b\\U\rJ\\vaAê\༱\\\B\J\'LpP^\#\%Ɋ`3\!dB\\~?0\@\1]!\\w\\o\\\]GYW\,\\.\\ȪY6H\/.N\vsviOIiT\0\r*6\V0`\i\;ﳓ\o~\\~\?w\g}Z03U4\\"c{\vT\ګ\>7\lZORwW߽\g~\\w\\9S֯%I5\\V\"\"\"\\;gx}\\S\fcTV}3t&\湪>ޅ\nk_\1mb\k/$+iX\\6G&\"6gڱE!d\Dʲl\S\dy\Zt\A\YW\Z\\\9IZm\M\ɞ\Q\8{\BVU\Z	#\\\w\/.\q\nJ:A@[\0jᮔ4{4\08{r\?孿\_ffD=\aW\g;\g6\Om\V[[$\ܹ\z\>3\;\'\r\\\\\\ȵ-\\9yߋ|\\;{$7hm\D \\F[\rKH\(>\'\)aǶVV\s\\r\\K \{aվ\PMu\\U=\2\\8\\Q0r\n|%\\%:\l\tC~1:\^\\_\\=i΁5\Pt\9\cw`\ó\\ZS\\n\\5\\3\	\p^J\,!9F\@5ۣO]\==\\\\G\\/.\Qw\\A\\nnLx\4\z\ܒ^?x\\C_?o\\R\̬it\\W\k6nh; \"\\D\EV)\?O\\~\?xzvvZ5KR[S+\6?nV晗\\x\\o\ʦm\^\g5\=0drwUyd(\DT,2\tfC\E\dY:B+V\\e\ˊ*0AY\h2hׅi\^\0`\ZQLAF\б\\V\!3l\\\\\r\v7GH<%7Ύw}\/3|b6Fwb%k\\\0\r\@0b\\`cL1oM\c\'gY\\%gQ6\i|Q\H\\(\\Z\\>z\f\\\!4Gd$NW\gW>f\?z\}\f\'}*4u\w\7\7\\_\\e\f\"k\*\\$\\ٙ\ڇ}XV\xd\jcvdCR6\\\\_ѿ\w~\MKQnc-Z\\\0;~\\\\\v-ݟاc\'\\\\\Zܷ\anz\\u	7{\s0ȑ\\φRx\^\dş͊dtxv&Ɍy\caޏ~z\"]S`\ZxE\ \29\4\<2ˮ-\gڞo3X33	m\Q<~\];=t;wJM\x_ޤp)\=\ȹ!/\\s~Rþ\1˽ә\\]t\5\L\\Z\<qvwN\\/\"	̡\07MkwZ\\\_\?ݬV<m\\\E\/\l]9Hn_rAn.ŀPT_n\᧞~_ŋ\jU3kf\'٩Xk\0.>\E/z\G<y\ݬ\~R1B\판\\\[*\9ޅ\Uw\K0T@KͧBئ\7z\Ӵ[|\i9;#\գ2\w<pݎ\9O\|7\7tPf:d^Ӂq\\d\S#&h̘tW(`\6p_gu!+*)w\\'ϬWg<ٙ\"Bm&89ӖwOO\C7\i<ԋ *	\\_,\"o\ٺ$|\U^j{\G{dy\Mŷ\\ޝ3Բ[S3[[ig?\#_\wOO>\l\\MũvY\\rSp΁u{T94Gv\\41r^M5̀f7\'\\\"\-ސ\la>\-\a82\ѻzzqn\\T6s<\~\\\d\n\\>|H\mD{W\\>|y{q\>\bgS\0תr`\\\\\xݗ}\o}gEkű/@9\\g~}\\6\JD\\\&|Ț_\\\\\(ggky>t񖷾\\۞q%\"ֶ\\t}\\Gz~tX\ZV80I\Ux\zRqX\L*L17\Q^q\r\"gx`\p_\\T1f\t\>:Ր#qߖ\UhO\2~\kiBXl/\n3!\^@\1L}\\0y(+q:d6&=\8vK@mXH\)`GGGmz%U{\iȤ\\\;gx\\\]tv\0JnC\EnVl2\Ӧ9\Ï\~g\J9 \\ڳ;\'B{w%\"\&\"\X\nyN\\ypn\{U\mό\\6?	\oV\v\B@I \\$\"\r\rj\;\w\؎\\\\'\nT_8\\\r\>qVm.@\`\ьY\a	ں.*SA\82?f\j=t\\Ti<?L݃ae6qD\[$E$m8Ob\6,r\8\\L,\"ϦSG1}\;2(\ĝ>^˸&D`\lLKF_o\e\%\Z\}<\04̙-\g\\\\\Wk^ےvA\\\'\Z|#T\"Ҷv\4\C@FpK\\\	\\qw}/?\#Q-JUDh\r\W\7\l^i{\W|\ǟ?{߷֮d[13yO\\~\\'\\Ykl0[\\ek֜g>w|ԛWnZ\4dI\\5]$?񃑟-ƃH\OoN\\+uT~\Ma|G\\7dР<x\a\Nݣcq\0E\nB\\\%\\\\\\3ڤ}+2;!=\4\!rS\\}Fb\0]n.	nR\\}Mr:\b\\q\U\TnBth0[-rp\\*_>Ag\C#mO\0M\ްmj@k\\G\\[A\/}\G<<??+q\0`$hQY\\\\\ED/?u<n\>\_{\y\\Jc\4\ɾ\\̴Q}	/}\/\bi\n:3]\\\9\͏C\-p\UVuxl@\\3\u\\n2\Y_\E&\ο\;o\.\\5?\6gn9]\\\@9Z\ʻ5\gg<iV\\Z$x{hk\\.8J\\n?Km^\8 \\|\_CHW\%/\\mo.>{>GMT\5u#\>x(o}\;\O\k\gޘ\\\H\\x\G\ӓgm6+ۯ\\0\\Ucs\ƲnR\ֵ\<iTo\\0\\'$Ec \FB`S?\{pBQl׀<\nyOCm4\z7k:չB\'\v\\'~Vh9\\0tc\f\͂gpBr\08\\n.TǱ@\$\&\:\ }x䏸\5NkVܟP\\\3,Eu\0,\=\O\-y&Fu\\\0&wy͇\\\gT$2ܒq\t\\tj:\O	\\F	ukw\>᧟Yo\\:\m۞\aj\j̃/w-ҏ\<sq*MU[VʋG-\"\w\%\/\\n\\j}\\f#beƯ\\\D\\\\<\\\z\ՠSD۶=\)\ܴm\<\'\\{M\,83\RGY4\dߕ\\٣~ėn]k:7&szD\\杹\~\ى1\\\׉M\\tEQ\\\MoSϒ[:|\o)\Q<\\o\\)~\8yT=E\\ݻ*49IY$\b*b\r\_ү\\\eliXk#_\/\\nW\"\"\m&*\\[Ư\\*0`߉~\\ڶ=݅\mcwvy\\y~Y\e\\nF\8\0s9U	򌺽Ϸc\ƍ\-6\\,\QL0\cA\1&$}Y\֜o)2&ujʐ;\nZ\J# :5y+\r35؛\ݮ&\a[\\1\\1\\\E\^&f\\\\p%Vm֐@qDE\FkVuO\{g_\NS\\pI \_Y;V\i\(\0D\7\\\"՜9S\\_#\\LR=?;=г\0JK?7f\'khCnI\;\x߳^_KU\nZa\~\\~G?\D~m%\"»\\\ţGEqf\\\Ŧ7T\'D&#~]Q\qFN0N\=UƤv\eBT9kW#й0\_\{jҩ\oi㙨\E\\PG@!\\\0Ĳp+XAxE/\Pi\rE)\,\dK5zG\b\\#\'ޣ\PQj.f\Ep÷\\\NӍu\9;\0\,_bΩo)#g\=]?{s\Ճ\<ܬmyj\\vi\\\g~ƣG\Rk\\_lF\U[)\\2999\٦m7g\'kLnZL}n\v\=\ן{\\\.VP\낀\\\Zݥ}\\OX\L;r[R\\\\\\\\#\WRlf	8k\\\{/A3-m!Y#=\?\\\\Bѱhq\7!\^DOdF\Zo9\zAj\	}2\\n\Է9l\nd.C_N2!\̱JSS;̠FA\\q^\"&}\\i\un.F\rd6ڹ\L\\ Rg7\r|.A,.9Ek0v.\nK\䞋0>_InKNe\\P>tBM\Zw\\|g9\r$kPF;Q裱W\[]g3>\Y\\Tojj\Z\rC[+\>sJA\0Pim#\\P\\CO07턿٬y\\7\\FE/\\\7T\\u\:\[9]腘Pqs! \Y\O`9?\\1\is\cċ	ُϦ?>óĜq\l/iFf:!Y,pt伃ُ\\"\sT\\\L\QJ9oh\\\##Z}C\CQj\pN\"\\"\\\\*\{0\"$2<\>]g:ApfL\>\d\\UC<R	qAF>p\BY\\z\\\'tL&Km\Z`\X\?\{=Yࢽ(\-\"fi[g\W|\:vɤ	̭nT=\\{\MH1Qk>w\\t&\q>N\\\~\88\\Z\ퟎ\ss=~^\g\6,vV#ݰ~7v\r\\,|\-hG\\\P]u\\\\'\\?g}Yt7<gԖsͿ5<2hXW\$Hi\\\~/W\'\r\\L(ib\擿\+\\\\\>jm|	\ZJkf>=_o\3]<qv*-\(&km\OV\^xE`u \S5\\/?FrN2gR}\r\+Ĝjy}\|\.\\\<\F2\H\{UQ\\0Ҷ&\,^J\C}\>\8G/Mpk\rn%\غY5GPmOyu%g#縲@\,=oCU*\t\.1\]Zz}P\:qz\n(=\Y(#/ZL\Z1\\ZL\̓T*I6$ V r\|>\\?\BUOJJۚ\\|\Vk\O%\.*\\6M#\{M(B!\\lG\o\\\{OW\'^\\4sl\nk>\hnw\o\\fx\X;W$;NТ\8N\Gq.8\\}YFM\hjX	%\\'\'٢\w,\]$fF\UF\\4\Q>\)\\pw:\\\	$De\"sAR0ko\+2\OT]\\\'8\զ~ٹnG&;;\n]M(FR\ئ2g(Aфsr\\ųw5\\\͸n\ZAw\놿f\0wת\S\땞!@lڍܨbr6ɵ\\e\￧1\rqf\\\,\n\\7FٞhÀ#\"5J7p`e5\n\rXFLD2\Hy\ky뿃\_\:L\\h2x\g}\\˩-+o3\`y4+YM۸:MA\\\\p\\Z9M^9\D&]K/t:\b\sn\ZI?\6CnĘ\"[kV=oTϭ\i-\hX\\'\ŇTNĠ5\l>uOY\f\\hISO[*\Iڝ\j/l\L׫\SOܻti8s57L 1\\ύ\wodI鏭\\ue\"}\B\\\\ZS؍yH)-kϡ<͈7Xώo{Gy{9)Z\\\1u	-We\\1\M s\W\Kf\\\ځP	昳2G]U?oy\\\'\\'\\R`\\\\LU`U	Ff%\/\\0^/~j+Umc[33L}\I\\\F>z\6SsCx J3[=\\W\E٬i``\Yq\z3D|W_\\\}|X^y\\%*ɭ,s\(u\!S\\f=D#H\v\9\Z!^1\<\ctɕE.-Q\\\\Gf\ᳺL\\\$\\LOOĿI*\0{kQ=l0\8T*\lQ\r\ 0mfԛHJ\\;2Gf\ຓ[\\d}_fe\E\Qi\\*0\mS\=\y3	Zb\y)9}\\\\\\g\B\RhPĥc\o*\$տ\"\:fļ\\w \\"\zz<7۲\`;\}Շ~J>\_R3fB\ǮD|nI\ɉ\\fs^O\и\\0\~$iB\3e1kU\K\Z\b\\s	\\Zc%Xf\ޟ\\Z[Hd*O\+\#2\\\0<E\<\Jre\A6pL$^)T\-\X\ZG\/`a\ξ\"#\0\I\pяF˘|\\W\Z@4\ϔ^^$H\r֣{5t\0.TV:r\\;0B~/s&T1yGYM0i18\\nZ7ᨎ\`&8i\\\rE\iv A\~\\U{+ܯA٦QyҶ\\\:+Hz\!h\\MQUOn\\K\+S\]\n\=1ZϢ0~\'SA\^J{\.\Üb\PbpLyϪOfB\E=(\k\\P7,\:wos<\Ny\6g\\Y0F̈́\Z`F.Ջvxfs\"nX$Q=ycV\dt&a4\'=ς\u8Ms}I%\\W\\\R/\\\0V\^G\+1Za<u$KN!N;莩O\~\\\'B#/`q\:\r\[\\=9FV\\\bk\Ȧ6AR!\S۴\N\}RDUP9\\\\v>Ǿ+\rf\z>\r:cikYP̊G\\o\ml_Y\<.?xC\Ʀ;(\F6:\IvK)g\\bPJ\4Gy|?\`&I\/Lֿ\-,tv\ˤ\\	ާ\'D\h\'G\Z:ˢ;\_\0uiˋv1z\M6US. \\_g\}-ќG\r\\>\\Q<sg\8N\`_Q\Kz2r\{Έ7M\sw3u\م9uG\n@p\\\\wm@kDpކ*>z2nՆ&SU\9Wy\*A=\dRWn\"8[<h\Z5k\ho\\\\\r)F`Wg\@-.r\h\RҴL\w!JT\tU+ʜ=9;\\=\&^-a\\\u,m\i\\@\9\f\a\\\(\8C / \۶T\\Wk7䈛݊\\H=\\/	<{\Dxdw\#\'̀Ú\È6\nH\:\LTD.Z	1!\Z8\&yb%{54wr~٭\\\ _\0u\"a@UfqSv\W\\h\d6%\2\0oW	\9Bm\Z=_*\@\fl$Q=MS!b@\F\\>C+{\\\\\,\\3\O\+\\Ba-\w8\Y@\q\\XpM&\t\E>\Xx\MmQx6y\~\\§Խ\=롸՗\\r7N\\#\NXF7LB\\]\ɉ\s9)r\0ѱ\\\Z@.s\0\6@\\]\Eͦ\P;C\8WMQ\㷾\5 \\ǔ*\OXv\Ks&޹}2\\y\M\\(y\Y\\\ƍK(G\\BG[]\\F;[&\kg\\\r@\\\Zm\	)\"xb%\"\h\*\\f3E3 \M߆]\r\`\n^UM]2\c\	]vL?[\0\))*4yG[H;ehyVez.\0\5\\\'ُCmW\_008V\n\y\:\\)X\\v8LՎ,\\O\!:,e\rŹA)dA~J\'\y\߮@B;\Z}P߱D1\00d\5#c\|\"љI\0%\m))\յ=\.LK2ߙ;9Y&:&(q8ܙ\j\^E?_N\nS,wI\N\!\\ZĮ\s\\\+ˣ	DmZ\'\\M`-3B\J\n\\J\0v\MC`p;L>\\"\wZ-:xE\YTR!\Tn\yע{)T\Ǵ\2{\\LwR\<:\\Ҭ*\9z	&\9%S9\\\LFI0gw/|ϳ\0\j\i1\RNv0\m}T*\'ʪg$9\\u̞\\Zb_\5ҥ\s\\nw};Bh\\2Oڀ\Ն\d֬^\/JA%\m4~C\vlw;IOEH`i\'x`]\IղEwy\dC^\\J{Ym\J&#YIb龭\\w^Z\\#\\n}`\VȔ\#$LU~gN\\\\\lVWD2	Y}r\>\\8\#ħ \9\\"9\cs&\n!Bq|ཛྷ{2iPЎ!⤆3\\md(U@\\\8-:\tih\s~ĊI{B?ߪ\Ȕ@z%,\+\nL=\6\0/\\%-\Z\L\pZ\FK3	\\\`@\\w:\pS4/ýs/\]$ep,\+\͑<%rl+l\\mu\i(N~FvՏ\Mhq^EWˁ|w\Z	xP\\;[\\d;X1=\21\n\1ۄ&\>3\\8}\\Gz\Նk\s/,g\\1Syvß\\·%ASƼ\Z\1sX܎+\6\p}\o\M\\.Lt$jϹt\\\vE\=XiۏYcq\IT\3\":\'ӥ\\olq\n\n\\}魂/T,\f\"`91p@lptQp\ol<[S&d/\P\bV&#dd<\aD\qp\遉3SBg1\\\F~c\OPy\\:Y\C\fVG\jc\x#\nňq\#(*1)w%7\S2G\<6cӮ)>\?j\3\z\\3\}ʣ1i\'#NE%\\ʹ(\'@Z,L\0(\\6\\`8\\\\\i\?N*%N\\*1\d\b06\|jH=\'\hB!	\ޘ	>ތ\s\0k\\Z^/\!\\\N\\\\\Sf\T,\\\1\Z\t\H\'Q[S;0\na!/IP\\DBR\J\T\IC)\\W\\2\ aJʩ\o\D;}:m왆b\&\sO\#\fY6_]It/,R\n\\CI\|,1]*Luj\j\\֏}.\r_\ny\Э6\xy\Pnã\! X? \,\v(♬\+:+(n%N:XzDvߠ\"jlݱ[\a\*O0\~@)\ne\\N&\T4r	ckp(3YL\邚\\r\{\kIE\1\\3s\m\:Z0_\,M\ӜR0Oy\\'A\d&\ן|Ouܔ\Z\G\V\"lt\\MFbQ \J\\0Wh\6\L\Wk\Z\g~\,\}n\GLa+Agƣ\\$\9sa\\p\r<\\*,u\LI\0oQDtQ˹`4<89_fqaz]>kKJO\'>\8\\ rQ)l+#m7|wKPÁVj\\QNaaV(\\F˖kp>\mw ߧ\\\\nZܪˢߵ&\&\\E֝50;\_cquEk$.DZX)B2e\'q\rOnd2^t:\Z\,V\auY\oЈB֟Ca;c4IbYw\\;\-+\aJk\8/ԐǤa\\4[.\G;[t\WtY\\nt\\KX\4@1\H2\"\8\c\C\y2ɉa\إs\22@{+\zؕ%%ו\FkA4$\r\+\\\r,\e-\n\\\\2SW\\=\\\P:0[ʱ\"\vg.!2%N\EȱRC\e8\(<Ї\%(\,c?\fE\f\҇x%wQ\e\iqf49\\v\0nY|BPo)8-^\Z9Y֨\\ʊ)\\\pjV\Q@g\:X\G\2T\ԭ0C\h_;c\ZXI[I}͠Q\ZKW]StqI`\D=j\'R3\\ԕT(\\G\c4!\\B۝~\nn\\&R\]di+\'\K:WSO\\˿e\\E\F!\ߑ\OG9qᑚnd\9Z\KC&\eT\%\\U\>D\w\4\2R\2g\\\Beʹ.v#QH\2\Z\ڑsq\r\=\4˱\y.P\·ȴj\'I\^s{\"҇\9ӿGVJ,Њtg\tSR\\\\Ro\̗eb\\'gH\#\\Oɼ\\1ZP\"\S\\O\)Ɇ\ml&X~zg)\qϏ\=\	\\\\\:2K\AL=#kst\\>*\Y\\`V<i\\\'\\썤[2fY\VYp\#6<\6j_X\\n;X!\N\hTzG\\$sY©w\𹟝\z\\\lJ\\ק4k\S\0\쪨]Z2U=lS<vt!\P\Jqe\Dy\*\`!lM\\K\"Šf\\0µ\сoj\D33\\}!pk\hW\\+Mc䰉F\LN*\\k\e)|\\\"5\lnv:Vf#C\\`\\\wO!rX/\b\0\I,lA-6\\\\ض 6ؔ^KGb\1\Zӛx\@\U\V\P4\]Աf\#f\\\"\\vWl~(5\\\hGHya̤bSXB^\f\U|Y\Q\cz*%5i\sB\n]=,\\6&:\,\	\[,\"o\\S,98Y_\y	\\\{#\\4~&5)\g\Ҧ\&D㘀i\\\	\\z\|\S#~\lEy6\s\\0>-D d\ˁ)^\+G-^\/\/\֭ˤ2\_R;k}1e\\\ciC9\\	i\H\0;f\\N\\\|2;w\Fɨ 58\0lɓbtn\\\04c]\s\02̘\"\1}jf\Z\\6P<n7ahZt\Ϙ9\jL)e:Ժ\H:\m*!\0,=ekfpl\%&kN9a\"zPq\n^\6\X\d\/\\˘2\?|`\r^J!\\3\0<opC\Z\\\0\kv|2jØ1G:51K%\tp#\"utX\2xcM\%?\.IؙXc%~v]!,=tN9\_[\yĤ$EӪP\\r\n&be&\[!\3OSZ,ീ\r\\\d(\"1*\;q\\еgDrdٺ3]R?9L/\+Q>\nes\=\S\4\'\Ȟ\~\(Yd\r[W.\MZa\~1r\\6LP%ӵ:1>wLuNrj|\8\%zoG\}E\\gzu}#\\(\\sJ\\rs\ZqnpCJ\\>\\pϰrWzM^SO~\ը1a׼\)\śq\'x\3p\O\\\ryv+\\a\\\4s%Yب\\\RO\d璼*w\Z҄\^\R77\קKsSoN^\\j1\wL8\W\\>+{sxj8K=\\:n\T\,fAa;A6+=krV>$\\\/\rrb=f\ZP G\q\S\ëL\'CO\`M\>šU~6\\9}I\I\\0\ʰ\赦\nH=sp1XB]\r2\)fK`mxR3@\޳L;zF{i\F\<p\Q3k\i<\'^<-\h{׍yX\"B\ܞ\yU\	\Zy\|:IʣOH%ߵ\th\\Zn6IJϠ]&X(pEYxCN}\zp<q^\\}c%iFZƯ\Wx\E8;\\\BW4I֭#\DǊJ\G*e4O&\Wb\a\'\\:Nrt|\Ų\\'Vf^ѐƶ\\ʖ\"OF/\V0\3K8.d\`\ݕk\\3&c|\\^et\\\R\n\͎G\"ch\I(ɬmj-\`\{iVE\ A%!\aMzNRY\\|\hq\\\~Mq:\vF\'^_ \c(_`ʮvL2 2ٷ\S\&`I5yN\[\\ZN\#{\\3\rk#֑\\\Ƣ\rC\\\r\n\<Ϭ][\z03\ZL\\\q#\\\\ڐ{Ga\/mV]\\Z\01	\{*Ѐ\O\#\\\\\.˺\k>7\f;\\\G\\X\\}\{\Z\F\Tk=UI*RX\"\ErR+}\T%a}\0\n(>dX\\fDu\It˖}%t;-\B\>ؔ\")b\5_x\\SLLJqN\\pa\f		߬I18\"x\]%R\`ơ\`\\\%Y\ջEP\'[}\d0sZ\Ȕ=/ԙ\X\ TVm+g\#Z\X\\\I\\j\nH^\	}Vgi\\\'?4<\1q7̬T\\n;6Ï\4>+>\c96!\@ZY\\p\\\J@\w\Z˧v\"!9r\CFs!|\5j\S\\\,N\\}Y\\t\o\\nE\\Z?{2Tf5bO\Ȳ~eO+CEN Y\Z:Uey\\m\\K\\f\0\x^	 \K\s\	\QN9\z_a~ՖtixzVk2A\G\V|\o\\X\\\\\@\;\\\\\*\O_\\"O\\y;\no|$\9RtFQJ5Qwt?J$@\<\\R#\#x\94\QW\\\ˁ\L\:̟F,T\21ߢ\"aY\SN4\\e\i|c\ܛ\A\\\<qߺ!C\Tb:&\\x\fj>ЦV=n\\Za}gL\\\\\b_qk\ZH^\n])%#\yή	8y\\\Piw-\"K¼\K\\zε[GI\T}v1]Lp\>\05T\:[s\crXI~e\qj;&0EG\P\ٲ\<Y Adj\Ȧ\y\\r	\W1\rd\?GO\\~\FCo\M\70\\\\Fӧ\c\Gԗ\eWV?n+~9x^r/&\\_ef4\\08_t\V\\k\\\\1\Ī\q]{i\=1߻\ҥCC~\\ĩ.\l\)\r9\\\\/U\T;=2!V\\\I\9^a\4\^qUC\(\DInPȨ\;:\r\h>\\01rM\`y\2\\B\-g{\`kiX}\뚠ZB\\-=7\n؜͑-웿R+`\\\ ]xx!P\h\\\JKH^>X\\\\9T?\0\r\q2M߁TS36\e{Ē\xZ\%j~\$\\,%W\\\W\"u\9[rȪV\\nR̾qg0+cQ)\U\}.\nwy7\5\'Z̈\\\ƴGfN!-\Z\Z:%+Ư\\iKf\᛫D7	\V-@\\M\~\'n	n\$jQ\8G@\-8\k\Чy3Z\\Iy\GU\rt\\\2\\?o6A\bE\\\k}n!?\\ye\m\\A\7>\Z w\ݢ\lR\\T?\b\A\\\o#&~!92C<(\\m\w,ꐟ\nE\rʣ\=ΘJy\ġ)iAjg	,\V\~\f?o\\\rA.\H4tps\\D\M©Y\P\"NP\\A +(\\5#\8\K= 8]uȄ	\I\(z^r=]>	G: o;L2\/^\y&\g>#j\,\[\\?\.\\m\\fH\\\\\3\tl=\\'$ع~SU\n \\Z\k\\Pi\nɴ2Y\[RI8z\7}\p\d	\(\npe]s@\wESF\1%>[(Y{<AzD\\\+ct\6\#\'\'\\D\nhg\J\	>Wv\قtk\9\W$n@G!왨\%/ï\!\n#\[V\YJS\R⑛\$\|FMɹ̈́\=\\\\\sѨqY~˃1{\m\\d,ed3_yA/\e#+;F\Η+4\x\	4}4W_`\\x\Iα\0j-9;nzWw\qـC\!\^8iE\:.V2PORa)C\\8\~N?!u^zB\3Zd6꽵3\jM{\nV&X\+7)\Lƞ(`\	\\˂ kX\8 (}_58iш{bf\ZDI-\\"Q:[\r\\d>3\;DoXu\[\\\e\4\\\ZӟM\1KA\1kn\7o[4?#\\\|HT\/!\yz+fئ3\vݪmK0!1,9ǌ\y\\){4\zc\{O)3jF\Ji\)\;㽼b\U\T¿OEy<,{_NiM\\\o[,VW\\&\\\Z\10=glD\O+<\+Qk7k\p,\=kN0F=qMYk+o\}\n)B\\TL/\V\.oM9\Z$\Ԥ)\mV\po_ӳ\\du\'N\\0\\[R{H|D\}~DD\\z\\\ЫI_\HC\Y\]\'\eY\\\\ZϠ\\r;FjgGr\\\&\\0.{5\d3\\\\J0\Mw|VS\׉\\\#C0w\l:uAy0d\\=\?`<\ܜtɭӛA\P7[4&>mM\0\|\{!O\nz\D5ㄓ˘L\?\\h1\\\S\X\\aD(ɾ<RD\'\\A\\5[z[쒂q\M`\*\^ԁUa`e\Dn\_=o@:W\h\)enM\|Fuyҝ>]Y(\\\\Q\/\ r\L\+\"\^~λ\\O\ǎ!s\n\\2\ƙ3S\\@\b(n\.ڿ*\\e\nP\b\07\mF\<\q\ZPk\s\\/0r?\\'\P\\ѬC\\#\G%m\9:v!G&r\\\0OHӑ ǴIU0G\05уz\,rk\<#AWO6|࠙:yin}eJ!t_ X(jJ\1\h	!ɏm+2sI\\\Cs\^qY=cqA3A\\\k\\=\>\\i&U\}>|չg[pqW2\nU\VFZ.N\L\9.i±\^:Ȕ\\\(\\Mw\`FcYw4\b\0\\\e\Z[(E`@\\2\\'Y\,S,\jMĴ7,}p@QS?E{#\T2fc\4KF\\4KT\\\ly\M94\G\'\|^ո;fy	YnZ|w#)\Qu\'ҩ>ܼ_f\Z\%>\\\0,4\\\\\2:\\0\O K\"7\`L1YfI#*^IX<R\}\450\K3$ϡ3#\p\R#rgO<\9\".<zsv\JU&\\8.=:/\@\\\\.dSģ?u\\\7UQ8-*E\\\\\Ǉ\6]\nߤWwn\\\y\\'L3\g\r\\rG[kD\`\U\3*q+w[Ur\\oM5/7׼\y\\Ǘ\\F)\"\rD\\mOf_\nyu<p\hI\Q\Z/pS\\E+ܹ:~S\\c\>ðG\Z\hCuh70\ӰE)K>0\0Jз\JqS\#0:\E\\(-\	[\P瀻\"W\	:d1	IQ:.B\\<L\̩\^\\hQ ď\E/ۢ\\\[nɴXD\Od\i\\-5=rb\"H˭၉\\\Sw\\\8UG\\WLR\\cYI\\\>/\Y2ފ2\WS\0УP9\\\P`LkB;&&,\\/\Jm3V\\\\^\EBA8\Z\l\0z(;5օC}H`8k[Ⱥfvw&\u`okX9N\82Oy\\X歱n\Z9;.7@\\O\"4+Ry\pf蟹TZ\@܈(\5\wZFX\\,)&C\u0/J҇`+\\\IՊ\>\Ps4\x+o^JYlV<U2ID\w?R+\4(8dLS/y\+wBV8?G@\\\\ZUQtFJhD\\Z9ePo\rJS-j&\\!\0N2 MaLM2\\!-#ɝ\)\E\JvR\\\\`\I2tapFȘw\G3j\>\\D-s\Y\5\qQ\ r8q\\6ٕ*)7%:m[\\t%\`Tnĳ,e)\I	\ӌ㴌\+dZ\Z;Fq(I5w\\c_D &\\$0\FB\xlF2=\\Q+\+k5\\HѲZ\\24\ \\km\e(q.	BV-Ma-ԦY3>g䭬55\\18\O\\qY\ʨ@̐ZFJ_so΁+_Φll#\Ġ,~!&}Na97_ؤIU \汑?n<\n4vF\)Rׯ$\jhKFotm\N\rd}ڂ\Ak-	qhCT\OЎWU=ei,\G\W悱-?\O˭?9\:\6̄h2\pD;V faYGysw\	$޲)\\,cE\ɊDvL\N \C=3]&\hڡ\m\I>;\X׼\\0y˱\!v#⃨\"3dʘ唂t\ի\i=\e\\r\>s\f.^!)#O/\Z1\矄mKy-ƍ?p\ϵ-!\$J2^鳘\CN\˙{{\\4\R<&-.ޒԛb\0\,W\9hIE\(\\0/KY9\&\E2K\0nPD\7?ӧ}\M+\\r\A\\*J\S\\gN%afqWJ1\0^4\0-At/RQvu8=\\5_\!,qh$A͘\8	\rZu`4u0OKe&`\(\`[,عupwm\n!\0\	4{ndO9N\Y\vo\R\ވ\\B\}uu\v{qE\Ow\Cr\"ƥ9\\\Bt\5\;>F\t=(<\gfyU\\|)[3݃\	\ \\\2ś\3\m\\sr\\\\Q~Iu\>8E\\OqxY[j<\O\QOGq*|\\]R\Zշ|oRMGi>&RT5d$#&\kQ6\n5{\\!\ZF\r\;*K	I/FZ\\\r\ZkcA0|[\P	%#.\ko@3w\%\΋vP~$GoG\0\n\\*K\J>Ǽywu\6ND[db/8H\0tɤ\JXr!G4*ߜ28\0W\A<C \0v\'}$D \"\?\YA\\*(\:s\\ĩyA-Ā.d\\\ `=sp\B~e\"Z9\\V\zZ\M6-da\'0\\(\4Bp\PYԲu\Zv|bi\pfSeծ\jo\S\Zs\#\mC\'!Lk\\Z\nϋ<+\\913Wlt+ƫO!\vLw\;(c\\\))94\\#\L^o\\7MHj+4\'\'\Х]\\҂f\Z\ig|>+hwS\ﻹӥ2,5MiECӱ<2i\\ZhKi\r(\W֧kΥ1\u#)x\Ǳ\w4hq3qh\\ZyADO/|8\,*ꑿ4\9#h\p2m{˽&H\r\ &\H-#x}LR}%~:0\o\(\E\D\lf\48\;8г\9uy+lN\a]ZdN\~\\ygM\ZNHN2\.nk:O\p\)-\5t\\\nf0\q\S\#\*o\@ֺ\$\,5\\\#\7K:Jk1.v\!\n9\.\\u-\d8\edyY7\n\#͙\r:d\\QKlFQ+<\Rg;Cr/\4\lmzc\\*U0Ǖ\\r]u]\\"\0QǟzfO\4.\rś:\O-\Q-\rsĈI\\<|K\bL-\!\\\0\\96\CWL\%\\ѾG\G\ez&t\\\\m\N\6Ro\<\DȡόZ_i\\\C\$/qtѲ\Ȭ:Eް\n\N\#ӻ\\E/\	\r@0PO\\>\r\Y2\{Њ7\\2\nٞQ\\x \oJ\\\$ u\\)\r\\M\\w:l􊡷	\M/Y\kiǥdyg\#D\ШZzt\X\\\\[\ZNLQ8\|]p6@6\"q\ҩ^\ӻ0T5\ųWv\LuoIC\ZONtOWaa\ZJ\\Y_NO\i\5y\V\\筞\{:\\g\\\Z3<Xu\MF\\\5\5\~\uR\<\*묠tϮG1\\ݒJ\\\3\yiFVң\v\\\,qAr-Ş^(EfGIn=	]\R\\\\;\Z\\0q&#\"t*H}e.N\\ʽf\\\\\)^P\}ئ`@}\{f\0&9\H@LB;\,M\\\srh\b\\=\\\q,8\V\Zyx\\\\i\jdC\	\00\I_\9\e	獘\?|Dq1̊kKndXm^*m)!y\UO\'VQ;!\\\0\( x4~^o\P\\0Ӛ\r<+gq\ڻge\\g?V%\"\!:@\dB9=ec;\jnnG%\'\'\Mё\"Fr#3 +?o\H\Hf{UP.\#\\@]wn\\ss?#<\\\0At7@N\n+Zc\8e >~\ZIN!\A\3+\r\o,-\@icz\N\U9E\>=\P.NŊ6&@\۬ʛu-2궠b2GgFG\Ӳ\nDeͱ\'`q\-\\0\\'c\@w_\!\\6=\\\"\\\\iNyH=ER\>B6=#%=\\<䂓؀o\0\B80t\lEW_lQ\\H\̇Wb\\\1\~`G!ȝH\ \<#?F*b|pߖat^\\&tU\0w\kygA7\C!Kt\\3\\39y\NGԘq9\\ȣ\p%[\E+\3sFw-:e\r\IPd8)\N>\mK\U97Li\+г,\\\J\֝6	{%\AUɉ˦TPI#u&\0,c\I>CdD8\|\#JQhf1}5s\\\NRz\\C\ڊ\ZQJ,\9L̛i\Ӗ\Jr\F\ex[Sś\ZߌJ![\:\[	\\lH$:\\>2HJ\\\mx#]跆M\\0nYn#CcwZ\M\L\\^\\젿$\\r̖a)k,O1\{=FtU\\@\\ʌVF3QFbܗC\\na#\J*m\\/\\fk\#b4\\]eopexM:n5ܣ:,WS\\lJ\t\Z%K$\S`ZS\ˣbLk\z\ғ\>q\\"a0{gnzKJXz \nc\Zmd\Hn87@\\\?E1aa=\YrD\\\\.	N\T\:;\\(\5W\O\같%7-3ͨs\\(҃Ol\\\\")\\\r\ N(	eZ	(,pmy+\7X*\"IK\\*\:\Ts\\PәG8\#g\5|}8¶4qB@d/f-T\\@3\2\\%_\L\|\-EJ8.OWDST\O[o԰?C87&%љO/<4!Nɘr\~\bBab\\>MQ:Y|4\\rrn\ԅ!\g\\\V\0#mK!&\*Pj\Rr\̅lѷ! \'\Ӕ^\\J\\⼓\0\B\"l)\?[g\2\f\n\\\\0oOf\\\9\To\f\'|\"!C`-w\\{1z&\pLi\\\\l,87uJ%D\K\{\)x{\\\TMB] \P\kݑJ_Q ;O\ne!vf_k(>oD<z\]tw5\P8+b\\ ő\2|xMOF҇\\Z#{<\Z\\ƴ.G1\hn\ݪoQ\z\\==#\24Ĥ\L\:\Hd\G\\nfV8-\0\ؙgn\Z\\ZI_ΨL\\r\k\6UlG\\Q-\F#?{QȖ	P\4EB^yܼ\Jp.Y\\\װ\C\y\\\\\G #zX\\\\\\urJrb\\\B\-q\3@IiG+\ZB]3;ZX>=\n\\tIx\\~ې\{b.L|N6	m0n$g蕁X\xRV9O<|?ƍ_7Mr\{D\\Jx,!s<\\cdNĈ\\\@\r\"1O[PO<\\\g\\ޱY\nJ$ۋ2w11-\\2%ť$)8E̷\ut\BEf7~FVs\z^\eN_D\v7\\0Ɩ]1\]T.Ϗ16\\r\nno\-\<\v\p~*\t:O\'}qs\|=Rk]8z2\J\\\05\G\>Ȉiw>9\m<۽=\T\0\0Z\5\@dXc\=\}UG	҂ɖ5Z\+\\"If\x\^lkDD:5ri=CO7>-с*_mfD_\n1\w\,\rS\"]9\U\\<\\\lHA\DU8$F\Z\\.b8W8ʈp#\C\0V*Z\ktE!\xz\'(hH\\9@t\\jd+C0f\\o67s\\\L\\Yq\lMpJ2#\I\f5pĳ\0.q3 \\'e\g\8߻4\#(\fߵiJ\\\\\g^[J7\\Y1\on\\\\y\#7o!i\dn$\\\\/\\\Ec6\vVXO.yVh\\}/g\q\y\\p\#P\\\r^\n\?ӗxi{#2Bو2Ϡb\\\ \j+ޖ71Z6?~c\@S\Ȥq-;,\\\e槗T\d#\~$^Y \w\7#|b\_\"\$\|>I!V\Z ˎV_ަWFY2S\nEв*~5~~p\b y5׸	i\ژm|8xV&$Xv\r)Jhw؊\\ ZU\\M\c\\p>\\l\\\\/9AY\ฎӈEei\-Ĳnl\A\\L/	\4uƣ\w\\C&L\@M\0ITO\"\\\Xy\\8\Z\4((XQԏ\Iht\\oh\\\\,\\0J\"`>c2HFAi\\\By\'6HS-\}ۥlC\Z\\/HQ	(!|itF_I(0XƏ9w=\0ʦ\ɓ\c]L\+~l\1>G\rTsO\d8\k`w\#P\\ɗh\* \\i\\E3n#\\_(!k\\hE#\\ЊI¹]\6\0\f\Gk\\Vf\%cZ!\؋H<#Ʀ\\HSH\\ʹ;\7d\-qu\\\6Iru\3<ߺ&\uRȤ$H\>D{\"\0ҰLc{=\Bf}L\X\Z\hemM7eh\zW%-T\y\D#n\t]l\$`o;8K^#{\\6\\"-l\\\Ci$\n?\\\\\\ĎV}\:qU ƿ\\_FM<OXЎ\\#sF\\0\DS\\\\v;q\d9\\Ad\\5\#2u@\\rq0hkY΋Fmi?,SH&\;;,\e\\߷\\0ƖD\Fo{\5\%d\$;\\ e>\j\m\0O0`\0v\J#X.{&X\ j~\Z-DMq:ENТA\%B8ڳsr\*)`\SjCL\0&=\`E6\\vM4\h\p/2AqKn\\3\K\\\ؖ$4W!N.xj_i`\V\61j\>#)\Db@x\8$\]ǏhF\!\n`y2N	\0a~ c@0\1l}ҧ\3{pϚ\\\\0\"\nz\?#\\C\	\Z\\\Ҿ[27%\n&3L\\\\yV\n2OD\\LNy\"ԃJ2F3Oʤ\\\C8\PWPDJ6\c.}\\ͻ\t\ƍoFD\\'=oOh\B\&\\՗\M,Sm1ᔘ\ꂃ\\\\k%\\nNa9\F]5\\Gw\ҺD	\y\2\z@\nM\\S\00\\\烢L\z\w$\n_ʗu[Z\C\@D\kң\֔,\0Ke>OSĞFL6+<`zq޴I[49pzXJQhԸ5\v\aB\\r%G51*(\rRD\r\9\cHA\=C#٘ẚNJ*<KT\%=,`>r	C]1R\n_hf\e\ht\\+\nv\g5RGpyR5\@q\F8ycu|輀[\\\u.9!~\b_\f;	ǚ]\Z\Xge`XY*;+\\)\YgѦZ Z\?oI/\9%\\\\Yȩ[\cP&O/ȣOS`Z\s}\'Fj\ځl@-\\\\t\L<:\9B\f\r\y9DϙfR\m܄?Y_2\ZAOo9ջ\9R\"\\oei$:	F\l\\Z\\Tt@\\<T\\rw\kh\\KA\j>\˒Bup֒:C7\\E\~\`v5<`.\rPW:P܀F:(YB\\"\D5J2\=#10\R)\\u܀C\\#O\'|,h\\U\u\\rKҥo|\nt#\\\7T;M	D*\ωci\\8@	\GH`\؃Sͷ`4\Z\\Cc\dS\\\vڮJ\q\/T\Len]tPoLmj`}acv-Vߟ6\s\+F\;\"9qE\r\T?B<}]!6䍶K8tN\Z\$\rbb0َ\"UOJ2\)\桉ÚDZ<\d\\Jϙ\\\DƲX\z%TQ>[SܪkJG@\"=\\rFE4HYD\AMɭtNhY$Q\\\'@S\nhS\\01GLC$b$pZr\_`*%< s\^!ZK]\Z\ʵ\-\0\\0\\Aƞ˽m)ib\%10\\DZDMLx7\\\\X͠:٦`vV\\W\)\zא\\\%UR<\JT\@M\\n\'P\'\L\@tZ91\\L|l/:O3Za\r\wQ\yFSoDl\jG\\\v\rp\@\\\\̜RٸZSZ\\aa4\kQ\W#O\=8q8Ӵ:o!gNۅ(;u\\nwٓ{\L\=\\[\\z\J|\\\b{\"\\\\\8@\dbi\\;ӒI\P\Pshg!ժcqҫ\yZ\ßa }]Ga\\\{o\hm줻_S\0ė\A	\	!ŗ\2!\\Y\n0T\Y\.ƮW \Z\\>%\3\\܋R\"\a\n\Z2z7me]`\a;\3&$\?\RH\d2dДybkBR\{\аA\40b!cX\h\\\\\.\2:S$!ЦQ\t%\`eAaВu%E~zbX<\~%f;4C<g 3IZ:h\g.H\\\\\\I\\7\t$w\^DS\O1l \\Lnv>O)}v\\\RykNECPP{#I/+lq\7rTB2:4A\6\\(D\0u^KtyjtX\^&dx)oarEi\_6w/#\y<\xXRf~Ӟ\\\\!Gc[\C\'ƭNSM\0\\ \#rK\0،r|\Jf^ǋA\\\g9өIiI.\\V&\;\J&\)ꫤ#]%;8C\\74Uu.\&\\H\VI\'Z\	2n[h\0\=[4\\\\hȔ\RtZGpTii3	Z\տ2r\\w\mOk\\/?5r|cґvC(e<B82en\-ր\rJ5\0Z\\\'W\*\C\\<E]\\h߂^U$@\xL\\n%3ś9\F_\X{=\Nxb/4ʏ}9Ǯӥd!/\\h94@\\\Y\ދ1tjG\\x\\\Z*j+\"M7}\r\2\If\"\\\E>\j\=CcA\O䴮SNzƺ507 Y|\"N\0^c\M=2ݱ\\U>\ńXB=c\F5δ[?qn9cM\Zd<,J\Z=\\@\nQ\r\:K~AW\Ϫ5\\X!;ᇌ4\\#\\-}\'\Z>Y\\Ry\~È\"=~\&!\B\҅27ӥ\\J/Z^`\܎\03x6B\7z4-SMDr\h\ANBBX~Պ^\;Li=B/f\\=\0\\}<li\lEg\ZZ+K+M\'Z߸KBz\\D6|t\PNn:ϴW\#\޻<y\\\*5a\s0X-{\\Msh\\Of\0!\H\#\L.\'}֎@#|9<)81]oztR q\XO\f+<\0\\M䴏0mǒ3\\--\\2M,\䐛\ouW\\\Z4\\w,~\'ӧ5,kAbl+CO\'	X\-OI\\ލrV}>}B\\\ct\n54\4H?_ySx,`\[\+󇃷Cx۫pd\F\Z+7\0j,g\iHg$IH^8W@&0&`\\\&\\9/\T3\h?\\n>xV\󃵨\\\=\Mm\r!n@-X\\0\aқ\jFcʭ\0譥^{XH\\r\O|$[E\K 6\m\ԣA)ؖ\r\,@g(A\/aT\M\p\rIy¥\d\0be>Q0~xH.̋&Q~t\ H(YR\́`\#\&ByeTk\r|p}p-\'qHG84ԌΚ7\U\gz\:=-\B\w7\}?}a\\1\\\Z\+i1@\\\;AۗtuGULJ\Z̬Y\sS\'\B\dԞ[%r\u!m}b4\r\ot6`\ÓhG\n\\~y\D\RkY֚\rMEg!p\-uSY	-#wa]S/^-\7e%u䲿\<q\rJ\Z\+l`\\'\lvY\\'\P4όT\$&iw3zUy\|(\\;GL>/gd	\4פ3\C9\I\VN֝\з,k\i^VwWץ\5u\z\6\c@.&[Yt^\MQN&?DmR\)\\0\\\>yJQƻ\$\X\. \\Z\'e`̡K/\Z\\\0y\ÆO2Z{\r\hq¥tұv4t\d\\,f\\B\{+\\<- Iہ6F\Ժ\rk\z+kaU``c1Z,`L(9B_f_9E\\ҟ;AI#m?1uХ\#\|X>vB\5\\}\uatÐ@\r _\nI2i222\M-ӥ..`	\6i2\8tĉ2@|:Ò=P^ր\DD_\Aoc\A,#`\tI,bD`\\~rO\~\8\\ѿ\I\Ґ;\J\\P\\\M\r\i\hI_!pA\\( yՖ!u}\\)q2\춦9 3	s\xA}*\)~&RFQV\\L\:\\\\u\𹛕s\*Yӣ&V^\\rJg%@\0uwuLy\{Oy?\\O&^\ݍ!\ե:)\4`e>\`.K4W-g]\A\5\'\g4\\ӑ5\pwjlx\b\r\\\b,Ƶ\;\a#o\Tw\\Z\0\Jy4 \@\\dE#!d\@A)\\CLѠ\vG&#l3{\\'\7\c\\\w!\Zw\A\bpF	{Ƶ*\6)\FEG|tZw\~zIva\\\q\n~\\Q9,\Zfx8fA킄\cphJR\K{|kP&`h\}=\n6\\!ߏ\\8##D\zu@\\\]+Y\<X\a/j>\<wmoC\Sda\\\V.\fl\\\(\Z̡H?\ ڳL.#!Y\g4\,]M\F\\iNd\Xv\2xVu&r\JaZPt{\F\\VTӍ\XMWx\(1T9Y \D1fW/i۱\~\Ojlh\+}S+&Dt	_\L\	\bg\\=\X\@d\/uDL\YL\P3񛟡N\,\\\uH.2i\\ra\WMdv<ݎ \@\\\ݘvR`\\2ll\\|\\_[\r\Z\0i\L\0l\\0\N@+\X➳.\\\7B4\\0\\nat\Ub׸D{\\-c4\"$\\o;#}\s`@N4\UYB-5\".\m\c\BUTuxW26^k\0s\t\\\\Dˑ}_}T@\0(I\niL$W\~h\nζ)N\bF#\\0O95U{&\+\=.`M\\eǫRGU-\{\nq%<\i\\R\:NWf؃\0\G\Gb4\a\v}\i\\r\Z^)f{aIf\z@\u\\;g\\Zհ)\ɩ\7\ES\-tsʛ#`t<PK׵\4~\F\	t%w0\0\\rt\n\Uؑu\YŎkA#vi[\\nT\0@m\0OR\\ع\v\Y P\V\Ӏ(DLwrXwJ\04*ؙ~;\\\YQ\`\R7 h\\!GcGo\\΀\=\\}P\8{2x\"\M\'\>j\\\\n\\>\'\n	1?\\O\M:{%ݎp\x\26\8\Z\V=q\79\0\\@69Ѧ\\\i6\\.n\T\7HgJ@Ǖ\fk\\Zq/L/N!\Z\u\/q[VaN\r\$,z I\tF\3(WyI\\TX\|c/Gu>||1\Wo*\rKrd\\Yy\Zyיc&ݹ\~V&9*\Zi\җ(P\\%n\n5\rDШRU!QtT\\>(G\>j]Ed\9l]޺Eu5\.v\\nꪘQ\\->8\\[ϕ1(l\U\7F\@vw\[Gu\\9|9\<4\0\\#i\V	\"e߹\\D\r0fϷ\)eހ>L\ѹ!3Nl\\|\ao\Ml}>;h]S\\L	?\,m1\V\ ZI\ZDA$8P\'\E\Ci\@\dn%\&2\0o\>@YF~4\0\'4dP\X3?8\I\\"*-_e}\2:|@mCh87V`)0H+>\r,^FhLЌ3i\r\\]\rE\>Č)wMV,\j\%\zqs:$qC]\vY\\\rSnW*hv;\hdy$ltl\W\\TLUTm\+nk%\\֟3JEw\nD\rQ\\\\\'dXӨ\a\\2#PTG<h\{l͸s@u\tmm>AKO;y}f=\|N\q\E\_IkaA\\q\r`ݺؤaoa1K\ab/\K\v\ڇ(\Zg\fx\+\04\\suѺ\!\3g\B a2yL\"vYB&T!\|&\'jrPE\"4\\t?\\y6ty$~t/\'\ \\6D9j\Vt\fJ˺\\m[Qԙ\r\\c:®\L\C\'R}\4Fs%椸0R\^\(qW\@*\9\j2YտʔB2\\\Z.W\zkbܮ\P\h[*(W\Df焣BȶЏMP\FKm\\J\]6[\\a5Q좮\"\\>\*\v\C[]yg84\`mD\3a0h{oh\l\!\\o,\b\Z\՘$L\szm\\!}\2z\Mo\F\Zmd\0Dz_\r4`\\Mҭ\W\r4J\\-$4aq߇B[8A\#\a\\$in\0j:81|0{Č,F\SR\n$:u\0z\\DHG{:6\\P\˶!e[GfAm\kD\[(/E\\a\g\Ҁ\>hx!SQu\4!:\z\⸪7\0fs\-DƦ3\0V=Vj=\\\eqU\r;8ɖ\U~?\F\01\\9\'\q\R\^\<\\C9}J-\OoMI\Z-,\4M444\0\ZB\Z!\Zi\@\ni\*\Fh@T\e9\'[>\O&vxJqB\0\IǓ]\2\.Y\9j\\\"]g\R\<]nt\8\d\XN\VDd<\!\e3r1\'{0dma#_^=\6\F75\{\6X\\\<0l\\?E\~\v\Yt\$Jsc7\vI=I@C*\l\2D:oD}xW}\oeq_ɞ3fge\Ӑ\}FʨFS=0\x\&\D<ir\\l5\<\䝭!\}\0\9\\\o|\ꢞ3\B`Z\\X\n4\|\\\\}Cg\\'.?&\a_\\֊Ao#f\r4vC\\\\\QF \>҈M#PY\\\rEV[\\JfZmH#\J\rb݀\H\I\\=\Pб0&\ӟ?]@\7\\rA	\r+Q\ni\\^{\\Mwx-C#2iBW\4JM\w\sCǬ-mWOS醽|X߈I=2Ѫ&\vs\l\\\`@k\nufxe\[SB\tӥ-`\M9\ZL@<I\"-j\\ۮ\\dd\'\\xU7J\4M{\\Bѥ9\pZ34M\c\\g\\Y5c\q~L\e6>o\B\`\ؤ1㲛D\wS]\\3FRJy\Z-+\HD\p_ZnA\\n=\n\Zق#) &*FVfkrD#\\xr\ZYŶ\"d(\rihr(Fs`ե\1x\i\\?\3D\%\'w>\Գ\#\n&˵\\rCA}Θ\̑*]9c\\&2 Ѧ6H\m!dp\L\\\y\VM*ߺ-\\\\F)\29@s\\\@DNy\\"l\\;>p\nBB\"\0cdhK\\'̌\﷒f+3aH@,\X\n#]3\OWyz;\\]\̍D\\VDJӘFN\.\6NNǚﴨ\\0\rI\\[\\R\\Lf\r?g\a\'W\\^\"\.Ex߯\D\n\TTW\0VW$\\nƪH]Hc\jFVغW\"҈;dN\eSC\I\\0Ƙ\\\\zuu\cj\'N@axa\\naR\Peczep=\K\w\\߸^_7\B7OAoЃ7m\G\c\\;g\HQ\aEhqax;\w/\r\"\\K\r-{\Eӡs$\U\n&Nt\+L\u3S✚M,\\\e\0\\\\\\ri	\,V#,\\\ c\)D\R}SƜt_?R%\r!\5\\cI\\1f\U/\.\`oH\0lMU\\a\v\h \"t\ZDV]\\ؾt-\"kA؊@W\"*H\\O/y\\@m:\y\րyt\\1I~03Y\׻\\$\d\z#qdȞ\Z02V\\G\1㟹i\4i0#h\n4\cg\0_\>\\ƴM\\0\\*\"u\\#e\$ Ng|$ƣ$eL+=\zN&\B0 \\JihP\2\rէgJ\\p\bN\Nb?s4\\\y_FD:8Gt-8L~k]\Y#qq\0f\v0\࿻\r2\a?]Ax\8zw\"\_/DhL|-\&\\Q_\_\3,\L:N\\@Qn{\)\\Z\0\Z]S1ѕפ\좳5+EQݵf\2vr\KW\@\\aA=g/:yӑT\\Ϝ\\:lݑ\\\`\k;\%\\n|I׫\`<\r\\wg::\#2ws)׉uj\Z\op\'ڂ\\\\oEn6,F\4Uv\\T\:d\\\_M?3\Oq8 ا@i!\|\\j\\\M0\*xԞ~\Htg\}!1\4u%0<W}q\"-@\_\'\\3\U|v{G(u\z#׽	%\\0^ԩVf܌g n!a!Q\nZ\}i0F+\La\X@b\\\u/w-\\\\	B\4r\\xk\nSP\V\\ZN5e\Gf\\Ŵ3duk_9\Z{u0Mh\$ji\ 뫀\C&z\/o9AV>iꭋl>\\*ش\p_Qf\nqt&`s|.*B\HRK*(d\MW_}\`ptJ\n}*\c\'`\\z/!\;}\Z9\@&\]I\\}%\|*x#7%e푞\=\<2$-\_YwoN\\in\3=\\ߩ\ [/f_)k+1+\\\H\93T;\rz-\\Sl?U%MEQ\eȉ@\]e-\\Z\'[CV\YoӋ9\@ض; nK7K\*p\;N7\G3\fu&dA\nY_Ȍ~ \&c3\'\elζrnc\0&St\T0Em\t+aw\V	<\OA4̃3\\\\\\+{\\Vzƣ%At\\4\hO\_u=xnb	0tZ\m\Z ,\\'W;\\\\`\\y<Gň=Ä^;)3K>$\Q}-N@;\rZ\&\r\t\f\\+T4cA\\|W^HP\s\kԁ7\eS6|\\\\x.nMC_ʱ:\^W\l%b\\լ\nt\)9\'B9\\i\ȉ(*\t]\ a\,\\պo0ޗ߿u\X\'\e\֌9:]߈nV`|9L\\G\z:J\q\Zu\EK5\MrѷcJ.6Z\\Ӥ,ˮ\%*e=Ls\xL\\ִ].\(Mu+g8\\\\hq\\ ʼu\-VH+\\\{\s\EQ\{~8a\\AdK!zYwA3B)4iDU\\\Zԓ]d99\	(ҬND\"\nB\\FhĽ\~`C\c\\,c\}\¥\Xٖ\ZV\rY\\z%\8b\Z)}\'R=m9}8]9\)֚\[zaO\\r[7\\0ld\/i}\0\S\lnlݸ\rZG +%m?	\y\\"\\\(.;d\[\t!E\\0_C\\<Hv2\-قCyrI \pRuA	E.}N\\\@uy۴kD1kfo\ZFLE%\\Z<\Z3b\\k\9s_\r\B1{WhL\`\Sl*1\N\\d+\\\+jR?Z5\ݗ\Sf& \\UKL\q4\O4a>N!^\\}x%U\^]YmN8p>艈\n\D \'&*nq\\>f[\\rG\,\\Z5h\+]tE^ʴ\_\r&!?ϝ|SY\\#,ka컗x;\Z39\d\\,\v\\"\|\{G\&1\ƹa\ƃ`A\AIi$M\1j(X1U9jk6jj\K?pq&\q{{t-949T\Z]<\b@SIC![\F\`\!8 |l\\#\\p&\K\l\gy$:@nɃn\`m4Z(vZ|Bhw\F&\\\P°A\}W\y}_v\;\+p-\L㮟NP5*(\rDN8%\lN)8\\"g\"r*\pMH#\e=:e[f\vUsa\5lN)\-N}\$)\\9#riz\L\*=E{S;>}OU\󪇈\Ԝt\\-\P-\6d7(5\gJUA\8?Y\	l\Z-ekƓ-mF\\q\q[9ԂS\s\0\\\r\7\.n>qC\w\'X\\pg\\"\\:.>ѯ\#4C|\s@f\\\0ENn^\į\|_PPz\%Ip I<Ifo}8\\0P\P*-lMEwH\\\"\'r*39ASQS@΄rBF\#=x\~n\\CY\Whʔ\pͩOEfW̤$rr]>\!\\\\\˜;\	.\M\cnr 8pZ5BYAOLR\D/p\D	s\g\0_\\!\r+vS\,Eus\\\\0F\0oz\\* )\]Ƙ:milIOle\S3oA\\\*#I#$\8S,v\'f\Ec)\e\\0\x\uvRh\\Ktt\	\\rod\3̂l\\9qi.\n$\K]#m\\.8Y\\`,޶m\n\VBKKRT@W\\)w\0;mwHI#\ғO)\OKtmyN\.;\'\r2z\+}\`%\'\6\QNV]Τ\\`6TU^N\p%\e\[vM>~4\n;JOtT2f\,h滏Ph\\\\"Ub\\+k1G*P\1;g`X42b\]\\@&\F#gr\u<Q|-1xN.\\\:5]#Ol8\u,N$#3\PD\$:	\00z\y};o\E\q@DZ\T\gϿl\\N\nMB\3\\I<:E\˂9Z\z2h#3?\\vj\\V\A[FUԀF\Nr&gT\6gp\3gB]D[Z\aKH\\r#K\\P\'\0A٦p(SC!;x\\?Lsb2l/4\\?KsR\\n\"d\W\CDp\\d4\"b*\\Ҋ@bz?{\h\*ph\\\\+%԰\;\l\\0\\\\Wn\P.\FNŞyCV,Y\@Lz\d\^j\9\!F풪\޸݂\U0\I\aHT8t!B[`\02\Bw\0ګ\5B\r9Е)\mK&\\Y\\\TĮ@SW\\\\Zp<1!v\ʺ0\c4F\CY\":\\\@քj;BqWܐD\h\\\\ʩ4r\Bp\"wD5DKj\ohkek\9\L\M\-DB_=W\}\\j\fMb&{)nʳ>Q</\\cZ~T\[:;\'\D}?\lK\Gˡk}\d\hX~^s!nz5\D\F#i#\"\Tz6ڲ\Zyk\FkZp\\Zjo\-p *3Lʭ\~Б\9Ea\|\W\mWm\\τ\&\x\\I\\Z\AdN\\=\-\0\ԏ\\ZIC66\\hs\\;!Bp$\h&*L\e\`pU$T#W\e}ڴ\\\#\`=\27\\\mg5#I<\\Z44f\\\pG w(#3\g4YADE\[\Y\\>W~%܁`u?3\\GZ\;\zdmc\̃07\ʚF\(\\`nJNA\û$\&VY=V\:aÈ9\0R\\Zu\4d\Z\>\b\ZS\)~nW&J#aOn\K\\0ܮ%\8W\Ѻ\m\q\+sfՊ \'ā5- \\v\0\8\\o\"IM֑7$);Π$\Z|\\p;>rQ\\:E&\o~(48\n]̫\d\\S\F\3D$p<n[iF\0lZȊwLpGD\hs\ș@\c\:`׻*\a$\TʑrU!M.O\\JX\]~\+18\7fptg$	q3D*/\0\npյ\{6\{\\ǄePwK\ٽ*\\\\\\0\kAhv\ \3:z\WBo/\7U9FD߶\n\T_ķ\hkv\Q.\rl`EZ942\\Ј!5 \_1\[F\\5AK\7êrЅҷTLLqt\Z9:\8\Cfj5ill\gH\7½޼_\	\\\$5&>\D+$~\%26\\0쀝wmH͖j\6ĔdaB.E\4w)r\ Dq\;eܙ/s\v*$m\G\>\oT\s*\_wO#\\W3\2BpL(IcnP&\lrfdi0Etڮyzgcl\\\h9͉[d\\n\+G@y\0ҿ<{&5Vf&\;xɥ\&C_\8\tP[\\\ &V)i\h\xlߊzV\E\q9.\S>Cϰ#\\E\{n^0jC\+\ Xx֮}F(.9*\Ď0\t\rݳ\L]\Ŀ\7\^aڻ\\\0\\Zgy\9\\\D\ECΤ[Dz\I\m!50`EZ#\"+As+h\\n\.;h)/8؀K2·\EHi\03\\\19RjׯI\)xB\$\\Ϩ\Guv8E\\66o\Ü>ZF\0%sRg=G9ؚ#\\\ȣ\i!gs.\Ts&H\0E1\\(9ͽQv)u)l1<\`,Zix}[\&\\װC\	P\\@+}\z<4ѫt*QE\r\f-ݺ\]lc\ZSlF\h\(\e\0>*\rM}\\rY\n\"$\:\ i\m\ Ȋ\\\3@\ꞴG\=CsoHõ\-sivU3\\'\$S#Z#JJQO0ɬ``\4sO3(p|2ӆ\|\=+ԜXk\[\2\z\^pN\r(\ o\\Gq6\\r;\e\2尩\M7\\0>\0Rb\\M\%\"\^yKGcCJ\ak?*QM#\HJf)\c\\ZP\`\\KfoJ9l{h\0D\eeyU5\J\hO\(ؖH+F\\rgPxH,q\N9~\'9xeKvGZ]]\r\\<4|AC:O	Y2.\\!y\Z\iF`+M;o\}\\~K\S\] \nQ\\:\\\"\\0\+kJ\\I?OP\]%\3.~2TcuY\b}BU&gҟQs\6N3Y[x\w])\8F\\0\\b\u\|C\\\cuPX|\'\3o,\AՕ\\\zf?&7jJ\*\\\]+ c\Z\"rX}\qnc\\?\6Ñ\\\\9Ia\=kD\Pd\r\Js\ \\3\=\V\}\e[\NH;0[]\kLLWL8}\,{\?04\#\0^\D[72L7En\AzvS(x}Ɓ	:T1\\ǳs\5Өl|]\]	\"\0fP\\e\`>\Z8PAWq\k;LPMP\*- sSM$\0=bfk6[0 َF\*L\\rRe[9@.\"\0\\\%&V跽	\Z^\dwF2bp@\nz(;9\p-w~hqz\\z,\;.\'Tw=X\'e\;X\oH\$;\іo\;\`2n\[[\nQ؈`e3\~+r_{\"{n<@\\\h{o+\\nIHdE͝y\\\eԎ\bpZ|{Ӝi\9\\Z	2m\H\\\\Q99\ac&#?h6i\玹3L\p\Z\\S2/GoӮy\E2l휽r\n\nR\lH)l\(\K\x\3P\A\U\\0 ƍ+x]NYn1~g\5CF\0D\b\.|z\\\c*\\kznDұ|\u\}b\@\\\@\P\np#cm5^	!TQgG\~\2Jv\]*\Vd݊r\\d\\r<\'L4r\:t\K\\\yIX[D)̫]\ \\gs:R\+o\t6*911#gα\\7\\G\\09ve\'K\D>5\V\`\Tۅڳ\\͙	Ch\\,\cm\0&Ϫ\\#<\?k^\'M\i=8Z\L\f%\7\N\ V#Ɣ%mA\Zv\cn\sw%H|$Ћ<iUXj\p{ʔ2)\{b2Oj\z:\rX6VF\n\\\\foj\Ą\\\n\؞P{ȓ&\'\0\oO\}NDU]ښ7m\rq#wB싰\"\RSa)S8F<\C=8\\=AS\Z\?\\9\"u9\\[H\k7x/\\!׎\37\'d=\'.<orخ\+nEN\\\\\\gڍ\07E\%N\4O\PȅDiذEKӱ\\%\5m\d>Q2^sv$z\]m\\rtNH[[s,թBߓ,df쮨\1)\0M\1ez\*\!\ 1\Ze%Е\\\l	>A\\"\\+\{\^H3x[Zǘ\tzX\ΛV\rU\	\/\	\bY*(K\}1GhH\\\w|-\D\uHsl8+Ǹ\\g\f\-3\	g\"?y*1/\W\!5YK(9^\Y}$Vآ6\\(4\\Z\ a\\0F\ZlM\ҳ-i9r!+:<N0د/6QL\ZO\HA\!`k\\fD4\AֻF4[|\n\檽(EroLġ:\Mz\b;y/tkpH\"c\P19HOv\]wٝ	\6\x_ϝ\hEDZ\J\-\	}\'\\n@\s\ڡ\\"\"\PGI\\bȹl4pW\uХ[\\0\iᨽ;gs\9\ЧN?<*gOz\\u4\&Mב;?9y\Qm\\\0.7\%\ƭ\żSo,g\\\0to\'\Z365A 6eDuW&\\e\\7\\2\Z1t\ Ҋi\'һ\\\0q\\8HeSWG+k\4\g\\a60})/\p`n,pnc2M@!\3=^PFJs\\:Aɦm\̨W\n\\\0}\$\{\0VPlwiB\Z-թAp\H霕\r\%5s#[_\mD۬hrojaM1\YS[>C\nS9Pz<s\1XE¥\pL*VuS\\q \\\\e\(|%H{.c9\J1q\9\]\idv-zlGClLM]\Qk;\\]\G^\_0I\wztS\]\\^&^=\{\d\cf\F\~>\=rN\ކ\̽@g=]\b\\\ѣ\J\WBnE\66k\"hVBY+n\y-\'x\"\7\ITE\:$e\^ғ;\nel\#Gy1\!\\l\%x=Yl\ް%eсB\**}\\i4\\\un\Y\}s\\\n`w+Fӟ9\NYΟ\8\rurcި\0SR,5eVpG^e\&riF\Z\ml\O+\":M\JG\\{5}۩\.hF`L3\nD\}\8<_\OG͑:\z;(un:\6z\\[.ٌUαBoJj洗>mq\rKg\<w\\,FϤfE\0f7w2	$rk &lFDVf<4\MVO\\y\"xwMs\\Bi\d\\QDB\\bL\A	]l*J2>\\u\n5\R\g\@CIujd\Q̺NJ;\\QN	\M\Mx4tA \'-!#;\?l\DF/g\;c0W;\\7\-JJa\0z\\ok@F\8Zm8\\\Zv/`j\e!ꎿo\\ҫx\"B*e6U\د4.u<DJVܧk\Z\&l`\Ѩ\m\|UG%\~vF\\^PhBXlwi\kYw)|jdK<\r_\'Ŷ>\\\es{\\\D\n3\R(j~Z\ez\:sh歿n\n;=\~\KLgqd\z\Ǌ3$Vf3\\\*\\8)3%),aDOdo\n ;Q\՘\?\yioq5J\\0\\[Snt=PW6\	n\ BF/qMlcf6`/SF\\2\/uΑ\]\(XN\\\ؙE\8\Q\9h\Z@K0d`3M\\\{\$\깼]|#\Y\0}+lOoؙ\nW\m$z/NQ1k#\|r#|<O\<\BT[e2we\ZH\v\\Hn>\\1Q¾m<I	Ȋ8S#\ȓeݙGBҚe\BE3s*Vߥ\fl}\\H\\,G;\\\\Pv\I,efك\"3a\)9O\LJ.)\'@j*m+\\\\\\\\\\'-\\']\TI0\\V#(QtNȔ3\Ij23\\Z}p-s~9Ć\4\\g ڸSK9W\yĶZF\n\\JKnDNvG\7\y~+B<)\"kn	}Y@\Zm\dcM\<h	\XjXȉT\,ȥ{\qQQ1xq);G\U\G\\JnG<ĺ\\\"}\u\/8f9W\\>9;S	\3m^Rx3\L}\\Z\\0N\B\ni4 ,iptp\r\AT\\\"\\b`\|D{&\\|m\KWdSu\:>d%\0W\\\H>\C&IM}Wnji\\"\]p!:ԕێ}vh[ط\Nhz:k\Hv\"sfD3JSv[ۏn\"iS@\B\\*АnE\\7*/\7ҼPy*k(Ew\\ZKv\qY\Qg2;U_dbhV\'TI驞\\F\\׋jD9ϥP<Z\\u4\\QST!\n\ɉf\\\\4_\f\9͒|/\#\W\YWS\Ί\Z\\\0o[1V=N6ʈ\C_\\OyF^xn9٨%\0\\%\ ~X3F\%52\\t\qbhu\D\\hD\Z\4n\\)=][ f\R\\%\Ś\hFyܸf?3\\v[`\YB\\4wu\t(p	\FJH&@!mo\/0\LB_(\P=&;+\_\D\\Z\eh\T\\|*\N\oySj\)Bg\Gя$\K6\5]\ϙ\Zr*\\\~\j\	\8#\j[nELJ\\<\\\m\H\n0Ƒ\M,\z5r1\0\C\<\)\b\0Wg=\4\6\`U{\\u	\h)v\\0J\PǢ;\Վ@&\ =Ԑ\*	\\O[NV>6?GZѼ\[$zQ~ؠgtD`8\0B\m\X\\\A\!\'$r[doi!bi(6m\mL^H\\|r\[u1=쇅]\\oi\\\\\Z0lN95\XЧt \0rE3*tg\8K\rE\S\\n\y,\\nX\%\ܼ=?9C{\\\A!\?\0n\f\\\~V	dy#o6,$\sp:8mXP\r(وK@Ȑ]E\\"EĨpi6[8\1<J&ҥz#m3^!fY\h+\V\^}`l/\bIK=\ZMŚLM[\\ɸal٣G\\գ8BUއ}\ \0/A:\o[Z\ʶsz\"\"[\\\0/\P\\'Ee\\\\ym{\mCψ\\g\ƌ]Ka\k.\+\ă\@0\0P6ceI]rIyanFj\"\n(\*i}\o-\ys9u\sN]X*X*Hʤ$\B7\h\\h?4n@OWM_J\zp\O\rhIeYwZDd\u\\ú\9Ff\9\kڧ\9r\/#\L8jVϰ\)yK52bL&\Z\f|JKd\\>2#1eA\Q=zk\aҘԾA\}\_m\9V0l6w&FD\\JT\\s\\(\3\¥|\:~UC{K\\JHY.EĶX(mr\r5`*m\p\)|٠\^Kez)G[\Z;\'(\|\\[~iQښX\婤}UT&ULB\l/\Y6\\@U\\\0W@85\ \\g:\ZK\m0#ņ\0\n\ί}T\\kz\l{\r\u\k\z\R8;7`G\\h({/\n\Z4.]>2u\+8н\W\Z\-\\P0Oc\js\A\r\\0I\w\G\N\L\##*\)n\o\I]8׬\\\\\\Zg\0fvW%\\Z[cT ii\\ՙ\ɛjK=35<\۳\FDb\R%ŷbZ\\\\\0P\D\l\z<{pɓ MH\+g42CTҭ\0^J1I$Hz6|\"_ً,_\;\[j̸\;c4]un\T\\N6:w=PEy\˨#\ʪcJd3Ť֫;CoP\E(y\\\[\\Zk^\>\\Iz1\4[/\\ k-\r~a7|$+\߽\\~\\r\rTcϮ\\w6\0\{\oIU[k<>^o\0\Iyj}}\#TH>o݄zYǎ\R\0,0\D\z(26\1@,R\>\nB\j\\\\Bd3 \ޝDށ\{yϧM\܊T\AE\W%K[!c)X\]6B\\SBOe\aS\@+\U\\5\y\\thjCk\00p\\YtQ\\\-k\r\\rݤ&P ZjזYNG9U˛ϑb\ZEP0DpGp\$\k	\\"tՇ,\\\q覬\UQ\TPQ=W\ZhvIBRwm\.fRӋ*KI]Ԕgx\͎\H:\gz\n\rW\>\]|ϴTNj?#/\yٷKK\<\q-=\jK?E9\Ϭ\߇O\0\]\~8^gyS\y\\w\\|W\nI\)Ar\\\\\^\;\nVy\'<%mp[i\fx)L55\𠄮\G4ZspM\\ \9[\r\%|_\\Q\ht:\\p\\ZE`8w\U\vx\#5:<1,ȧ!B۳KNꥏQ\0.p\\F\M\Z}?%\\-T\A\')XF\\v\Lo1ٕ\'\r!UC5 \]ÛJHL\c\\\\Srٻ\B5#K!\\\h\Z؏M\X\[b̫\MԴE^\\r*!\'+t0?\8zP\Gw)931\ߒ3w\'9\E6\AD=f\0y&LE>\\@߃\\I5\&j\w\\r\CK	I\ڦ3 x  (@\wD\mmZ@V\4\r;\r@@;h}\wz{G:p\ȣ\9LhɴWc/¯}\r\>FV\29=@\\0+\ٮ0\0s\1\TN\T\}$tM\!\\\\\\ngv@*F9rt?\rg)&O\+W~\c2zc\'kѓB<W\\fkAh\\\0tP\\\`\"Ty?yO*ܖ!z6Gz{I\	ω\vs	q붖ippD\+JV\~\6\cŇQen\s$f\艭E\(߇v9\H5玐Pw\nӕāFޣvGml}ZXCߧ\E[\",t\\:sT\p\\i\<\\<RqF- \:{C\\㯫}g-.Gs\^\'\{F@>9\0\;\n>?\І\̃\<YXF\Jj\2\\z\]\\f;2\\Ü!y^2\\qxb\Ő\㥥TX;g:\tϽ\\r}6YU\*#E}\'1\]AVѤ5I	y#:Ad+\;\2\{U|\M\I1b\\O\\]`\\&\1l\#\\C0W	~s\JB\_\#눸P1e\?Ξ:	\\jQ(L2\p\,}tb?\\'GCzjvdԱ\Z4Σ\\\x\\¯̝a~/\\<\w\0(\`B;J\`f/$d\\0~ѝ4\\3X\n(:mH3~υR\\ّJ\1K6l\\0\dt\*STz\n\\ˋ}\nFS\\\əIɉb?Z\p\Y=v^kQ\Z\F\\\\\\4oTD30ɋ=+Y\x߇\ۛQ,,L\\ރ0\UsDĪׁWz|\\XF#\\m\\EXZ$|\"\6I\r5\n\xBl4jP?t1$\jhZĚ,z\*=̺նAhAQZb\\!Q\\)qI\L_8_\8x賒hʜ\K!v6*J6\0\h5\M\<\A:e@HnK0NR2\hMVNwIOKÑ75K]߅#\ZI\\|(\'\"\K\O$\\'\O1ANQeTq\c\\'$I\\ϲ*$\/֭d\7r`Nm\R\,uU\\'\[\]c-g\?\b=\rW\F !Of{L\\\S\nDߛ,\=}\lD2$Iݴ\\=T\kP\rQ\\\\~@[e\5Ԙ4\W/JlA\r\!\3Cmo?p\uϻ`ldc\qxĆZyf\\xƿ\GoB<~.\*\\\?=\c`%\\ӱm|\|W\\rj`\\\M\vux\\#\j\F:)\0\h h YT7Ǉ-=h(\\'\b\n/dc1aZ\nZ\_\G\\\5\ \I::2 6\"uFey9^\5Tߕ}5\#ec\g\n&\m\\FA΂H[q-[\\0\\mg[\2:\#\[\0\]nRɀ䤲OIt\s~z/\#\{I\n\Uҍw\}G\,Yg\\"\枪\\~t\ϲjK2\\\]44P\\\Y:Jp◣ >VM87z>`m\j\0s8-\jgn]#F\Zz:\\:dd7\r\	ӾGCF/:JbX+\\{\tl\\]kZ΂5\ivIY=\\/h\\\f#2\T\l\-EW\'\387p#rtX\W\\?s\\$ԩ!\hm@\%\\ZL\\jٚXKwӠt\\l8d\T.4n\T\z\U**I!Y\SR\ߦn\,뜾ޟnw,٦+\dLt H^rVf\\ʨdrȖU 	\vWD惏S2\Hϫ\Z\lZP\z\;\Q\nD\rr\\+.}8\e5\(U\rm;\rȳfWSm[\\JC\-`$ygplG\\\\\(=kfdP̣!\q\rp\(wzf|T_u\\\Ymk\zZ7v\y<\\\\~ٞd(\\"O\ezȅ ~\:)o̎^c\y{T5ٕ=w2\ג\\\\,9ĵnB`\P̞\'g\^}U6ȃ-z\\~t/Iu<\'yg\9\\vא\iI\FR\rgd`Rd@{ VҜ¶V\\"@]\\P\YYimr#ԷmO\\`@}\rt\K\\+ XNi\c\b\@aX\\<zڍT@&\n_b\}\0\1vƹn\\W27\n=e\Fd&Vћ.\\9i\\>\{Xc4\0nۈ\f+эld3[\\BS)\\\\\\r*1/\nHƤpĵ懄ŵ\n3u\1φ\K\B\&ٝ<f\\\@u68q-9r\\V\\0]5\K\u>9cP*n~]%IU*r\P\g\K\\Z\\f6\t\ \0i~˨ Pd\҃\`Ӧ:\5\a1\Qv\\hh\-\A}ս\\^i,X\\فZ\rۆ ѩ\\pX\i\P7CR\\}/fcx5t\;C6xzq%|B/\%}TQ\\N55!\,%\nzLEJ\\(}aü\L\\to{>]֦`w\)yt\R\(~\\\RQ,\#\\o+o6\22\[x\-\G[^D\\\\*/ĵZ:m\\;et4BT)餐	*Yϧ)}Z\\\9\\P}\'\f+͢\\0&LH*\\\\\Ehv\ȕ\n_\\\5EOHk\_x\\-^lB\D?Ծ<6\d\\#g6v=8s\"\\ƴ)Y_r\'5\.\7C^+>\\R[pՅU6y\[A\0\GTv^\ߙ^\b-Zpj+\V\I\].\\\\dsC\$e=ZGIe/TR\e&~\<\^wJ̇\\b\n[\yVXX\\jׯkm\88\[\w\AjjQk)3?R?\\@Y\j\'~ԧ7w\OV\;iyǪ\]wm\rڠyս(&\^.\=\\S\o@$JMYD \Ļ]\4_e(\\̭E\ۨ,\zni_\oKD%IT]Eh\\\\OcGmcĢIГ{M\\^\tZ6\Z\z\J#J9X3pgvt.\\۸ɽ\/jKM<=\\6WuoxW\Xc0\0\nyTԡ/::\fsKjuo w\eo\^thP\9,å\\dx63ۧ\\xW\\g%orU\+d<\0;C\ɵ\\\Mm6pTyμ<K(AR\)\^\\\!\)=|UE_M\|T/@-Kw*o[\\J*\\Z2\\\r9C}r#0:|V\\Zy^J:\vwq}?[\]xVS3\Ī(\yq\\=\`P\vbP\K-\\\KF\AM$wc+ϭ\F&*?3li_W\6<!p M܆:bg{\"\$\$\\L[Ԃ P\r\\\\rz:\\\K>shX\'\p)\e9& \4>5k\oy$\T\ZcoK<A\D~\'\W\\\:\`X`9\܃\ru\j;CD3Eި\Tt$@^\E\\M\>\\r\_\\6)|E\4\\\aXsaP\D\\S,\rT\]\_\\nm,mQV%XL\4Bc\+iv\o\\\04yi\\n\PF\+\\d<L\3vj\#v}\\]\;\m\\ȍ^iu\\RG[*ތ\^ً\Ȳ\\8[[ĳ<kiHy[^>81}>\Tx\\f\bM\F\7\\)\j\7790\\\b<ot\옙7F\\p\:i\\\\f\fϩrW\0I\0ռMr`R}>\k\7N|CE6Io\'\i\w7)@\\bnxT\.sy\0L%\\a\@p&J{hn+\ZZ,j6F-\\f\\\N=n\!\k_{FQ෷e\Dn)⳵ݤ]\{\\\\\\~=|S\n\L@`D5̃fw:Zvun\Z_hLv奢\\@uH\\r\n\m(\\X#VUL\0`zЂÔ\4\r8IE\R\\\9`\\\\\>p,\\|Ӎґjl[\)4\\,O\5R;\e &E\vN\\&)\e#lȟ\\wo\39Aݤ$L \#J-V$ej+d\L1&7\rՉ_@j\\\$PҦ\?\"F\r\#C:\ԛ#qӧ\L/\#\\\|d(rNy\H$\Z\\J,6\\X,7P\\Rh}#HҀTS\P}7Zr\n	\x\ZGqc\8\x\3<\v\'Ѥ\ri.\h.1\Ej\2}UQ\n\3;Ԫ˃L\_g4;/\\Kxg6~\\\ڧRm\\Z?\ײ\l\+L\Yҭ\rژ\6\8r\8\\4g\&i\"oU&@/w!??|\\"VRM\"\mi\"\\G\Ce(A\"\L.\\ņ p\홺ƨV\Z\|εz|_F7ț(<\\Ca%\\$e-\|WԮy[\s2ƻ\C\C;\W\"\qSw<\)\9)?snO\\'\\kI\c\QƟ^̕ksm\Z\]\4OD\0\'\%<jZqg\;\Z\\<:}9fRf\0B.QUJn\Z\\'g1\\5Puk1_ѫ\=`r+O\I5!\M\~\= W|\\\ߜPy\'*I&ɀd \}\"jZ6K\0p|Z\KP/\Z!FF@\PGT_\0kx\n\\϶\J\nL+\l3\\G4<\u\\";MU\\ш6\_ߥ^^\-\36Pp>)\n,+Py\q<ts\3f\r\8[s\*\4g\n.r\\Nٽ~j\0<\ſ\\K\\z\YL\u+M=l\\\n5n\N\Ӆ<\]\\ZWiQ\Myvv\鈀sT\YXz1s\]\=Trn\"ļ}\QS-Y8D^Lw\\V*o7\fѬxq=\|s\iүK剦\A2$㰖Tz7,\\#\;X\\<:\,\A!fU=\\#13\"`*=r4+u\\e{4\"D\\֬y-FrPV3l8\\\D\?A\ϧ8b\2o\H\i \\"C48Q\j\\\n\ǁ\nq\\ˋZy\![=\"t/\V\V\<:w2n\Z<`zq?۞e\\\\0\QIT6I$m\q߇7\eb:Sh\Bd\a9\\1G\\\5R\Sڨ\\<t\\\0=ђ\F$\rlTf#;\:!\ݔ\^\\˛\Fq+}׼nBU(۶Id Z\Z\\"5nPCTAM|]\\7.\Z\\|l]\\#I\0\\)t\\ᘯ\\@\ZP^\\\0\j\_@=7j+y\\0NxCRV\:^W\\W9&7ZґOaC\R\o&]G;`6\y\0`\vbGS`\\rQ/d,6\n+|8EڢXFhkp΄΂\\"I:\Ss\-w]\nBQԥn\,N\Fd\Qj\\\\\r!Ԥ7<\\\\\!\\_!ЬM\\\͔\:I\<\^\\kӴ;䯧\\YJI\m\<\;ᰇ\,*A9I6y\}g@xTߵX11\5Ω\Z0@j5\"\WYi/Z-8l\n7O\\\a[\\\id{zO\58i\=Ux\rZ+\mLv}y#Ɋ\B\/ٴ*\Av\\A\W\ԲQP׍⃃x\\[عІ\\0Uqo\r;\\\\Z\?=F_\0kN[a嫔7un9=4\'p9\3-^㟢T\\'|^l\!t\y\\NZ*ҙ\r\䍉w\\\32))Tt<a\v\=y\\O6@\~+T-\'\48j\Vv\rA\>3?Gґ9^2L\ p ?4@	\\H>\\r\BĪ=h{w97\\?nP0=&3`\I{\Z\Jو?ȋ&\\woxX1\\o\\\\;\r\(\\\۠sDEٔ*{6ɞj\b\0\\}Hgq#_\0k*U\VoDw0{t\\\!\֛J4o\.Lvs\X\\-89m\0\HhJ%)\wN]Tٵ\-\\By\>tpg-wQd\eOFt\\F<.,\XMy\\FdҍN\$\w\|Ƿn&|{|3%yns\r\Yo\Ƙ/;j\|ҕ\\ŵS .\\i\\[qザ+	\jyύ\\1Oq\3Fd\\\\#DinQ	ʘiMeк6\~k\\-=Q2q{~f/Z8\uԆ##Gkn2C\^aA \!p]BZ<@G,v̃h\Z\cfϿqK\':%th;p\4+TR6o!zȝ\'\n]\?{\wٙK%u:֓>͑Τ\vDx!\\޽g}r\L\\\\\$E\䤀^\v=\r\W$,]H\\Ex\X v(n1;~\ Bh\<cgvQ=^OwX\rv(11\4 \JEY!\2\3<\|\mk\\ZZ\\q\+ ^D:\\\\[[\	YτON\*}\՝u\o:-V<^c0p^({% \YBU\YOQ|\\\\A.^Wa+O\/*fSme_!F\}\9U嵐4\<If9\\e\s[\%څZiķ!\l{]hcݯ\F1~Yg\\f)\d|c~\:\&\I?\\m&d\\^E0?\Ǽ~\rݴxmPߩ{\0B\+XX(ͨJ$(t\rȱ\b|uQ1\Lz\6_E0\چ%\!wc\rj*]\u)Y\*F50jM\q\g4t\6q:/\4ẓBS]cݍ\\\l!\#̋\[\U\Z=<EB4쉄w\\	;멉a]\0\tR\<E5rdϥoBSYZn]ŤP\B$\!\&ɋlcBQMB],]8\|.&/\\\/yVi.=\sԄVdc+\0\@s\_%\g\\Onv9\&O\֔>\$d\Q\3\&[zQW\\)yEP|\>^_c\oN\r\\S*\fQ\܀謱\n\0@}\\\\\b\V~\3͸gc*s#n\/\&T\\\}<\ĚњT{A\]\ZdEZ%?\]4+\r\0iSzz}R;\Ӎ\5{Dr]1\SBE\0\ZH\\i\\\F\u\\xk_\Wq`\nV\Ta\Gs8c\NS+E/\j\&\\^2T_O~ҳ*Lxއۂ:p\g*8kb\	ބR<\jj]Vmfʒ\\\RyWT\QI`+fJ\Z\10\;ns\eE\b\A\Ret\gm,.s\\\Twh\S[\\1YιX)\\x\\r^-o5.C\W=\Z\w\\$0\\M}#sSx\_0>\IۄĂ\4Q\S<dMZ&HE4I^	Ǽ\6>\}\*ւP\Y<(qX\\\\\\Gx+\K\\!Bj?7\$)\ԫL\"o\\\_\<}g}II\Fҭ52\0\^˸F]S̴bK!evS!PX\`\\-tTa\ZFt\\\cc&\n#6Fn(FYƈt\0\4\\w\a\؆yؔE\r*cJ\\颹\Jԅ~d{nw=\nQ_r0yP\{5*\]R1?:&HfkS)gp=5_[՛\1WUPG^܊I\.T-<\m(Ĉ\\bfL\P\\4\0צ\\\\|o՝\\$~\\;|\.6bZ\\\6I|{&ە\"\%о\;\\\$D\'\*n^n/~i?\\\"\nU\qP\n\\\\	ća\4u\6/i\	K\A,H-,`<\4ar\\"v\0^L,	\miRn\B\vM6n\":\"D\\\r\.\koW)+iۜo\T\G\7N\\rIe^\ 9E\R\\Cu\HCm\h\iC\7\\0bi\\z\\l^@}\@T\	9\\_L%hZ	\7\0,\֥	M􈁷GR\<\\\"[ϧ\\s`\\\rsi\Hj\n\yY\<89J/^\\iϲ\\\\ą\ڔu\Q-\ZHF!:mzH#gռQ	*2\~\\~\_t\+\.O)}!i&A \B:\\-V-\\\9/s㙭TZ@Ͳ\'nnЀPDm\|\\"a-C\>^.YQ\bQ\2\ҼZ>ŰW2\\̑\R\\^r}Maa5\\lq.\\$Y˞İ\󼰁Л\\%F^\zg6:\r\~\vT6ԡ\\<eNP4x\\n\kz\)0k{a0봮\\0l\8J\"\y<p\1\sӓ	ؼ\iP\J2Ms\\\u#\\jhR͔4\Rڤ~\\'9kw=\C\瓪\|^d\q[*XykaP\Z\v.\r\|]5\\ng%\Z\\\{\\S\5>|^{\:\0*?;It)I	$\>8\\N1\\\P$\^\\.*?bp[{n0D4hх\\+Us-\"\Q\F\J(\U#INY\.ڈD؈xrI\كi)\\~YC\.\r\nm?\ǃG-\\\y\q\\h6\0ؘ`ۻaK)=Md\\ҫcθj9.p\V:^\\\\j \\#=\\\AΔG\\%/sw\K\cnAm\]x\=\)rY\n*?\N*y\}>䇮*\e@(Tt|vI%\\*\\:w\sIR \J\CX.\y]l\~P\r\\(ta9dz-#L)1r-+\X\'8)	7E@\rdBF4/\혛1\\CPU\\\\g\҈0<\e\Y3z6[\\vЅHpSa}ѤK2=M	\Ū\\;!nE\*J\J\\'^8\k\++\\[P\]AD\\)\0#\\*\\\\Ŝ\\JSP\ݪ C\r\\">G¥\@\2\(9IS\VB@^$\GY&\{iFe\\Xc\k*hg$ESELϒ\D5\\߾\\\04Y\\\U=\\Ej\A0u`(\6h\'\\YV4ֵ\\\p\|t\]o|)Z)3ƏK5\\~-d\d\\K<\\7J\"=PY X\cJ\'\+=_8.Ϟǅ\\_GGG<]\k\\3̨\.8\\%v\T u;u\\[\u}\i;\`\\"\0\f6\΃Am:\4O\ςЗ\\IV	\,ish/\\V43\\ùK5\\=I\_{A6^9#&KK#e\ب\4mvz\\w\'s\4jrG+8	[Kp`_y\g V17f˛TTk\iG_b\(,\'$\7GD\7\Q\>77*ve\0\\L;ǎc8\\0\eu\37n<\g\ҵ\jW6Hך.,|Qц\\'%ěX\ആQց)\!\\Mq\Q9\(rʨ\ա\\qlu0odj_\j?\0&\nTVK\G\\\vZGy\\GqP<v5	[`+\E\{U\\!3\'\̨~{ÃRLY#\`)e\\[yhNP\-\\jvȸ\\\\\|\f\\\SJ/T\\*mmhsHJz}4\a.\;,\\G(nUk*9°\ட*\\"R\n\Re\Bz\3qE\wx\\n-4\bj\\" \ii\NHuˆW<Y\mp\~M\\'E<f:W5\N\8qiDihp#\\C]z\q\¦\j\\x\"V\\\Е\t\PjB\_z\xhir\r\Y80jԺڛ\\k\:w,՝\\0p\ߕln]i\'\7D\jeyy.\\Ϗ\\*zݙ\\'/ֳT\b\\=JmJu!gI(KRsrƨp҄$lU&\\N6\O_pw\v\n2}BVr\'d\"\nô(\<7\\p\۫\\j\\GK[bV/\=2\T	[\\*\Ѯ\10\G1e41\`-,\0ϛ\nKGayf\\\hc#V\tF^\erp\\5\h\\VtqCj[I\{jZ\"7*G\~]Թ5\\1\\Mk\\X{\r\_A\?or\y4m=Q\]G񫜫`$\\M@\\0fW\6z,\YUMS9䃻,s#{\\kr\"\\4+ut\VJ:-[\\\o\1\\i\네/K\\r/\\'|GSz.nsz=Izm_ \\\\'Dh-@jx\\B\˥{AxXθD{\Z\'\Qm_>\\r|\r:Jy\rˈtvNA\"\'\'U\nkA.\Y~\\r\ᚢ\\SR\A@]d\\`x𽥂ZlX\\u?Wz\'س{EJn\0\\Eq+/7f4,H%6*H)\\dt`\%\3\"\n.C\\\:\"ufC\)9\!5f\Op\\\\r.ꙕܻH\ߞ\rAިnd\&\RR\\_\\Zrw]\\My;$L\\,\+\>V0⧹yk\j\\!\\Oq\Z\\\0_֦\\r\PfA@\\f\j/\$8\dFJÿ`:R[m٥=*m;w<7h\L?h\\\I\J\\?\@U(]w[3\z\H U-)8G\7x}\W\_\"#x\9?+ܺd\\)\^\0\tg\T\\"\.`\\<c#\q*nl\:)\\4\f+@y\\\\\U\cTuN\rG @3D7jIn\f\\\	)}Iu+4\\\ͷq\m\Q2Ü\\ǹEg\L9\\0\wUåg9%Eh-|aVq\ZM\Ei,ػBi\"ZfʇZU̥l\Xݔ(=8nPӥ(\t?j_\Q5_-=s$T߅9GVyT\#K\jvv=\\\rxmRE\=\\E\\\XKj\pkZSB\k@i\M\M\TfsE\?\^\\\{\\Z8\H\kLb;]ԉ<(\I$\i\SۼM.6u}=uZO)/c`A̚́əO\09(\y\t,%0#q:fQL\\v\5ͧj8\*J.\0\0\MIDAT}\9OC΢\Po\ndMi\\\\'7_\f}_\wS\ \A\jq\߽n\\\y\\܈Ö\6U\EE7{\晎M\\R/tu\#\\{\5F&\pc6ՀWfUAo\\gtkh/,e\h\Q;C0\3\Ts\XpE\lcؼ\u>\E\\14\E=\߫I3m\O`EDD6\"8t\-e&)\LYг\I\\\\c6ǿϼGY\<R(a6l,,4#\\y\{\j^M>\\\W7\5\?evQU\0r\w\*_P/zp,\|]&=\s#o`{y\\\F\\\\K0!Q\"FCN_A!V.xzP{Y\\\GGɇ\?Q\|(#\\U;zBwAf,+<\<Iq\[\ϜB\E(\\\y`\9{T߃Z	\2D\\\0\ZQF\\Z\M\XM1vC)\\>\\rDWb+2m\l>y{\\߻\\7\[\\v#$)d\\})+dΎUםR@@\"~\\\\#\8{\qW\3I,cA\Z\<\\\\ٔ\r\@Zn2\\v¨1\r\pz~1Fxr-\\'z\\U5{U\\i\x/]+ݚۯ\a$cJg+k\\i\\\%os`mSZDR\r~n\U* |a\°\\\vP+^ ۿ{lYcgQ\\gqϷ\d\l+)A_\/\_{\\\\<SU\l \|Ї\è-\n\\ҳ\ dSx\\\mt\!\IB@Spi\\1ศ\\䯍(:k\\\IZ\`\@\,A\"|1\\x)\b\nUǽl\	\ Pж4wSk\\ZÄy3DRxZ\$в=-o*3\tjymԨQ(E\i$6f\}\x{\\fB\&\&\Z\=_UUA~\Zt\iw\L?\RJo\'Qэ\nrg\\\\"^3\5\\Eh\^+\p$2:\\\r3@gI\z\\Ÿ\A\\\\)\\E\OB\jNl\)B\!<}osЕ\}?]GMW\'QV	f\R)\\\n0ll,^#|R?Ģk^Y\\iVF\р\\:{?\'>w<\;drN	\&\9\w?\_\zYS\FD6z.\y\P\xf\{3k\0.%Q\09\\\\7^X.4@Ċ9B\6r/Zo/ `ѹZ\\\-|B+V\޽j\\厧\\Etb^b`c\d=p\\0\B\[<\1 冕em\݉Ba\\\5djz[\"8ٚ\F\k=A\4L +2B\\k{8\Q\[9no/5ifޟ\\մ9\76\#\I\^\JkF	\\8g\Y\E\"\Z|IPP\6\Ey \J@3\n;Za腏\'-J\UC\\Z\Lyx)0ȹd`\P6\\tυ?(\r\\\t,\UM)\6Pk\IA\ϩ\;ə\\v\E@OU	E\\$jф\"\\rܗڄ\0L$//5\nh-kyxޞ|.\\\Z\-\\\笺\H~\n\\*WY\&]	dv\0j0#RT\0pda&ܻ\\BLz?\rq\qpƺP	R\P\'Q\-\\\A\-[hAKF\\|,\FQM\D\\oc\\b8t\n\F\\nu\fn?_WxkuT\㤍9|RkEMV@A1\r[:`EFf.\0\;&\WQ\o/~ޥ$~5MH)	6I/\n?\\>PSj`?\\\)V\\ѓ\r\6\\0\{<#\)a+\l\5\Z\'0A\\\3|8$-\\\.s\4\Wk^\r3h@n:\95}\\%y$\$\\^\\\g{n̡>i(s\\Y\rV\\\\\~bdE5k%Gǫ\\RQ\B`&o%=\r\0\y&K\\J\)C6:]]m^\n/齟~\i\	\)\\UdOup@\Sjfa\D\j\\b\3A\\0-(bUI 78j\\Mj\u\\\\\yd\\)	&~W\X\8\X6o\l:Ep\3ٰ_fw\dT(wS\0ϙ#s\\\Ea\i\g,j{Ml]+Ѵ.A)Bb\\00\ݘ0+}\ο\\j\#\0Uu#\l>\\\\W?x\\\fLd+\I]Ƌ\0\\_\\ZW\\1]QF\\Gb\Z\{W7vݵ\PJ][ڮ/\\\rd\cƮ\\^\]A\-žj\G#F5Z}Z\\\1ֆ\[[u?>\F\J9u|M\\\9ʌ9i\x\jQ\\#+2HN\ަ\G&~w	٨\_l\n\\>\\G7ӏnrH9\\\\}\.Ճ\p\Z=RH0\I	ڳ٘iP$^\_gǝ\\\\r&\ro\)$\\\[!\Z\\Hp`&H@\\0<<\;\Rfh-C΄a\r){ݸ\Sj\\l\XS-;V݊U\a\\EcXuVaRHvFɪ\\ޫz^\90N(V=n4`+߁\\"8\\c9zBO4K\,\Ыm6{\$j\\ɇ~U\?\g|k\\-vW Iz\\<j\Zx\\KF֦VQ+\:U\y\g+\/\(O/ucka\L\\j^^ey}K{X(ɫOo\Pcy\\nEqVF\:\\\\v\\Z\ZU>s\'||`\\'\5]y\:` gfhc[\\=k0\Q\y=g\S\nZ}N?\삁[\mpZ僋,_~=m\7*\W͔?\\>\\\>vyM4\4y{h#x}b=U\%{^uzm\!\mVo\\\\\՝Y\jz\\hA\5!\Z˸,BdrT9ċᣄ\{Qmw\!}\\\"u|Q0jc\\\\"9<\@\kej\0Ï\\}R\G F\"\}37Z\\\1y\ioJ-\XD4Cj#\F\\m\\~Տ>z^ *\nRMJs\C\ڽU\StKl\		焭\^\8\\LPx.\\SP0\Z\tAW\S(\P7Tͽ; gI2j\c\"\46Z\r\kPyІ6\\8I_k\\0$t\1Q߄XqQ\Z\E\0\ٷ^x\r\E/9[\̲u\\}n`Yi\hg~qcZ~len*n\\G\mMڽ\}\g7\\\\׮w\\\6%\0|%5J$)c\z\gX\w,wj{:v\@Ch\\n.w\\\r=\Z\;\"3\n\\0a\Ec?l\ZBùMG\vFV4:Mbq\#\\0B\ZX\ˇ\ʷ\\\9z} \\]_\Z\Ŋ\\-fk!\\FE\0FpYjx\\\!x6h\SϾ\0<*\\G\^\F5?\l^	/\{ѫ_ɐo*9\\g@ETa\l\|A:1zHE{~\=[\\\yס	zACØ>\Z0\SܾEܞ\\X>\\\Q6t 䛬D(|Z1\\v\?[{2R\:\\/\r\\:zPus\W~^/z+\P3Y\[\i\\/!\)\\س\ZPV\y*~>c\0(D\ۻ\\\?\\\^\\͕\n0\|[H\6|\\d\8v՞a\\[\0f\Z-?@վ6\ˤ!`\\FyngU\))Ôm\"\0:4t\C324c\r&\0\`lTQ\/\hM>A^\r&N\\\+\*\yLa\0r3AF|\|EXa^|\S}wE\\\0x\\Fnß\RfIQ\M~:\w\W?\ʤco/kJP\P\\\\-A_~nH\\\v4jנŚ|a\*ؔ}e7\4$\;\*RKrN7o\Xr\Ɍ*ZVh\{\{ư\\f%hr/М\\_\ZT87gC\@Y0VM^\ރ\|Jl\"4;jm\\\x\0NpK+}t\ݾۻ\Oo}jo~\\?\n7\%( \msz9X\7K\\\T\k\\{{\\ئ\*y]?[=M8L\b1\f\un\Z\p|\ʓ\Zk\\r~CGTjmXE~\Z\`\\9\\'ur\2\\ѽ˰\\p\0dQ\(}7/`<k\UV)Z.\nu\\0P\XMX\R\K.UvtX\Q-h\K\4O\>q\|g]8\Z\\׵Q\^N)\\\r\'|S\	[oo\wojU*ڮ`\0w~a!\\\fib!\EJg_\.KdՁ<k\rF.zB]f\s\\|\D\fCC\o3\Za\\\ZH_c%k\\7F\*\\Aq}&e\SAlS\\\ڡUQh\"\r;Z7Ƶom\0͇a\%\fX\n0\>HDPS\0\00\Y=a@\\A8\\0;J7Ծ9X_`H\{\\K\ID6ӳm\O\\\\\_\M?\n7/pL܆9k$G+j\+,\=i>\*:\A}[z&\r\0\TY\\Q\\'\zЈ^/\Z\ۆL}\\ZC\rk## @:\t\.V̛?z\\\[\0^xYÑk(ɞWPY\"+\@\Z\\\\\98ժ4\kY\rE#\~p\%M\E\|\p}=\\q\c\Y\cq\ѨUx^\0\`\ͦ\p|\\Q5)}4)\Y\lR~\\\ǟ\\\\0\&%\lo_\ʠ鱅XKXC\\µ*eod;g\2\\Uo~\0z\In#b\\k\Z/B\	Z6b5ŝ\fQ/\}\46x3Þ\?ܞ\@C\,RPHR\\z~Bɾ&\3\aTK\E\\\ZL\DK\\p\"\J\\[N]=n\\ZpiNiyc\J\t0uʁj5,t$\\7=K+}@\l^\\>\\o)}[5MSVUUtQ_Qu\#T.\2	ʻ]YYP\a\UE:,vy^p`T3&7\\\x\fZ\Ǎs\Z\r[%հ12$bƂZ\h\\\\8ٙ\U\!<Me\(T\Q}U>>;c\#\\kH\l\\\\A^ή@]tCwpO\f\(\]\\nd\#\0s\g)\Wrܟ\\7_\MmJQ\VU］YW\+2\>8{F/|c\\\ewI\\\ul\ZCDBwɱ*\l\AoTĊˁ\\02\1\h\v\{K\Z\'<f؏\\\\(f&dv4t\\En\\\\Zvlk<0;(c\<Ap{wy\̽7\~-\Awv\\_\\S؛^>\GS$\0m77I\\\\_t_S\*\\\+*E\0ذtD{|\,\oӐ\'qMr\ܒ\kzhjF\'~bKE\\~\Ɔ\i$\j\\\!ѯ4\U\\\=F\\pXfi\m캾\!\c\\\$\n\\(+w\OfG:\Ey\꛿7k\*0\03\\\\ZnWW:mD_\\\Wo\\o\\\L?\\\m\Rd\xL\\\0\rz\ې\\\дM,\vh\z-	58\\y\\P\ɾ\0\o&\'46Ǫ\Z\\\n-˗ZTш|SB6Cxge1\\1\'\蓵p\瞁jѕOu1\y\*׳#\p3cev$տI\\\\E\KYs^m7W\n?\'^\\\S\\\n\F.gIR\}E<Ud\np\\\;?\rݬf\g|\r\Sg\\o\嬂\ ^\O\f\qCgx[\\"\\7_\CWO\r\n\t	ȍ\I\rM\\tv9\b\\Z\\\sAN1Q\\\ń\i\R\\a\\W\iK-y\L՞7oN}\\\\-}txiRJ	϶ۛ\\\\O>W>_nT%ȴ$UIUP]k\P\\2!dX\NX`-\\bXs\ro6{)ϧ\r/\@/\\\\w6u \FI\0o#@kv%=x[\W%\n\ܜ\n\r\W\vBڟ\.ll\4q\O	x\"-pc(&WZtN\5\pZ\\͗-dG\\\ᷓ\\z0</\\\Ɓ\_Q1\#=_zPc:~jU{,Ж*`K\}\\`-}4圠\󫗂\\\>x\f{\<M\_nyjؑY\1@h1U\\T\!\r|I(\z9M !\2Ѕ8	,/|uS\dG|\hn\0\7\x\\xނ(\Z\TNV\%i_6.δ\16\Ti0j\l\W\;K\8+\k\²\84 @ࢩ㋠v.Þ}pM~\RQs\\'\\ \\\o@pq0\\0p\QQ	\Pݪ\\n|\W?|6\n`\gH9\qGyݭ,-^F0LCǷ>\K\_~W\\\r{\	jv\pm\0\n\\&\n\radQHu\0LL\ZZ%\Pѩɨl1\\rn\\\\W\\9ux\\31Z\w#4\=971\<GJYx0\{:3pV2\7UԨ\=x@èn;SCp\S\\r\g|ն޳i\j\b啇(9onT6\\\+g\4\ZJ*jηMM&\=#\[\\\kەLC\r_\\*@\2A\r/.\\#\0`0<} XuܮrN\˽M Bf\hnPL	\K\\6~\$6x6\T\\\\2\xR0\&\,\*%\P/\\\_\#WlgcV\'0tj\\2֡rk\(\AHy5$|ޛ\Z\\U!KK_x\r\\GӔ\f#\_\~\O?\+\\\\W	y\ߗKX9\\[{(Pg\WZ׀_\\\\\\\\\\\\\\jzq\5Y, CY\3]ҍ+\V[F{h/U¬\hiGS\"\9@_\\0Z`\G;ކC~j\Kˬ\2֛$XL\}\-\%\= v\x	CF )o\kGA?`	\}8\mu<8<fy,M|F권Q֫\,m_\uzOv?f_\\$^=|\\b\@b2rHǷ\>Tѱ\\Z1^x||\!W6RnKP\\с*\,<Q8;޸iP\\x\ߟ\\\\qAKy!4n=\\\0\Zv\9\=BƧ\UY\\\4P7	p\\\"\E ]CfzYkKj\\\Ղ:b4o\9ȈNӰs\E;VZ\it\8P9\\\	g\_P5=@\\/\0\6\\\7s?\_d7\}Ʒ7)\&Ly\zN&qDC(\ŴĜ<^Ͼ\Q\;ӉZe@gvXa\u{k5k#\0U\+_K%!֡3|0NkFp\5W\\;Zg\3\_\tЌVW\Q\Ur	\\\}/\r\F\ F+{<L*˂M\0\r\n%Pox}b\\R<k\\B{_J\4>0\\o\\{O/l\'a࢟z\_[\{\󫫛gWyjҟ>k\\\\\f䜳$_J\\\nj+ψd\2\+zA\ylEgo\\.\7y{A/{vy\:`;A>|\\\	yz+Ḻ7+J\V{%x퉻I\\\I\~iD`:\xh{T\dOk/\	WPwiQem%^(.m^\w\8Ϭ\!U=<\\^ð`3|0\8S[\~X5\xGxUC\\O\|)\0\4фy\\$\\_\{ieSmwRre;3z\*;fY9 \N\0\\lw+Ce+5{\PU~E\R\n\3\s\jc,3q\\큁NugfC-6\0ilG\`/ͤ7Fݺw~A\O^KO_\Y\\\0\hsO\{F\/\QHj0ݰ\\t~퐼c.m_,[(\fk~\\\\\\\\\淞i\r<\0\N\"re\{	\*)6\tI?}u>+\/l\YJIp\\\\\ۏ4\|!l/kH݄	jzI\\\_\\\0`\O\f+p\bd*8T|Xy^~{\Ho)\\\\c>\NƔbkg\]-\\\\S\\:g؂\\&Ŝ\\*Ks\r\"\󓵣S<\\nX\yn\͢p\kO\\\ۚ:\\b*,[\z\\^\!#5\\0gBUD\KLӳ\\\W|~xMdn\\th#\nq|\\Ay_\\n\\9E\Hf\p>U\\\'\R\x\\^o\\]*0s\ؤȂ1X̨QG7&\eo&d։!\\n\Vâ\\;\R>/n:F2Omcm\}\7X#\Gs\y\0\hU\\~bQӺR\\0\\\}\Y,	\\\rOW/}&6\\s\_\zs\w6$%Ϫ)h\\T\0\(\\\8<7\\-j0d\b9*/\"EgǀPώoAߨ\\U`\!\XB\83\\\Ac=fhAt$7;\1P\\K\nK(S4%[!\m87sq\kKsm\\P\y\uP+\\k]ϯg\j%\Gni\\\\xȕ6an?)t~@\G=y-\ Ы\fLs˿\~dHRM\9-Ý\.CTcuz\\"\\Vp!m\\n)p\kX>\nR*\\\\\C8IԼ0rK\tlKmөS0,:\eNZ\|\\\\^IܦuzkQ-fO9V9\\# 1\\\0Az\,Ks\\\*l| \]}\\h2q\8;r\M\,\MJW\\\\o\ORBȔÌN\"\+\\%.7\O\G(\ZŖL\b3|\n\t`ns`{\k3Sn*\B\k\^!C\\\3\b\p>o\	ɵ\Bn\\\!8\Z\w0O_\'.w|\\\\\ɠ/1D>G44W\ZC\	\\o\a\%	KI5\@$\h\B LG\T\r\rQ\r\c|\T\sƪ\\=\\\c\\r\07ͭo}RR\\t\@\[?~Wnӯl7gIT.ga+\P5\[^m\0V\0|%u\\3\0\\\5\j\_0aA`>f|i r\{\8{$a\q\]XT;\vKlL\B\U?\½	\n\S=;\?_/\s\yyڂ.<{O\C \\Aqx\jnk\\\01B\\\0\x9RДWdBW\\n;\ًP.	=:\r}N\\\\f\lAp\0}\\0\\\}\F$ھ`׿\\_}5M?\\\\F\ݔ\V\*1\/6Я\Ak#\BSbj\>\R֡yǗ*F \\-/H{\\\\\\ZS~Y\E\ᜆgDi\;\0vW\\E\vB\Na݆p\@h2z;Ϡ+N6\%2p\0Qz0\\\s1ΰY\\Z_0K-\=`eqKta\,C\\:3.Bt`=PdT\_2\|ӗ~g/oIMR٨\4&IF2bFUE\\\L9!\	w. J\'\ Ep`\\.PԳGx{}n+BmQϺiR\\\\\9\@P\S(,xw#an\pkl\t\\OMxH\"\.\Z\JUٕm1baȖ0G,{0\60<#\~\l\J]\\R\{\`\R\r#Jq1R \\6Ԯg\\Q\i?/<`\$4]%%}9A\\/\\ݿ?I*!ӔoW4\>\r\|\㭗%/\1\\K\ZB\_aaޏ\\5mepeCa)?5\.[\e1鍎\0!\\"\#n\\Z\\1\,߄m\=%\Z\Z\	\&\r0a\\Ds+\V=7ym\A?19/z\\\O;\Ъ\rӡ/C):Ct\4>r\7YU\qW\<l\祀W\\UU-gD\~9}\"\\\/HJ)M/6\nz>K]\j\VJ*\n OY e-(\\sO\<_K	]\RƶɭL(3L\/T8s|\"vSƁD\M\Z\\\poo\9-<%)Y|48je\\[ԖϺ;}Ǐ\\$x0<A_;Ra@c\;hxv\n`@;QHm\5Ή7\Z\\\AᦪQ\\\N	1m\2</J\̳/f\\O\\\XW\?p\]\U }#ݺ\'Ƚx\E+a /[ֈSY\e|{\+\T0\Pn#h\{	k\\+}\\\Z^a|\\eq\\\z\\DH0A\\0zg^x@\\a1n\@CtCx:}n\]\\ݩܼك1k\^񩕝\\n\7/\\\rVF\"\y{&ަ\r*-wZ5qQ`mg23:p]Q\A\\ҫ5f\bïÏ\BU>\I\&\\>z\\/\$	e\Ы |\,Q@XfXH]:D\D8\\nB9бp~7Rüh^]h>4JO\\KNQ\rn\0x\C\\\#c{ĳj1](N(4Z\1\\'4^\\h	Uq+T\mPvv\Zܚ\r\9˷#`&\)]	@\ˀs\{\.\\ȋD\\!~.\\\\\k\MR\,`\=\\VÝ\d\\0\*ϣi7rRvfu}\\\Z\!sM\{¦JuS\/?\0b\L\\'v.#\\2^z@oɚ\5Z<oAzT8\\Z\r#\\Zӟ`kE\\)`	\1t\S-%\\0-P\Y\hA\Z\.*%QOpֺjɣ=m \0\0%*Jɫsql\׀6Yo/m4Ud\n\Vy\/@&d$;*hX\\̿^|\D`<B\\G1azټX#G\*\'EJG)#\{=0v[\'K\\U\e.\,Sin\\#\@\\j	\r\ngom\A\|D8tJsz+{4\0\ZWO\>\0Pz.\r\uA\Aw\+\t\#0\5\\q\V^^^@?e\]ֽ\GB\L\݂θ}&<\o\0\06/\6\jJȔ\'ddI\1%C\~\\U\\zF\4\}\r\d`ŰU=eY\*\sҨ &s\E@:\nX\rE@*d\i\\\"t\=\\\0\Za+1L\iPO\:MnǊL\\lpk tnS\\nˑ\\IRŒ8\"ռ\Q\\\\0/\U\\qDy@\w\\\`O\\r6\0|\\\f\"`;Ou	w\\*Pg\\2^_Z\.\=~(sI+GŊ{1\W6\\"l\}S\Ӑ*\'j7H\\\\0/=\\n3\08\Z\i5\M\i47{\Z>\\\m.V\Y(,v7kz+=p\O\\>k(I3iAՈ\\\y}:=\InU\+l\\\\\\Uf{ñ#\ڤh\r]\%`R\\8lɼ\ԟ-\0\|\\Nw\\\1\0\x+\$Un\#n[5f\X\x\GCJ\\HYr$\p\0;\0\Z\\^]@J\Z5{z\\ \\\Sbk\4\EU\\Wi|!p\\\0ќ\\j+\Z.}(4yM:\\r1`\"@\&at+\(qcƾ\\\N|]\UMлU]؍|\\ϜCo0e\K{jrD=\\0\0Mڼ\~d:A8F?\#E\P(\\~+a\\\1\\"tID\0~mOP{\\\P΄w$8\\߂\\\\e\\?an\|\(0\\s\y\\\W,\'EĩCz\\\(\+\mE_[\\GX	Ly.3p\'L\"]\\HUY#=B\F\3y<B\\Zo,ï\\3\«Y#\0\a\|?\,R\\kSm\B\?(M\"\\0\DT\2ឌz}A\<B<_8\\kd\'\2plQ#T)\	\\\a\Ҝ[5pʝ>\\0\\#qVBЉf\eD}?Q\3܉\`3t\0XG 3ֿǐvrpi]u>C\A6`3UM@3&\\Zş2<,\ZL캷p\_;vg	cϡy\Z\\?ŭo\\c\\"̵$}\0]/\[/\"n,\n\~\u(}Z\u\\.xr\*?J.\d8>s]\|m\g\V{\n{{\\\`!h\(Ê\\jАs\n5#:L\	\q\\\r\W$\ij\9cOkBmv5r\nPs\\\̲\yН`DU@6A-R+X\QСk\!׵\Z4{d6`\X:{\"ڿTTɌIzbj\c\>>\\0\\\Axz\0\6o\r\*ZA\\k-y\,1L8v#Wb\kY\C\"\\-js\c\\\\\,\;ȭ=q,F\)( \L[\%}\АÈؖ0\vM)\%ᵥoگ_\1c/gaF\5\'Z\\B\\0\3f(-p=\\ڿ\a=bS\\A\L\5Q\wR+\հ\ԲC^\A]>FO\.Å@\0\Y\e\R\nx}\\\Ȃl\nw&*1Pm\)\\4\QF8<\'pŌ\@xJ\0\Zf%\۲`f쩼\'\nWh\>\0 >q\,\\^~O,oMFKkGߥ\ʾ\Om\[\A43GtD@\ӎ8z?,k;vz0lzZ\0z\ڿQ`>\]k\5Ա\q;N;ư7O\r;*ըBpy#f&腓-\O\\7\5g\+@\/Xϗ_k}Ec\뤑\8j\\$P:3\\ea;ԙQEo\\\ՠ7$\\\\B?aHB,\\\\d.\#=ѐ\xU	}\\hLc\\n\O`lEn\	\1\ڍ\\Z\u\WA暢\\!x\\\9Sʈ\\1璂\z⫻XC\[\j֣TQ\锑N\\"\0C\6%s}\p\x}9-\{	Sz\X!<}\~Th\n\+OT|\_\k/,\@F5T,gz*h-$\r܇-BoPkL@\\GgM\X\o\:\N\\ń\'K\\\Ն{|ssFYͥ[DKŎG\\m\- \P\E`\\R\[\ӆ\\\\\*ʛ;_H\=\65cC\\ rK(8\εEuB]\rYZ	A\\%ϯٛX|%RSig\rq\-;gl^@B*\!|Xx\"Oh\DD\TD#츿\pa\âim%\pRg\hbCUjg\x\E+\yb\LϷ\J9\n\i s[\\#~OxX\p6\\-\\\r\0]֨fWp9uo\rVêA\(\\0\Rxn`؞Iu{\H_|h.hu \7R:\E\\rU#9\\\ h;9\"<\n\\\P\\\Z\\d~$\&SU1/\\~Ô=Fm1͘H͡s\<G\r䞭\U@jj׸DB1\Qmk\Mk\\\=8W(\i$_~JFnneAes@\/><Z^Y#\P]*W\\\=\Ҳ\Z\e!7\?ư5\:x\\Lҥ\\녃v\ؗ?3\_<W\\Ί9ڲ\\nMZF埌2w\I`Ny\n6Ј6j&4\"7_j\jGD-1b]gw\\d\xh\+\\{\ F)0\6ݷah^X\'\r!\y}\(y}kF狺Y\]\qj\"E?N\\u\e`Ak$\[ӹ\0p\3x\'\抽kb8\v\\/\Z83pQX\\\0k\G\xH7\\@h\\Zw\\]Pu@<0N8lg{p\\\\rs\`Ëg7\c,\i!L5=ƭ\0(sr\}UO\o\0g^2\2m(\Z\3\k8$\ly\^\'\ip\r~c\\- Q2s\\r\\r\\K%\\5\<\ў\5\%&L\@\E*FK\n\2V*	\\hFX>!\¤#\';/\յ`%\n\"D\:Im|L-\*@\:a6t\:\\[h\cu\"*aр̈O\˻h\B!\5\w}<\7\0\\~\ZyȪ\"W1U\VoN$\'~\z}i\Ϯ0W\!-\0)<\\ja\=\m;\\t{\pk8i~\\rĩқ	q\@?| cž\`Wc:\\ke=ki\r3u5\\\Wm\ b\B\-\C\K\%ê\\mc@w\\"!l>ǡ\<[BZ\~WH &-q\\\\\֣Չ\rw/Y5\4NMa}QyV\"㽺I\0\n|\\;\\ˆ:lk\PuB}?X\\",\l3\\=)^\{\n6ț,E\r@5ιF\\Z\\\Z\ӏ\\OCR\n̴^ХWN[2)\R0H1n\NO\xxFS)f%\W\Dٰ\0\I\(\^d4\C\nc\K:\O\"8ˬܔX[S~\r>\lD\rcxp\n6?\2\\n\`ƃ׮[\Z\na@8\Iܐa	\\E\\Q\c\r\nq&ccA/	Mʝ\3\\\\\<=\"WE\\'<pO\nOļ\bząQÁj\yt\PE\p6<\0`#\3Av)__8}l\7\\nF`&Nb\V)Qx\\n\( {j\\\0\aחaU%أfŁ\\Ýyff35f\\~cuq+XmD\\\\\>lFL\'_߁ЋSAabZ$.6k\Px[	-\\\\\ț-\co2`7\=$F\\D\\ S\2}\-\\k{	\"\A\\r5>\D\r\:&oK!\\u`\]#_4K/\Z!r\ViY\y}9fƈr%[u\ߊ\.iCx#(x%q-\b;\\쥇D\ke\rlk@}8O\+̄ނ۾\"t,=N96wbp\67k\Mk\\\ٖ\2t\Zڧ3zĲp!Xk.\d\y\ua8:>Ja1\,\\$Ql%p0O07AXpg\\Ѽ}F\\u7<(G\׬G-\>Zp\\\{\Z-\\o4&\'p\\0;^\" LM\+W ű=\\#ps/i,\=pKDJ\0&rOn0F{\K=\hXP\b fo	I}`p	/k^^zV$:\\`Ѡ1n*/BʍcݻP5a<\\\F\0\}<*!qoBp\S^?/>z}aXt5\\Z\Nsx^x\=\r4\"\\X\𿺼$Vx/s\P\\3i$2-\\\\"\0`сn/]z\3.\A\18#\\:.6nf@$\8nЊ\\\\\\\S+9{&[KgZAc\\`ٟp\\0W\\\nK\Z\\-g]a8AdqQ?\̀j\L߆\!*6\OΗ\\\0D^I\\'\ZN\\PkP\{\<_\"#\k%VY#]\j5D-\$mÚЈԒ\Xu0;\n\0y6[\\\ƈr|tL/z56X?y.\{\Z^{-\n\L~lT芘2\Sbn\<\֯Uදr\}Ʀ\OkPzR\}ec\\C\n\-\0:\\FT\wAr\\$\X{\\_aGZ_O:\\\\0\\pj\r\"\r\\}\Z~\\yp\\`A\.c\i\A\0_n7\˂a?Pi\\\\?&R6aA+o\\/3i\}ENWx\a\rg^\\'4\\K\Z`]\\1e\oOh\m\#\\\\[\\C\r3A\|U-({dF\\0~8U \υ3\(EY{.܉]bTm\Z6--V}/\|_gHr}!\\\z\g-!Hc\(\\vX!\"ڷ=\\Drg3Z\n\rJ\M9D|IQ\F7o\"\4s\k]Ǌr\\g[=\\\hnvq\\\\\Y\hD\pW4Z>}pqPh;\\\\\~\(\S\E̜EJup+\%Q\\mJ}<\nPsZX-t#ZD?{K\la!x˥M}jy> \\r#̪OZpY\ky2\s\ȒP̠\\"\3&\8`Y\\2|pgX\\\r|=FA\&]nC\\\2\\¹\r+kZƕ\\D\	E\Co^\ И\^级Ex\Z>O9=\^kİ\}}(毴UZeV\\`8:r*LQAu\\#\jTw-*Q\Wd\7\!\/8\\\A@nX\\Vp_-\wGQ\\Ph\{\|W\\\PF\ru9#!\^,ǌ+pj:\n\m|=8\\ns&യ\S\X3):E\',.ó^[oŨݑ^\a\:Ak	}TO{\bT7&Ek\+;y\\\`nӆWoc \\J\Z<\hQ{@vp\@pǠ\:+\\]G+H/Sq\0o\\0cBxo\\H\wF\`)b~^v1D\\6vÁ|Ф\,\\r\|AC,\\;DԪ\\e/\\Bd\F!IKmބ`mہY\\~4X\0\uo3j\Q%[Yr\\%೚uTȪ|6\Z(ՏvK38ڗ^\y\nUo*D\\olU{z\bF@\|VS;5\01;L\iI|+&5^\\\r\ZXiW\\B%\\\~e|Q}ݖFju=|]ps	\uK~of~j\ݫ/\\@0[!<\'N1\\"\\\ZvC\j\[NٌzBPJ\kkO=Ѣ@^\6.\pP\\U>\\\p(Cm8;\G*2\U^\_v\\\\0\p_4\nZ9`[v\pEOܧAݹ Π\[鯑\\Cݏv+c\k\/N0{69{e\H\\\^\n}a\raZtG\`\)Jsɶ24%N\\n\\\\\"8\j8\\\e\\\U\p4uy\V vyy8Pa<^aHx\t-=^(YB\'\\\ihopO˧a\\rD?]?\\\0`mg0_)\\\+\\\@H]ۊQw\r(T\2\\ֈxe\\W-\\\b7)в\n R\\j^jLk\.pi1\3\O/&4\"6WX#2\i\Zt&\<M\\h왡\ď+V\'0U\P<NV;_/Rcofؐn\\5wZ\F*y\Q\+\0\\r~ h\ґ\\H*\"3^_[9B\+ {eȺ\&\0*\\'_8\o\rWmdh0\\<\\s4|ކc\f\\rG<\ 4\Y+x5\-!\~\0\Z\\qa8_mՑ\'\\\\Ś\C	>QI`hǀ0\\He+,\Zn\4k\۰9;/FT\p3,E\\\\Zd\:m\\\g\\0T\0:EG\ZQ\z)\\Z\5q*]D=o\w\n~3-d?\+\+K{N\0\\\_}\~\-Ay|s1\nFA\UzA+\!.z\	 \~ä\M5]{չ1}\Z8P2\\	hl\=5~d\0	r\@\\WL@P\aX4\n\\&(HM\;<\\xۚ=u\\\\ObU?\0dQG\\Z\񬘦\e\;[-\\т<Oum)f}}|,0\k\Z>\"\0\\r\`Jތ\\=E>ǈq\"BV#Fʩ\"\\yxG\\"Z[\\dK\X8߭/5z\[\j\R(X:\)h`x.AeOGW=\\~\#ӵߕ9\\ao\i\[\0<x\B\"oD\\_\0/^>(xhqTj\\^_\`Nl͓\\\h.mmg6A\]+o\'\>\n|\\5jټ^fL\\f\UmJ\vbS\'s\\:\xR\\0\rН\\\\q\n\\\OQ\$2 õ\=h`b\\B\u)r:\n.\̐deoѿ\nkB\r<H>\ۂZf\'\N\J\Z0a(as}gô\2mX\j\\\3i \[5/xq[X\-/z\Z \M\^tQg٢3@o\\*GC\"\`\_v^Ջŗ5Z\Zm\1g\ezQy\\bm0\+{/rAOy\C\OU#.#\K\7N@B8\\Mm.\\p6\\\Ps*\0nHTJ#{o\5׷`.\\\E\rc\K{}\р_P\\rg\\/(Y\\SL)ue>*.O\\=?m6\ǖ\\9a8U1F\\UO\\Z\\L].譮^\#Tx^[Xt^_\>WҊr6=PN\P\\'X]\\rdǸc\\v.\\pBp\\\\:h~kAS\XG˝\\\^_t\\ˈ\6\01^\#\̆g{_\%9\\2\\\)L2~m_\m8ZB>\{\r\Qً^\Y{y[7P˙Zg\hy,c\'9\2C@\\\uy\Xi\\!\X疊-#T\c\\Z r6\\\[]\\}\ye^Զ\\\0ndU\Al\㕭	^`0D}8_	B\\K K	g\;[SJOm+3W\\\\'_K0GE/M\\G*\}.TL\%&졹ND_qf\H\A@v\5\\\8.};\P{K\\\捖\e2td\|>\\T0ϙ\\\ӵh\²:VW`\\\\vD.qc|\\;\\\'eXuԎp_۲i/%0sBSG\\BY\\ko[K;æ\0\\Z\r\0`\:\r\f *\h*\\\Z^H+	pnCn00\\ckF*p)\T[K^tS9a\-VoFn\ACk˥M\\*\cؼ5 i_5qbEu\\=\he88\\ǲ75| \¿#\ǌn2\CsչZ\x\`H]=Hn\	c>(Ֆ׷^\Ezi\ѽ\^\Sy}-뿵DP~-\7`\\\`\"\w(˜e\B\\8!zelڡ \\\\F\"\m_1\c`!^|\p\\"Z8\A\j}9o	:\'jv\\\Gm\q~/|\8P7\a\LT>ZMF݈\0BǠB\\\*Wn65\u x\p\\ZnH\i\.xIބ@w=q?wր_xuKa\Z\-^\x/Bu}!\#8\;\w]\\\{\ZxU~lKPe\\0j\N^Y[t\j$\g|NM7%5*jUgn\\z0\Iز)1B\X\\4V\v*T\0W\\6\Z\\LMeV\"]O\Ҵ.{Jo7\\v\DVUn^H[\\|\Z\\nG:)\l.\<\\\L\0cX\9XU-:\\/$m_W05<*//\T\T4x$\R@fÝ	*\\NDS\\\ᫎ X6L\\0\Q|g^P\VbC\mϵ\ߠ2}\\"\\(~x?ɉ=&[\oh#\,|2r\ZZ=`l@Ev\k<\'ZM\΂\RGGM^(nkqT]\@ɫz?Sfy̎s=O۔U!\G͘*Zpn\|xn\uLtU+\\^m\cpfom\\0f\\nz\,r5:ܹű\\f\'}s6i(|u<\CH\\\O3@.\^b-\mDD8\@s9(d\Uc\Z{D֡\@\\~8.u\_\]k4ބyb)|f+\\rS\?1 \\P\V\*\ZL<oF\r\z\\/J\\xQ@Ω30b\m\_2c/̥bey+\\\BL=\\\\c,\Z`Sw\\\u\0j\9\\w\ 3Ӛi<ulr>f\\f[T@ol&fT{Q\qcn\'\RG!\\\\~/|\5SW\r\8\\\^$)q\S5ڢ7lF\0Y\>7\+H\'/2<bS\'\Ca)2\\nH|J\I%J \)G9B<\v|煄:<\7#\Iz}-\sN\\A Խ&RL:\\\\{\\b\^Z/ʲ\]q+\0/\z\\\\P\\\A\Ƴ0j\|s=q;0Vw-ӹ\r[\r@\\ne@T\\ns\܆/.Ak\\{_u־y\W#\ZQM\\!Kyn;f\|\ÿˑZ\;?\0#BH\0~!^\pK(0zUl)E\AۂaJ^_k	\[	\\\w3\n,\Z\\'_UPgǫ\F\!<\Ǿ\\x.\\\(`4#o/\rqμt.-wIn\\nTc\0q(6>(\ohz͟G\ZX0f\0\'\q\\Sj1\\æ1\:X:\0\J\(v\\0\\D\b)\x`]\FX4/y2G0e\\"te[(.\E#\>!ρFXX/5m\\9nplU/\\yc\2j]\\ru?\n\\kѶa\'\\Kt/w{\m[\\+,@\И:5Rz\\wۛ\]\^Z?3z]\d\\\n\Z f7c%jͨ\'p\DyqfaDjҪkZkA׎: Tkx`\\\n\\0>]9c\~۳4\ZgC\\ܠO\bm\z}k\\\\"[_f۹0\rt׍і*V8#\\nݚӆMߺDp*\3B6x\\Ėp\w\\F\>\]\\\׎M\q:p}\/7\\+>&>\+/qgr\\\\8Њ_\n;8\Th\\_/,:^\>\\XR[\R(n;\Ц\'؁\UsP\nKT*\0\hz\-g\{n\0}X`\  i*\V\(1+~\rcd\gX01QΗx\\\R\%\09	gߠ([Fe\\ePۇ?P^N!(_ǲ\-e3yǊK\3\5R\WM3tom\0c\0vm$CWˁp\\\\\r\%!xQ\b\\rK@1\\n\o\\Z\= *_4\0cI[%ʜ\\qa\σh\Q\\\\\FI\[fz\cܬ(\\'^8\\/(pm3o@\|ۀ\\\Bo\]By\B\G\\z>~\n\亽x2\(g_\*piڂ0LnK5\m[.\S&k#\\Snn\Uk\d\\!\!\Г\$[Ep,9IWؘ\0p4\\?#܇_2\YPX~&\\Rv2\\t)\/\Dx``\\1Sa)\g,Renc\\\m\\9óѷF\\(5̆\nUW^KqΎ%\B\){J+]\\1@+=58\r\\v\X\řNo0?%ƁN\'{_Vm#mC\\s߅BW\\\N\\\Г\>\֌_\\@0	Mk5K\nüċ]U)^\\1B2	W\\\t`	P\0X\axw\u\3{{Gz\w%䱬xU\U8\̹\<b\˟\( 6\O\9 zakjg_\pWDbiw\\; \\;nU5\X^\іck/-߄8\\(NyD\\9}	=x\0\2/f\\ZF\\cif\bEY\8{}\\@\l\\)<׎	\\95Ia\^a\E<3b[@\\0|O\\\\'s尿Ѷ&̢\z|4ahAD~Nun\'mnOK\ס\ܻñkYV[a\aX\\\K7pW*ρP\pPSFu`-`U]ڔg9ݭF\	\py˗կ\Z\#\\\"X\zl9hyBp\bۼ\P9&\\Fl醡w\r>R`\wK\b\So}\@TEVma\o# 鸛<<ц6\0~\\8ͬRNQ\\'л\r0mo\u`u\+c~ۓ\\\!he93\ܮR_0\\Z\*8[\XSx7cl\Av+[ǔ xQ\\\vќbII`\\hJb\ gR\;\F\\0\\|\\\ry\~|\d4c\Z\\ Baʜ\>\TC`	=Nf\9f,rK\\օiu\ҁRa\0^w2\\EPTGs>-\㼶mc\N\\J\\e\ɼ+a\0s\n.G4_\"@\\,\\naz\r\r0\\mġgG@\dHt\\\,\\<We\rgn~3 Һ\Z\e\\\ \\\}z84~7\0\"\'\Swe0\f|B\0Ƅ\* i]h\ƽ(\rٶeP\\ng\n\Î\JXgq\ې\Fst\~\Hx6\\mVqJ\\\r^Zmiw~\aMy\"\\nz%\lZ\݈\|0\@Uub;6;\7\r!\(Ҧ\"͵G³\\o*~*=e0Zɺȗ(\0Q\\Z*S\Sy(\\9]\@\Z\38@l)^b\ڰt;3!^=ߘ=G)4SnqD\\0\\\r(W\Yf\H\\\l\\SAo\1`\gw4koPڝ\"P=\\n=\ʢVs\/{tĴ*\0\El]x,pI\c hJ} y\v k=	P\"B@bCg\\]\0\V\0a}\ƥC-dp\\B\U\r~aC.\\\/?[\rD\\Z\\\!>@aSk$\ݘ^wp\PRO!\n\\yZ^*3j\r$b[j\\\.ins*4\6\0nl\ЖBEg9=50\&\B:m\ү5Y\2\\f9ck\V`YK/ռ\	\\\ʴ=A>\\n:\0w(J\]+tr\|{S&-\ry}kl\V\w\\r\ho0\7.Z\ͶW+=Ṟw\\cU\	o\I\ʻ\`ś<i\W\"\7\{}\\x\\!\\\nBf]R]AF4A>%\\ZǢ<\˂]\e^5:J<w-ۦ\\a>cj\\'\h\\\D\p\\=1A\v7tRh\T4\,;_Pb8\̋\0\{\\[Vp4\9\\\-#0_\\[>	x}Ǖo\x\\WeP`4zRcD9\r\3`І\\4p3\\(O)46o\QH\\6j{{2=\}bt\\Qv\69|\\CV*B!\%w,cW\\W\|g\>ԓ\\n<q0Kk\c\Bf\\$\T5N\n]aC;+\0S;\8\S!H*\ѐ\C5=T_\B[F;l1b壬\n\\\b#\ph\!rE=+$	\\\3\\nںW\zkz\>\\\"\<_\nzBVc-B!\"@/!6\7r\_\\r\\&iDA؀CT*+8p<v~\\\\!\\\d+5v5\Z87-~\9T7\0|>e(.*\.fC0\r\[	\v߬W<MA\uT\!)Vwz9\N\.|`\l4;1\\r,\\\\\fÐ{yO	-\i8yu(\\\ț.\\n\1<\MF\J <+\\r|A\\\78ٜ`u!\nDSA\\y\\2 w#Oȣ|\ePޱ	s5-0\3k_\\:\qĳ=w	cكb\n`3,\@\CP7oc\Ew\\˨r^w0x\r\\\Z\Z\BqǑ\n\Cw[OF\[\Orn\«\D\\f.*\B\XwR\(\\\\pM\,޿%i\T4X\hkh\:๼\\\\~y\P#\(\z}\Bk:B#\7\0\\gjl hR\Ζg\S*瀝\\y\0\Qik	s_C=ecVH-\0D\ɈX1@=\\\,G\8jZw)\Z\'1lsf\+\\\\n\\\ildp\0Á\H \\\fÈBgg{\Q/\SB01qi\\0(}F/0܄io\0\{\rGV\\\G\ߚSgm_s\r\Cq}\ƶ\ufp\հ\wap#	~9/\U\\h/\!èn\4`_N\\\S$&Fz\\f\!	x\0VK0u\(\/\wOse_\\4~\vn\ηwV\s\ɿ/6\\Ej° )x\Gop}}2}\lHtb9\Q \\tqX\Z6~ ݢQ\2gZ_XhBq\\\ok[L\/%tURX2,!KX\\\8\7p΃J\\Bj嚨\`f\\\{\\\\7\LÓW2z{7X\EP)Z\6ZgH%\Nr]SJ\\\>\:	\h\ð:#p\SCRW+\}_=UJtS\K=-&2\\\n` z\\\|\+UNi{\z\\SOPM\e\VBF\|ߐ\B\2-\/h! \\0x}K\[;\\	Ԥ8\ÝAC2Pςo\ov\>F\6\n\A/y54\\@U\\ \C_\ڳ\TFV\\i\\:`0\N¡K7	\%´ĭb\XS6\{\\NY\r\UCQ\/𹣉\~\״T҅J\\\\9zp2p_n\3j\n\\4|!ϤJ\r\g\/\EP\%SF.<h\ԧ [	Eĭ@]!վ\\E\\K\'șzz6\mf\\j\6k稻@w\%)aā8\\\nBऑ \!A8w4˽!\u\k`R.X\u\\\	;Px\Q$%\2\Tհ\roD}2~-\;\%荆\ \ \Z\"\m$y\0\n#eL\Zu/]+\Hz[B\gPT\ǰ\\\k_	F[\\2\\9\n\-u\\Z}G=&\A*\ZoZ(7.J߲e\_spy>kCȁ\\ϊF쁷A =.\'+N\.f8c\	׾G\S\Bt\\r\o\0x\b/s\Bg[1\*q05|\0F\\\I~f\\\n^_/=r_B*|1	\6\0_0Ƀ/\4˙\r_\Hg\\]o2\Zz#ͳc\'\\ȼ\\	\5Q(qE\y.|a{\4H\AX᲼U\n(`\\K\cCp\0f^âwv\\\`\js0R|24)\Fu~\0n}\0o\Ɓ	O\\3hm\\3\\%t傯c\3zGz}	3\fcO@¿!\\/]O80w\z{T4v\Q\97\V\\\ҲK1bY(\:\\a\\n#<\\ሠV.{C5\[ʹǽ\5\\3\IA<#-\.\Zks\l.\2=\"\\D\~~ \\\0\:\4٩\Ol̔\:rR~)6\\\\-\$;G|\.p*\\\^G䠘}$r\\\sn[>\r\L\'\ƎJT\\#e\o\+|x}.B\0l73{GYW\Z\q\V\\\u\i?\=\!dUvvַX$E~5\\\\\\p\zR.\\\\\\\/\\x\3my\oCcF>\m}yx?Fp0̛5\g	<^_)(\p`L=\>\Z\q\r|\XD0gf\\V\\+\\r?\\FI\\\wd\8\bw\">,\ް\ڿ*V/\\~&TxᰀةM\\\Up1z\eq9w\4³\B\0x9\f~\Q\,k8n~	0nyvE\"%\/\Ʌ^\3I+_<~\\\r><ڥƀ/_\z`g\\w.\Nrr\A-z\M;|\a\`ܭ\j\GG\\+W\.&K\" L^\Z\Z\\Z`dwBpZ!50ޕ&(\\5k=\9\"O~ϧ&.=\\r\0Qb4q \0\@wC\̀J~2F^ɗh\36p\~L0	\+1T\KEX\P\\Qn\\yl,W \) \nlli_߱\\\In\y=6|\w\t\jW\N\\`\O\q\C\Q\\UK>N\L\(<\\\Y`\ǌ\<\\\\7\\e\#Pyg.\\\0tWj\\r6G\rBApx\P,~\Z7\1(6\YV\\T_\=)/E-!J4\'?qo\\<ԜXIoog\B/?}h\!B\1׉\\xo>Ig\\[X5;\_P\\\]\Ғᶴ7\\rAW$\"i\Z\\\h\U\ZV\ë(3_\x ^ċ\N\\\yw\P\n~=-g\\rﵳ*(\\#dTS\\]BW0\Zq\rA	Th0lsHk\9\\\~E\\\\&JِE\\zw\x\&Db\ƙ\&\\@\\2w$WS7@![)f@r۸ݥl6\Bk5\Á\\Ű\n\\]|$\a\rev9\"=ka\\\0̛1k+ocy}Q	8\r#!\V0j\\S\5s\5_\ٺ.oJ~\ >\W\0\܇6\&>\z{\&O<\\!ƃ\qjN\ڣv!\:sZs\40l\Z\r\EV\\\\rV\Pv#\B7GV}n\MbYCp\\F^\rcs\6FA*\l\0FE\0\\BO>/\\E\ &U/vȳ#D<۬XA\}ɥ\OZl\n8%{\7Xo\\0mރ_		j#u\AM\ЋRng%%ӎ׀Mն\0\uNm\\VS>VZV\\\\r\AH@5!؉\Ҳs\'l\Vq+\Y\\>\/3q\t\Gv\"^~:nj׼\Δo*\ 4MR\Z!\\욿enL\\0Yr\\km6:Lej\qi,\1gO\\Tn\Z7f\\e\\\KD\\mƜxĈ\-\\\L.FR\Ϧ\9\\\\\!໾!\)\18o\lZ7t\_T,\\|\\Jvߓ\k1⡆\\l\r9V}_\'ĺ콶a\0*\%N\l-!\U×C=O3+\\5\M\=\"<\aX4xt\\0_\n4y𵔜\b\7p\QJ\\\;(M\\JF4\[\qϽ\|iVu\`\\kbs\檡f5\A\u۩=\X}Uև\"tc/\\\\u\_it\0kt$\_CxP\\:_\\\Zr\\Aï\\~N\'\\Р\\%&#\nU\\Ħ|He44\\\{\:f\> \R*|\H`ͥժ#Uc;cw-\\r\yOy=\r~޳\IB|S\|R#!\\^\EDaj3\\Dy;:\e`K+\p(4\z+\:\V\Nĕ\_N~\Sk{2`\Z~\r~\2G̿WD\ׇ\Ǆ\dD\\2K\l\׺뷳>}/SA	yo\\,hoc/X\"N<\X_*\\^X]z#\#\\\\'\\ʆ\\\FH\[\\\:Ju\r$\e_7X\\p \o\\k@pym\F\lcb\=Pï^wG\\0e\00\TDq2\3΀2G>;\,l=Xߪi\\\~\]g\Q{ȳ\\ryByr\h]_N\٫_\\rbc\s\ieș\r\5=n\\06ϩxׅS~פ\p\5*bN0-P\Z9y\\b\ý}?4m@&|Ht!ؿ~+DZ n	J	uxaU+{Jq6\Ęex\\\E{\\쌁\\Zd^D)\\'\ns;\Z&طo9܆\x}\\n\\ny\\"yv\!WϬ\nw<_\Q_\\xrY|	\r\HrgHsɭ\;>/5-A\\\EM1{w\"L\ZG\\Z	\\Z`\\\\'s{;1\	޻\@0ղ\B\\&9n=?9_{ٻu\.f\'\r\n~s~	\/2Hh\F(b9P\\\F<\r3%ĳ<r\\%r\\kׯ\0\x}k6W_P\$\G\3C\\n\9\\X+]I=\rd\\c`ب0\\n\aѽ\`\0\ިfeq,QC9\rޡQӧ\&\<_\\&J\\y\\o\0gRePP5)Y/\\=\8K\j4Fmx&\ݵT׼gXy,\hm\Sz}\2\\!_5J!\9<L,:ƺ\H\%\\7<̴\\\f4B\\J5r½ K\r\\9w\\\0\`\Q\{C^`.R:dMBfkazg\\\r\>-\0H_\5N.WAC\j\\ZP\S\Z\+8F.Ph=w\z*\|ȳL\2ײQo_nh>=O|#\\\0}\m>2\\r\4N?\?C\\Z0ּ\n\3k5nC[\<)\!u\LQ,$:r3w`G\'XC\n+\_\0\=p\9#\Up,k\τ<+/`\׸R/&\'\\r姈C\ٚ㌲7\r\6/\[\Kꭣ\\\\"\\T8\i<].z#\'\q\\j\QGy[\`a 2\Ra//\`\n*h\>Cn۷{\{\ds\r\0Ts\a2\Zml\7\9\+\\rZ\\0B4J~\<=c/\&\W?ܙ_!Y#7\|\ߎ}eS}A\x\\	b\\;#C8%\`\kauG\\xk:}e,C\"{UJ\8ցkI\\-ϧ%w{֦\Y\YqMW뒴\<\ǖL;/߾2Gl\s\>J9__?/9dS%|@)\՛\74!Ͼ¸B\;\O.\r6\4 a\\a\\\0\\gp\_fJ\ ,E\(j!w\\u=\S\~OA`>cQ\n\R3f\\\:G,sZ\|ԛ>\.?t\"#\D?\\2t)\?\Rg\Xq\.bI\\#\\/.}[\\\\\pfK2B5[E\\8CQ\\2[3\t?:E\\T\w\\\r\\\x=\\\\\\z\99\P8\\bJX[@̡rP31[}fk\pVf`e\\ \,Fr\[Csk\8̝\<FObqCa9Խ?>\`\\\{į\/\\_ʋIU/\~.5.\nyR}Yv @X~=v|K.,\r$\\lϷh9.\t \"B¡\\7\n^i\w]dJҸa@:@\xi{`\#\k⼢b\"mf+\\+\\r\\. R\r2?c\46ZbOl\\Un_\x\n-u\\\ō\\a\0\,v(Dь\ӮM\\\"(8lE\r\\\\,AC\U&\Z	\\'p\\r	Ӵ9j@j\Q0L0\|aj\XK>\іn&fl\0\}\%/p1X\\FJ+<\-)\V\p\\3]xA\_kABF\\o\n\j<DЪ;\9ח\Hr \\\\@\n\ZU\rћ9Q\_\5w֨\O\\\\S/s`\\n\\\0\Ҽ\\W!,rg.\\\Z\[z\	n\n\\\e\ǻ<\A.\U\/.zECc\}J8/>\\\If\*Ϸ\\E\\r{¯l\/y_y9\!\r;\#\7\1@Z\	ń\\A!Ͼ\fr\\[\=nR\.\7\Yo﹡l\\\3|\\\ϯuT}s?B] p\Zu\i\/\S97\Z\\\nzI\v\وS)\]\x/;\ZR\S1$\rl\0X~3\"fU\\b<JA\\\Kb\4r\\B<DHY,Z\'f~{\\^/D\=<S<z>\\\lSgn\nVq f\\{3\6	#+|=*\ir4܉dA<!aOE_SYG<س\\\0p\b}P=˜~Q˳WCu<\q~=\ᙵ[\\\f\n:	&Cϙ_r\Hrq4\ r@tlU/n£{4X2Bidr\C#mP|>t32\W0\a_0\'^b\X#\\0aF\\"\\\r\\03V+\\(U\Z\\'R\0Hm~˿q)>,\HF9ܼ\Z\\\Zf\Ԟ\0\2\#2___Th\7\{\\Ig.\b\;_|@ \ag\\:v\\9+cM*\6>!rJ50Ȱ\No\ݩ$\0tZ/(\"p\\\	KF\\\\\0\\$Ge\nPZ\[w\T\Hq\\RG>\{_95ڀ:,߷21\"^_gF8B[\7\ky}iE3_}\\\rPsX\Q\6\3\":\\F\ w0́q(ut?_q?j\ٛH{RO\\=T1X\x|\\\#\\o\uk\0x\n\\\tL\$u\\\j\ZmY	~YupΩ\"m\\W&\R\=\_O\r\)\\6,Tj$)ӝ\\<%=D/o@,Np3]S/Wa2V*\RJ\.\U;\\>MsBz^\\r.m\?$\1\`7\\1ذW@׌b\\!\$Kஊm-\;\u~\n1\r\@\r#\7\8iy zbW^($m\R}\Q\\\0|M<\*@\zC\~l47f\\\d<^\\\Bac^\\mni|W\\Q\"+ѕ\\\	\\\\'\]505n\)\Yw\\<-\W]\ZF/;<a0\0\Ru2(*аꝺ\ny\\\\)|\\\v/%=|Hk~k\0ښ\KL\\\\\0\wL^{ow3o\\r\K\'y{A\@\E`\Z*\=r\\U\\C\\0-\Z(s\\yB\VH4!8\(6\\HA+\\0h꠱\Z\\l\=?):\\Hz`d\M\\Y *WۭR\q\\O\L*\	\\00o`G\WZ\7_A~s\/26+ j\1\Ps\0\(\\\ؐg;\\\\ga\ȱ\ξ\'>n^\/UB\kJ\#V\0\ծ\+V;z|uyV9\m0Ѥ^o\L\nCτa\\rN0&\\9mJ\ƾ(\C)\\\\\QM\\f]\\3oEJ:\v\\սt\"9R\L;@RJ\agpY~\5PO\y\/,%`̅_=O\\}q\\og׆\v+g\\.Az}	\\\חpg\υ\\\D\U|\\\kc\|8 \\s\\Z>xCXh,kB\l,\rnc\%\\\\k\cʣ+u\#Z#\\о$n\\r<ۦ!\F\n$UD\w\I\\\\u(;&\Fnn\\҂\\"l\dX-\n\h\J\\\\:\<*\\8_z\Ł_&\׭Q\\\"\0\\0X#z\\7\Zryw\\Ks3\p\#\\\{{9\w?\\\ʷ\2\/\oUl\XIas\\Z4ǅ\^\vձk\u@܋fג#nv\VV=|\Vim\)Q\\r\IDYWQ\i\pB>\\n\\$\ٔ6jri\|\\\O%\\t \\\1Al&\\7ko}_X\\rg\Y_G\\l~\\FA<K \yE\5\EQ:\"\\{ #^\@\Z	xT\\\n\߁n\\\#\0Ƃpd\\a\c ]L{\HZ\[Ō\n\\6\a\\JLF8}WN{={\p\\0sI [d^m6Y\0YiMIϟlE\$\"{i\\\V\6KCřIDodߋnT0?dF\k}\\\px&\/\My~\/jcS֨vro\Ĉй\\*\,\'\\\\\\+	̾x|\/\"c\/3[\x\8&\q^\FB\aZ3\~_~\\xk>:\\\U5/8\=|i)64\r]1\w\rX]|GN\\>s?`l\N:g?\Z\C\]J\=bY[\\"%QXTn\7MY>\[Iw\\\\\攒즽\\jp\/Mϰ\x+\B<5#Þ%\urQ~V\\l_\U\_H=D\\\67;\\\'o\+z}~\X\\Q~$\Y_Q0DYޣ\\\\gy\1C\\5\ÈY1nX8aLǨy\\\Q^\/\&\Z\!O\蘦\ch\Ep\8k-\k￠a_&gy~u%7\֮\&Ls_b\nCmST>N\"QotJI<ɗE\n79g\L{w\\| )鑓>~F\\4\\`+Oϼwjl\/	U\6</9/&TA?_kN{.6\0\\&\n\c\r	\Y&>\rnk=\\\k\0K\yxmdJS?:`a*\Vk\\\"TO^G\z\-K\'Dډi\\Gt{qN:*\Fnnn\S&U	\\?0]\tEED>JF$Ϟ]ɋ\7SΒRrB\nl/pΐgL}45\uvˢIX~\\؜\[~)k\@\%\6p\+wz\\\!T\k\3\\(xUn\/P)|5\\nƤ	b[\r?\B\\\ރ\\\\p\1\\\\\Х\%S	Aa\\r\'2׋f}HZ\0\,ϟ?\0j\fC\"ND0\"r\\^\;r)*IR=jRl4\\\&眜\0h;v{?H>cy\ޭŶ[V\\A(&\\\",Cu~bz~a߭~jڐTi֖0\0<$\\\,.Ú9!(TH/c\]!\\k ?v[3`Ey}\\s^l<5{{[w9n>\\rc\.tu\xs\\\\0FA}Z\ў&\\rqvQ!gכ7/n\>\\ZZ\V\Z4\nM6Ï?D]8i\fΔ,܅\W$\\\\έ9g\n7\;?ɣ\/λfR<M\J\n$\-\\ZIN9=VG/=\\rKa\u\-Q%\"y\ܚ*5w\|_*\0\yF|\^\hK/!Aswo!D}\k\x\\\\`\\\k/h̆c\\2B\e;˅D`4mc\\Z{\\aO\ǇzgBz\4`4\Z\t\ϟ\O?@\Sl\Nh\,/^<\^]}n\K\%\6^$\\N\l%r\b&y/mT$\w\\\%\\2 \g\\O\\f\'\MK0\\떾\(\"\|Fu\ϴhxJbz K\\Amʌr6M\o@\\|_Q~I\tb\,=\UW\<a8a\=Ћ ®\j\@/\\\0!\0عl<kDjcZ\j\rB\l\\MxM\\Fk#~ϟ:~\¿\\n\'_y\Kѧ\\\F\ƍ\&%\\\7\\\'wP}\_&\\wD\\t9oUov\w\շ?\N\s<!`\\$~R~\P_=,$0Y.R\ZYԱ<\\<~\\X\\`b\W\Z\\\m+\/\$~KEp\wg_\\\-gm(pi+^\epbC!\\f\\%ح+\C>n\H0\0b0\lH\Z\\>֨\!8+\P >\}_/X>\\Wpj\V+6\v/9?#y\\\ƪ\}\2`hH\\4X\\\\o\o\m\\q\\,/=\}\\\f \\USa\\"\"\\F~\~_nv;Ih{ZY\R(,C\@R\Z*lJ+\r\\\0u՞\g0D痯\[Xxj[MQ浝q\\/^\iE@mV\HC\"$k:7/\̈נ+JmC!mt\64\+W\2j\\ruC^p\0TK>X/pa^4x-\\Z>M_\j76J?\͍\{?O>\0;U\SJ\/|\\\﷽4猤*Mv\\SJ\_mSMl6\\ml\t\V\\J>S\}y\a\d4cV{e\8?)\Z1\\0/Tv-~Cdg\\\Z\\0p\+ه\p\\mx}\6\P\\.\\\j\\޸zp0g7D^s\Pan~\7A|\V\\y\O.فk\]pY=O\"g\%\}\ퟦI\~B/\\\\\u\n~\K\so~Uj\cJyՏ\)\\={?rIDnnn\\￻\h\)½b>~Lr\\ZLϟ?\\#|\\]m\̖r,0>%ds\ Pޯ]= aR\6(@\/\\>\0fol\+\_~	.ibC	˾G\\\ZL\|K5y|)-\Xnoks|&.qry\_+@q%_\zh\0\\h\\rP\\VE\\P?\Z%)wFl*7׿&\__\P\_dn\ǧ&\o~\Os֯L\4dwD\YeWȶ\\Η޻\\]E\yŌ&%I\m\\ACWy\'zů0f\n\>\W\\^\\Ry~pF\$\Z\-!\'88Q\s`\I<\r\\'7\\nw8\n%q|(\\\-B/\\kA\\\\?\S<\@h\e\'jýƷ\ܼM\{/=k\8qcJzM|\\i\_{\\$P\z\y\\\ؾ\'y6\}ys\"\Wl\0\\^(8\\_\Y|\,g`>Ph\{#\\?S׿\o=\\V.p\'Z\P!\.\2\v\(w\\"zǔKP\\\\up>u{Ů\\$\xny\\}e{\|K!ͧ\0\\\\zx\\\\oM\Z\\mz./g\{/	xCw^\\\\R\S\&y\sy\+\\?W-\\}\kgU\\wۯ\\/}u\kJw*\*e\/r\/?ڦ\\\7;/7\\oxӜm\\0ٕ\ӟL^<?\m\0e\6^P\b5 *v?\\=kï\񋂒\~\>\Z\\ɥ\Q=K\}ksr\\v\\'\٭\\\6 X\[:\\X\8\Ý\\ŷ3@pK(ia\\䮟\0^Vu!|}4\;]i\\\{v\\\0\4MM\ȫW\je\}%-g|\?O?~u\\V9uv\^m\j\ˏ \?\}#\"٤$\ryv\6\\\\\\i\\F\n\k\9nź\\?7\r=.\\\ѫ!\3rѫs/\\قZȁE\fG`~I+9\\ UVG\\}\>z}Amv\E^s|m.O\o/䮃\pG0n/n7R\s&\/\k^\V/V\K+\a]\9w\tc׿ں\\ȷk7M\o}K\D\O~\"ϟ?g\S\~\\~˛ωj$\l\\O_ߤw\fw-\"\H@\j2\)\1GBFy\Z\0\\v+^\?I\$\\\|%C\\E\rp\\\\Ђ.\r\Z%S\n8W%0\r:j\n^՟ED~\[ ]L\\o}c~\\ro\ɏ\'\\EGgx9\rlGɣ W8G\<\\O\$\R\T\%WD)\Y=_\#O	N\L6.\f\'\\\W\_\\\[oe\\"\]w\\~k\s=enr\\ҷ\?}}\YD\\'7Wʀ0\W\\\\}\s\η\\ha6\#ի\07\0s\>>Ol\ve\\^U`ϑ׉S|n+w4\n~\$\"\0\\\\\\q?Rك9[w\r(@\Z\<\\A\\s1\\\\\n\\\V\zRhڇF\U\<a~Af.z\q\c|1\٩\s\pfr\"OCi\Bծz\r;z9gzX(zO**\"׻|\\KΓO_\\ȭs\yq\\o\\\\f\RR\\\\\\DD~\\$\"\\\_\\vͳ\N\0S)\VR\9ky\-4}\~\\0\[/^ȟ\\\H2<:\	6ꑢW\5HAa,z^9絓{\^\*\~a\rvVï\-\\+\\\:Ŏju\r\ܪ{\<O\\R_.Tg{}G}`=\\9.\\I\rŕgc\[M <\0\r`0\\'vgl3`Lv0\\#\\>Es\9\\gZ\\"\\\\\O\<\r\\0X\\*o\\̐_G\J\"\\Vo\>\\\$\"H\"\"\JWsۋ\\\\ky\\_\/\\7/oj* O*/^\\y\\\Z⭁\m\rZ[\۶IB-\k<\\ۂ_.\EԽ\0H\r \\~c{d$\V\z^\pg\W\nFn\\r_͂mXٝ\CpO\fUh2\ȧ7:\p~;׬$\\F\\hF	ަ¹gb\Y|\_W77\\\U~_ɭ\Ϟo\\Og|ΨH:\\r\!&\?ϲȧoΐ,\ٳmw]\﷿~|\\SPU+\](4\r\\O?KOD\~녨dQ@\\r꘢\\ܠ(_t^\@\\:ƈA-\iʤ#\\\pFK3\\tq\\n8p\Jk02\\+\ukݷ/x[\:xܐ8$,\0r\ \rg\B\\\:A>M\nyƬ\\g\e}\Zgr\\0|=w6\0~\;\?\yݒpLdױTqskG\N~5\=\\V%˿\/w\{O\\ol\͛ͳ\\ަ+)%}u}-\\\K?\ǯo&c\pO\\&\\0\ٳg\'\o\I\;\n\\\n~\~.1p\r_4o\\~ѫD\f\B,>~8]\7</~ߚHFl\֐gpxo\<\)xJ]\\S\5\=Y8د˅\\\چX\\~@\\\'\\=Da\\^3/{˙$Y|\\\??\O\ųg!ϯ\0yPnC-\w?\\~_\J6\6\߼\ol\G\\:g\\\M,Ԡ\^^__{?_\\\\f1b\¡\(\0d\\\Օ\{\\\\\䭷^\\]\\Dy0.z<9\u0K^\x|\Zr^\̞_Y\r~+ؕ=6*\҇ż\koM	^5a\"r~y\`\$\`:\\'O\w\LN-Vy@JqkÈ\ygz\6,:\9ۼ~\Y2)%y\\\v?\ߓO>T^<P\F\\眦\\\A\cr\v7\\s[[\Z[,ews%n\9\so-?\\}\\0C /T]\N|\\M\\?\'}~/9gI)-\r,l\\Z\@\o\\\pcQZr\brÂKbEv3/zS(>@J\@/\/<\\\[Ac R\2V\h׵o \#\u\kuA\rkQ+\\&z\'6\t\\\ueԽح\r\E%΋\<\N\T=\\y[-u{?#Y}fv;\}<\\\rVb\greg\\C\`%\4p\Jc=\\}\\n\0\q\5\\\K\"\"Io\$|)e\6]rfj\/\~\O~\\G\NWϞ%M?;Mf۱G7\'I\lsMy\ا\\W\w\\_/\O_]oG**W|6\"\0yvg\~\\\|\'r}&o\\fd\SsŰd\״\\\\\k¢/0,d\\\\S\>*-o~k\yC\!\Z\\rAЬE\"~h\\\\QUx5\\S%;K\=LYs/4R\>Ԥ\Ύl}>\Q]^`t\J[t\&)}V:\#jWm\\II6GO_>H~\r\uo~ykd݋Ͻx\\|@QM\?|Ǹ\a\\\~\\n>Ǫ} \$sƳg[\>\\՟~\?	Po\'M_@\WJUr\r\IJ\"_\\+_孷\V\IrΒ\j`*Y$C*y\r\\?\\!\k\Mm<^E$\\n{H\\\>|6/T\pp\\w&\&GG{eW]\	|\;{S\2Iʈ,\\@A0LG\\neʹ\,Y3\\\z9BRD!<fl{Z	4$@\\QUs~{\\ު{\|?k\Ss\\{g\\{\B=K\r}\js?7	,d=\U\2l\~7\\&\?H\\^Yju6Ue#%}`\Xx~ʯ4Ӈ\\ׇY9\\\K\o\]UԄʪV\Z\4.\+W+\s\6tUNR\!l\n\\\%\0[\6\lYۭ&`7զ<p\\npV\R0|?s?+>:\r}ht(`\TK^)\r)\祖$	iJĥ_\\#wT~UU/\$\\\\\\\\W\\_\@\[\tf\>\\ŋ]KS_x嬯qwڋ\ZàK!,(\\\Q\\e1sY\WlǊii\\и|N8r\\.#	1I\\J]SyL~fA+sr\Q-\z	}\-v\ӎ(\k\yFP\"\Ώײ\\\\v\\\ſڽ#eÞ>YF\$RÛ;\Z璇~{V\1\\\g\\\r\ss\6\\YA߁z\ݮD\zO\KY3v2vޜc>\w];5o\\\Co9U+\\1\\< \\Q6\Z xTq(t̑/({Z\o\\I2\\0\\z\\#\ ?sNfV/g\\y̡\\\&\Z\\r#\\r=aM[\Zt\=}Fz9h\W#\0w_\v\8J?e4KIR1I)SO\L\L\KÞ\`9Kb=X(\]|\3{e\\9Ħ\C/v\\\\>v\\+{[\_\Q߾sI\\4k	\Z\Z<\F\n	OY\y\\\\\3NJOrvբw^y\\\(pL\Z\h\Dh:\03;j\3\\r\\\\'\^H\~Q\ׄ~u䉨-䲶Ӏ7q\.GX\>\BccM;\j\z~kV=g˸JK|K\U9\0=i\nC˲^gC\W~\԰n\?Ve\G@Caޢ<:\i\QyP~J`<ge\'\\Zo3\ei\v`\"\X|\Y׍~$$\bY\\l/?uڔ3\\]\ꕿ&c\\ 4\\7wdہ;΂\\ss_8{\grW(W\nܱ[\	6\׿~\꟏\\\PW#\^\+\\\\"R\nm\ZCޮJύȃ?\s0d+xdP6\\d\r\\\-\]#َs\H\Q\F\v<6?R\\k66!lM~D^_7\\\a܄\t*mC\culP\\3f/\*,\UG\\j\quK\~ieS6Q\;#?V}띙̙3%\Bv;7\Jɰ\Z\"Oy\'lm}>1f\ac\g!\|\W\DT\+{ֱqZ0G\VZn1+o\2&Ĵa\c<\nֺ;ц\-\\0n#۫˻\?(+A\Qy\\C\u\:.j\T^\\Id8\[W\-\\3+1)3Kי̈\\\aֶb\w\\\zC6n*Iө\\zƪZE\9I}?\\}D\]sJ\\/\%\_+W\nLff\9:=\\\Ʒ\=>kUc\\\Z\0\0\0k4\Hk\r\4\\!\ZM}i2F\\"mO\	\s\./ܶsL\U#\sSo5?\\;l@z3s\yFD\,\\ZY\j\\\\{{{\\%~\N\pP/̊\0\0\0pL\\טkp_V\\*o?t/p\'\8fYD\=Kjgoݹ.ئj\W\4Ilk\\\\"\"\ȲTQ\07o666\ۣ֯f_\'f\\Yٖ{>\x\e{Ow\'`{^-\0\0\0\0\0T&1}\ګOp\im}r!ތ\]w\\\\[nOcc̛7ϢjC_|E\\\\=\\\^\(OQybU\\n<\>\\\wn{w\\S\ec\0\0\0\0\0X\\Z,\8\_\_2__߼\aAUűIO\\x\ߜ8yZJ\/r\\ZW\(\hsU+\LY\y]_{\g#\\nIj\a\e\0\0\0\0\01~\\\ǽ\[\ZWH\}u\\\\lUD\,dFi_ʭjCCÀ78պu\ly\C\>\\'GQ\,I\̤m\\'\\Xh\=݈rs\0\0\0\0\00\8\"f\V(\Mu\\rΎY[w&_\"\"U\\cg˚]r\\;1\|Re5\󍈄e\I1BW\	O^mپ\>_lm-\yP\0\0\0\0\0\0@m,,\\x\}\\\w.\\_\*\n]dwIGf8sG\\"\"]0\?MӔ^53#X\Y\ϮYI[w\x.\n|\\\UI\0\0\0\0\0\0#\uĶŤ.\\^vѣ9\_\ש\f\{~La\Zqvqڧ~֙U\lwy\\\%K\\w׼9\\5\(\|-VPL\\\\\\\\on}b\\'E`,\0\0\0\0\0 \ZHf/h\zOq\#vᗈ\s>yǃoYdsÆG\'W\Z \\Fyp\\nf3P,zq5Z9S3v\&L|\~O7o\0\\}\\L\\0\0\0\0\0\05\5U\r\n\$7.o\~r\G\t/iVk{2Ȍk\T\\\ص=O~\\FYbR\VʭȈN\j<pg\f\\lǞ\i+\\=\\]\r?\@{!J\0\0\0\0\0Y539\^OҤ,\\?夓>_Lg&-\r\M53\r\Й\;\\B\Ȧ\A5ѭX\/sJ\j<\\f\D~\\~o}?\Wz巧apt\@n\n\0\0\0\0\00\-S\r\n\4f}>\\+/z\oy\/3\:\V};\\D\ZF!O?=ݙI+]РyâE\\\f-\\BC&\"R3 ~\\nG\\o\\W\\S[\)\ID2\0\0\0\0\0,z3I\4\{Lyy\\m0q\\\\$M\'3b\Z>\{D\\r.ɲW?\=Yt0R8\\ng}#v\\\ñc، \\no\\7e\K\\v\bF\0\\9u\"WE\0\0\0\0\0\\D̫:o\$	̨0a\\\\t\9;s_]\\-;|5\\MV\E޹z\m(ᗪ\`nll+Vy^vo\KX{&2,!U9㨭>\n\ڻ\W_{\~\[\8\>\;NE\DDcW%B\0\0\0\0\0n昈:^˫F.˼Y\D\9\3}\I[\>\?\1}Z]k!\e\J\x\Ťl\\o\\\ѤW\DD|Ͻy\yv\e`\\\\\\^\\ɈTs\Q?\\\\;~Ӷw\ww\T\|DDy\"\n^*,\U!}%\0\0\0\0\0V\\\\R\O\{\L\'3?nߩSOM29 $\UG v\q8hkՇ׬b\=\Vқ\\ry\j\0}隙\\\\.)\\Z\K.Us8GqY(cdv\@kc\x\u\bjllJ<L\2\0\0\0\0\0\ybR!6(\q\\M\w\\t⤺\\OJ(8\Oio/W̲BU93V\"\\Qy\Ѿ+\*l\h\"\Dz\f\\\/ŌG&Y\(\\$y\\WY[HPt$aU8l\0\0\0\0\0`̅_!\\8\(M##7D\4yxUR\K\\\JaGn8eq\u\}\:fnT\\_\\\\Id4TTMլ4133B3\\\0\0\0\0\00fF\ZuI\JώZW\11\Z\\\}f_UsUg\m_t\O~uf̪\Aû\Z8\\\>\n\V(t jҐx\^\\h\0\0\0\0\0\?EGi\Q3f\I&\=[\\0LDīV\\\\ٳ&\\*$	WO\\0\0\0\0\0\0Hͳ\"R\\\V^-\\r}«\DDQVX\\Ͼ|.\cD\\b\I!\0\0\0\0\0\\\8rLtZD\\\Fr:\OM追ݰh[ٲ楏?!\OFa<5IS5\\K\0\0\0\0\0\0p,\^\"3U\\\L_\i\c럾a\\"\k:q\+/B)>1玏\lSc\3^\0\0\0\0\0pL_\9\\b6Ҧ5=\E\˗\M<\V]\&lٽ\皳4\b\+\Z\0\0\0\0\0pT\^#S\\1\n\+{Va{wÆ獈\%K\^\>;=j\Y\r\r\o\0\0\0\0\0@u\s91\glNO>s\%nÆ\ra\:\\\\\\VXቈ\^q\|\'SڋEb3O\0\0\0\0\0\v5o\.ǔe~7\_\=65ȢEsl\KNt/ץ\"\\nŢ\0\0\0\0\0CTUrq,\\'x*\Uk݌x^xD\F|\\\x\"f_ic.b*^\0\0\0\0\00ꓯW]\~ʦwܿ\F\hyޖ/^,MMM\\tU[Uu&Q1MU=*\xF\0\0\0\0\0`t0RUqq<\n\G%\"Zxkjjٻ}\b\0&\";P)\/\l!).ͼ| L\4%3\TU0<\Z\0\0\0\0\0`dh))3qRFsO\\+\!\0\\ns\J\7^wy>M&\"(,#\"ʔHa\0\0\0\0\0HH(\(M$\\.\\\WC\0.?w\o\Yg\+T\8\n(\2RU#\"\Qƫ\0\0\0\0\0\0\JEȉGA@\$#~Y<\\\_\̗\v\\;&p\~w\n\\\ŤDD{\\\\?7KWe\g1\A(eJ\{\+(!\0\0\0\0\0Tx;sNsBYd\7\\ܣ/\)QSI.Z\+8\U\ڵ?h}\\K>_j1\\Q\@(\2\\\\T\XMو#\\\0\0\0\0\0\00\/jLdE\90(˔,-,w.\32٦eOv.\s,={Οe+`?\%\<\w߲_͛\K@\r)\|?-`\Ea@,佒qC̈ȘFe\0\0\0\0\0\0\Ll\LDz\0ȥ09\'$,\#SOIQfVĽ\\!\/5\\7o\C3ݸ\\{T\\|\a\{O˖-;b=^frݴ\6Dd\\ȼNcu,Ή1;b&r̥G\0\0\0\01ʈ\̓7#3\"3OD\\\V\\ po\&c{#$ݙ;Z.}\e-Y\97vC\\X ^\r9v߽\S\M3&d\\'L2L댭Y\H\\U)\a\0\0\0\0\0cM 	i+$V#}/\o2\\\[\>_2Ucg_[xۦM윣0\0\0\0\0\0\/:\=M=\\wcs\\A\ɟ{\9)Fx\֭l\\\\hy\0\0\0\0\01x\\I\hڴiFD\\\`s\\\(\0\0\0\0\0\0\0\0\0\0\0\0\0\0\0\0\0\0\0\0\0\0\0\0\0\0\0\0\0\0\0\0\0\0\0\0\0\0\0\0\0\0\0\0\0\0\0\0\0\0\0\0\0\0\0\0\0\0\0\0\0\0\0\0\0\4\[\0\0\0\0IENDB`'),(1,44,0,'asd','',NULL),(1,63,0,'<p>asd</p>','',NULL),(2,48,0,'prueba.pdf','application/pdf','asdnkas,dnbmvBN;ASDBMASDNA SBASNJakjsdbaksjdn .as;ASN,DKASBDAKJsndNASdbaksjdnA:;kasbfalknsfla nsjfa.sdkkkkknmksdjfbaksdjnkfb,asnmdfl akndfmaknsd.mgasd jkgnñlasdnnkfakms.dnf anlsndfkajbkjaskdfn\nasdnkas,dnbmvBN;ASDBMASDNA SBASNJakjsdbaksjdn .as;ASN,DKASBDAKJsndNASdbaksjdnA:;kasbfalknsfla nsjfa.sdkkkkknmksdjfbaksdjnkfb,asnmdfl akndfmaknsd.mgasd jkgnñlasdnnkfakms.dnf anlsndfkajbkjaskdfn\nasdnkas,dnbmvBN;ASDBMASDNA SBASNJakjsdbaksjdn .as;ASN,DKASBDAKJsndNASdbaksjdnA:;kasbfalknsfla nsjfa.sdkkkkknmksdjfbaksdjnkfb,asnmdfl akndfmaknsd.mgasd jkgnñlasdnnkfakms.dnf anlsndfkajbkjaskdfn\nasdnkas,dnbmvBN;ASDBMASDNA SBASNJakjsdbaksjdn .as;ASN,DKASBDAKJsndNASdbaksjdnA:;kasbfalknsfla nsjfa.sdkkkkknmksdjfbaksdjnkfb,asnmdfl akndfmaknsd.mgasd jkgnñlasdnnkfakms.dnf anlsndfkajbkjaskdfn\nasdnkas,dnbmvBN;ASDBMASDNA SBASNJakjsdbaksjdn .as;ASN,DKASBDAKJsndNASdbaksjdnA:;kasbfalknsfla nsjfa.sdkkkkknmksdjfbaksdjnkfb,asnmdfl akndfmaknsd.mgasd jkgnñlasdnnkfakms.dnf anlsndfkajbkjaskdfn\nasdnkas,dnbmvBN;ASDBMASDNA SBASNJakjsdbaksjdn .as;ASN,DKASBDAKJsndNASdbaksjdnA:;kasbfalknsfla nsjfa.sdkkkkknmksdjfbaksdjnkfb,asnmdfl akndfmaknsd.mgasd jkgnñlasdnnkfakms.dnf anlsndfkajbkjaskdfn\nasdnkas,dnbmvBN;ASDBMASDNA SBASNJakjsdbaksjdn .as;ASN,DKASBDAKJsndNASdbaksjdnA:;kasbfalknsfla nsjfa.sdkkkkknmksdjfbaksdjnkfb,asnmdfl akndfmaknsd.mgasd jkgnñlasdnnkfakms.dnf anlsndfkajbkjaskdfn\nasdnkas,dnbmvBN;ASDBMASDNA SBASNJakjsdbaksjdn .as;ASN,DKASBDAKJsndNASdbaksjdnA:;kasbfalknsfla nsjfa.sdkkkkknmksdjfbaksdjnkfb,asnmdfl akndfmaknsd.mgasd jkgnñlasdnnkfakms.dnf anlsndfkajbkjaskdfn\nasdnkas,dnbmvBN;ASDBMASDNA SBASNJakjsdbaksjdn .as;ASN,DKASBDAKJsndNASdbaksjdnA:;kasbfalknsfla nsjfa.sdkkkkknmksdjfbaksdjnkfb,asnmdfl akndfmaknsd.mgasd jkgnñlasdnnkfakms.dnf anlsndfkajbkjaskdfn\nasdnkas,dnbmvBN;ASDBMASDNA SBASNJakjsdbaksjdn .as;ASN,DKASBDAKJsndNASdbaksjdnA:;kasbfalknsfla nsjfa.sdkkkkknmksdjfbaksdjnkfb,asnmdfl akndfmaknsd.mgasd jkgnñlasdnnkfakms.dnf anlsndfkajbkjaskdfn\nasdnkas,dnbmvBN;ASDBMASDNA SBASNJakjsdbaksjdn .as;ASN,DKASBDAKJsndNASdbaksjdnA:;kasbfalknsfla nsjfa.sdkkkkknmksdjfbaksdjnkfb,asnmdfl akndfmaknsd.mgasd jkgnñlasdnnkfakms.dnf anlsndfkajbkjaskdfn\nasdnkas,dnbmvBN;ASDBMASDNA SBASNJakjsdbaksjdn .as;ASN,DKASBDAKJsndNASdbaksjdnA:;kasbfalknsfla nsjfa.sdkkkkknmksdjfbaksdjnkfb,asnmdfl akndfmaknsd.mgasd jkgnñlasdnnkfakms.dnf anlsndfkajbkjaskdfn\nasdnkas,dnbmvBN;ASDBMASDNA SBASNJakjsdbaksjdn .as;ASN,DKASBDAKJsndNASdbaksjdnA:;kasbfalknsfla nsjfa.sdkkkkknmksdjfbaksdjnkfb,asnmdfl akndfmaknsd.mgasd jkgnñlasdnnkfakms.dnf anlsndfkajbkjaskdfn\nasdnkas,dnbmvBN;ASDBMASDNA SBASNJakjsdbaksjdn .as;ASN,DKASBDAKJsndNASdbaksjdnA:;kasbfalknsfla nsjfa.sdkkkkknmksdjfbaksdjnkfb,asnmdfl akndfmaknsd.mgasd jkgnñlasdnnkfakms.dnf anlsndfkajbkjaskdfn\nasdnkas,dnbmvBN;ASDBMASDNA SBASNJakjsdbaksjdn .as;ASN,DKASBDAKJsndNASdbaksjdnA:;kasbfalknsfla nsjfa.sdkkkkknmksdjfbaksdjnkfb,asnmdfl akndfmaknsd.mgasd jkgnñlasdnnkfakms.dnf anlsndfkajbkjaskdfn\nasdnkas,dnbmvBN;ASDBMASDNA SBASNJakjsdbaksjdn .as;ASN,DKASBDAKJsndNASdbaksjdnA:;kasbfalknsfla nsjfa.sdkkkkknmksdjfbaksdjnkfb,asnmdfl akndfmaknsd.mgasd jkgnñlasdnnkfakms.dnf anlsndfkajbkjaskdfn\nasdnkas,dnbmvBN;ASDBMASDNA SBASNJakjsdbaksjdn .as;ASN,DKASBDAKJsndNASdbaksjdnA:;kasbfalknsfla nsjfa.sdkkkkknmksdjfbaksdjnkfb,asnmdfl akndfmaknsd.mgasd jkgnñlasdnnkfakms.dnf anlsndfkajbkjaskdfn\nasdnkas,dnbmvBN;ASDBMASDNA SBASNJakjsdbaksjdn .as;ASN,DKASBDAKJsndNASdbaksjdnA:;kasbfalknsfla nsjfa.sdkkkkknmksdjfbaksdjnkfb,asnmdfl akndfmaknsd.mgasd jkgnñlasdnnkfakms.dnf anlsndfkajbkjaskdfn\nasdnkas,dnbmvBN;ASDBMASDNA SBASNJakjsdbaksjdn .as;ASN,DKASBDAKJsndNASdbaksjdnA:;kasbfalknsfla nsjfa.sdkkkkknmksdjfbaksdjnkfb,asnmdfl akndfmaknsd.mgasd jkgnñlasdnnkfakms.dnf anlsndfkajbkjaskdfn\nasdnkas,dnbmvBN;ASDBMASDNA SBASNJakjsdbaksjdn .as;ASN,DKASBDAKJsndNASdbaksjdnA:;kasbfalknsfla nsjfa.sdkkkkknmksdjfbaksdjnkfb,asnmdfl akndfmaknsd.mgasd jkgnñlasdnnkfakms.dnf anlsndfkajbkjaskdfn\nasdnkas,dnbmvBN;ASDBMASDNA SBASNJakjsdbaksjdn .as;ASN,DKASBDAKJsndNASdbaksjdnA:;kasbfalknsfla nsjfa.sdkkkkknmksdjfbaksdjnkfb,asnmdfl akndfmaknsd.mgasd jkgnñlasdnnkfakms.dnf anlsndfkajbkjaskdfn\nasdnkas,dnbmvBN;ASDBMASDNA SBASNJakjsdbaksjdn .as;ASN,DKASBDAKJsndNASdbaksjdnA:;kasbfalknsfla nsjfa.sdkkkkknmksdjfbaksdjnkfb,asnmdfl akndfmaknsd.mgasd jkgnñlasdnnkfakms.dnf anlsndfkajbkjaskdfn\nasdnkas,dnbmvBN;ASDBMASDNA SBASNJakjsdbaksjdn .as;ASN,DKASBDAKJsndNASdbaksjdnA:;kasbfalknsfla nsjfa.sdkkkkknmksdjfbaksdjnkfb,asnmdfl akndfmaknsd.mgasd jkgnñlasdnnkfakms.dnf anlsndfkajbkjaskdfn\nasdnkas,dnbmvBN;ASDBMASDNA SBASNJakjsdbaksjdn .as;ASN,DKASBDAKJsndNASdbaksjdnA:;kasbfalknsfla nsjfa.sdkkkkknmksdjfbaksdjnkfb,asnmdfl akndfmaknsd.mgasd jkgnñlasdnnkfakms.dnf anlsndfkajbkjaskdfn\nasdnkas,dnbmvBN;ASDBMASDNA SBASNJakjsdbaksjdn .as;ASN,DKASBDAKJsndNASdbaksjdnA:;kasbfalknsfla nsjfa.sdkkkkknmksdjfbaksdjnkfb,asnmdfl akndfmaknsd.mgasd jkgnñlasdnnkfakms.dnf anlsndfkajbkjaskdfn\nasdnkas,dnbmvBN;ASDBMASDNA SBASNJakjsdbaksjdn .as;ASN,DKASBDAKJsndNASdbaksjdnA:;kasbfalknsfla nsjfa.sdkkkkknmksdjfbaksdjnkfb,asnmdfl akndfmaknsd.mgasd jkgnñlasdnnkfakms.dnf anlsndfkajbkjaskdfn\nasdnkas,dnbmvBN;ASDBMASDNA SBASNJakjsdbaksjdn .as;ASN,DKASBDAKJsndNASdbaksjdnA:;kasbfalknsfla nsjfa.sdkkkkknmksdjfbaksdjnkfb,asnmdfl akndfmaknsd.mgasd jkgnñlasdnnkfakms.dnf anlsndfkajbkjaskdfn\nasdnkas,dnbmvBN;ASDBMASDNA SBASNJakjsdbaksjdn .as;ASN,DKASBDAKJsndNASdbaksjdnA:;kasbfalknsfla nsjfa.sdkkkkknmksdjfbaksdjnkfb,asnmdfl akndfmaknsd.mgasd jkgnñlasdnnkfakms.dnf anlsndfkajbkjaskdfn\nasdnkas,dnbmvBN;ASDBMASDNA SBASNJakjsdbaksjdn .as;ASN,DKASBDAKJsndNASdbaksjdnA:;kasbfalknsfla nsjfa.sdkkkkknmksdjfbaksdjnkfb,asnmdfl akndfmaknsd.mgasd jkgnñlasdnnkfakms.dnf anlsndfkajbkjaskdfn\nasdnkas,dnbmvBN;ASDBMASDNA SBASNJakjsdbaksjdn .as;ASN,DKASBDAKJsndNASdbaksjdnA:;kasbfalknsfla nsjfa.sdkkkkknmksdjfbaksdjnkfb,asnmdfl akndfmaknsd.mgasd jkgnñlasdnnkfakms.dnf anlsndfkajbkjaskdfn\nasdnkas,dnbmvBN;ASDBMASDNA SBASNJakjsdbaksjdn .as;ASN,DKASBDAKJsndNASdbaksjdnA:;kasbfalknsfla nsjfa.sdkkkkknmksdjfbaksdjnkfb,asnmdfl akndfmaknsd.mgasd jkgnñlasdnnkfakms.dnf anlsndfkajbkjaskdfn\nasdnkas,dnbmvBN;ASDBMASDNA SBASNJakjsdbaksjdn .as;ASN,DKASBDAKJsndNASdbaksjdnA:;kasbfalknsfla nsjfa.sdkkkkknmksdjfbaksdjnkfb,asnmdfl akndfmaknsd.mgasd jkgnñlasdnnkfakms.dnf anlsndfkajbkjaskdfn\nasdnkas,dnbmvBN;ASDBMASDNA SBASNJakjsdbaksjdn .as;ASN,DKASBDAKJsndNASdbaksjdnA:;kasbfalknsfla nsjfa.sdkkkkknmksdjfbaksdjnkfb,asnmdfl akndfmaknsd.mgasd jkgnñlasdnnkfakms.dnf anlsndfkajbkjaskdfn\nasdnkas,dnbmvBN;ASDBMASDNA SBASNJakjsdbaksjdn .as;ASN,DKASBDAKJsndNASdbaksjdnA:;kasbfalknsfla nsjfa.sdkkkkknmksdjfbaksdjnkfb,asnmdfl akndfmaknsd.mgasd jkgnñlasdnnkfakms.dnf anlsndfkajbkjaskdfn\nasdnkas,dnbmvBN;ASDBMASDNA SBASNJakjsdbaksjdn .as;ASN,DKASBDAKJsndNASdbaksjdnA:;kasbfalknsfla nsjfa.sdkkkkknmksdjfbaksdjnkfb,asnmdfl akndfmaknsd.mgasd jkgnñlasdnnkfakms.dnf anlsndfkajbkjaskdfn\nasdnkas,dnbmvBN;ASDBMASDNA SBASNJakjsdbaksjdn .as;ASN,DKASBDAKJsndNASdbaksjdnA:;kasbfalknsfla nsjfa.sdkkkkknmksdjfbaksdjnkfb,asnmdfl akndfmaknsd.mgasd jkgnñlasdnnkfakms.dnf anlsndfkajbkjaskdfn\nasdnkas,dnbmvBN;ASDBMASDNA SBASNJakjsdbaksjdn .as;ASN,DKASBDAKJsndNASdbaksjdnA:;kasbfalknsfla nsjfa.sdkkkkknmksdjfbaksdjnkfb,asnmdfl akndfmaknsd.mgasd jkgnñlasdnnkfakms.dnf anlsndfkajbkjaskdfn\nasdnkas,dnbmvBN;ASDBMASDNA SBASNJakjsdbaksjdn .as;ASN,DKASBDAKJsndNASdbaksjdnA:;kasbfalknsfla nsjfa.sdkkkkknmksdjfbaksdjnkfb,asnmdfl akndfmaknsd.mgasd jkgnñlasdnnkfakms.dnf anlsndfkajbkjaskdfn\nasdnkas,dnbmvBN;ASDBMASDNA SBASNJakjsdbaksjdn .as;ASN,DKASBDAKJsndNASdbaksjdnA:;kasbfalknsfla nsjfa.sdkkkkknmksdjfbaksdjnkfb,asnmdfl akndfmaknsd.mgasd jkgnñlasdnnkfakms.dnf anlsndfkajbkjaskdfn\nasdnkas,dnbmvBN;ASDBMASDNA SBASNJakjsdbaksjdn .as;ASN,DKASBDAKJsndNASdbaksjdnA:;kasbfalknsfla nsjfa.sdkkkkknmksdjfbaksdjnkfb,asnmdfl akndfmaknsd.mgasd jkgnñlasdnnkfakms.dnf anlsndfkajbkjaskdfn\nasdnkas,dnbmvBN;ASDBMASDNA SBASNJakjsdbaksjdn .as;ASN,DKASBDAKJsndNASdbaksjdnA:;kasbfalknsfla nsjfa.sdkkkkknmksdjfbaksdjnkfb,asnmdfl akndfmaknsd.mgasd jkgnñlasdnnkfakms.dnf anlsndfkajbkjaskdfn\nasdnkas,dnbmvBN;ASDBMASDNA SBASNJakjsdbaksjdn .as;ASN,DKASBDAKJsndNASdbaksjdnA:;kasbfalknsfla nsjfa.sdkkkkknmksdjfbaksdjnkfb,asnmdfl akndfmaknsd.mgasd jkgnñlasdnnkfakms.dnf anlsndfkajbkjaskdfn\nasdnkas,dnbmvBN;ASDBMASDNA SBASNJakjsdbaksjdn .as;ASN,DKASBDAKJsndNASdbaksjdnA:;kasbfalknsfla nsjfa.sdkkkkknmksdjfbaksdjnkfb,asnmdfl akndfmaknsd.mgasd jkgnñlasdnnkfakms.dnf anlsndfkajbkjaskdfn\nasdnkas,dnbmvBN;ASDBMASDNA SBASNJakjsdbaksjdn .as;ASN,DKASBDAKJsndNASdbaksjdnA:;kasbfalknsfla nsjfa.sdkkkkknmksdjfbaksdjnkfb,asnmdfl akndfmaknsd.mgasd jkgnñlasdnnkfakms.dnf anlsndfkajbkjaskdfn\nasdnkas,dnbmvBN;ASDBMASDNA SBASNJakjsdbaksjdn .as;ASN,DKASBDAKJsndNASdbaksjdnA:;kasbfalknsfla nsjfa.sdkkkkknmksdjfbaksdjnkfb,asnmdfl akndfmaknsd.mgasd jkgnñlasdnnkfakms.dnf anlsndfkajbkjaskdfn\nasdnkas,dnbmvBN;ASDBMASDNA SBASNJakjsdbaksjdn .as;ASN,DKASBDAKJsndNASdbaksjdnA:;kasbfalknsfla nsjfa.sdkkkkknmksdjfbaksdjnkfb,asnmdfl akndfmaknsd.mgasd jkgnñlasdnnkfakms.dnf anlsndfkajbkjaskdfn\nasdnkas,dnbmvBN;ASDBMASDNA SBASNJakjsdbaksjdn .as;ASN,DKASBDAKJsndNASdbaksjdnA:;kasbfalknsfla nsjfa.sdkkkkknmksdjfbaksdjnkfb,asnmdfl akndfmaknsd.mgasd jkgnñlasdnnkfakms.dnf anlsndfkajbkjaskdfn\nasdnkas,dnbmvBN;ASDBMASDNA SBASNJakjsdbaksjdn .as;ASN,DKASBDAKJsndNASdbaksjdnA:;kasbfalknsfla nsjfa.sdkkkkknmksdjfbaksdjnkfb,asnmdfl akndfmaknsd.mgasd jkgnñlasdnnkfakms.dnf anlsndfkajbkjaskdfn\nasdnkas,dnbmvBN;ASDBMASDNA SBASNJakjsdbaksjdn .as;ASN,DKASBDAKJsndNASdbaksjdnA:;kasbfalknsfla nsjfa.sdkkkkknmksdjfbaksdjnkfb,asnmdfl akndfmaknsd.mgasd jkgnñlasdnnkfakms.dnf anlsndfkajbkjaskdfn\nasdnkas,dnbmvBN;ASDBMASDNA SBASNJakjsdbaksjdn .as;ASN,DKASBDAKJsndNASdbaksjdnA:;kasbfalknsfla nsjfa.sdkkkkknmksdjfbaksdjnkfb,asnmdfl akndfmaknsd.mgasd jkgnñlasdnnkfakms.dnf anlsndfkajbkjaskdfn\nasdnkas,dnbmvBN;ASDBMASDNA SBASNJakjsdbaksjdn .as;ASN,DKASBDAKJsndNASdbaksjdnA:;kasbfalknsfla nsjfa.sdkkkkknmksdjfbaksdjnkfb,asnmdfl akndfmaknsd.mgasd jkgnñlasdnnkfakms.dnf anlsndfkajbkjaskdfn\nasdnkas,dnbmvBN;ASDBMASDNA SBASNJakjsdbaksjdn .as;ASN,DKASBDAKJsndNASdbaksjdnA:;kasbfalknsfla nsjfa.sdkkkkknmksdjfbaksdjnkfb,asnmdfl akndfmaknsd.mgasd jkgnñlasdnnkfakms.dnf anlsndfkajbkjaskdfn\nasdnkas,dnbmvBN;ASDBMASDNA SBASNJakjsdbaksjdn .as;ASN,DKASBDAKJsndNASdbaksjdnA:;kasbfalknsfla nsjfa.sdkkkkknmksdjfbaksdjnkfb,asnmdfl akndfmaknsd.mgasd jkgnñlasdnnkfakms.dnf anlsndfkajbkjaskdfn\nasdnkas,dnbmvBN;ASDBMASDNA SBASNJakjsdbaksjdn .as;ASN,DKASBDAKJsndNASdbaksjdnA:;kasbfalknsfla nsjfa.sdkkkkknmksdjfbaksdjnkfb,asnmdfl akndfmaknsd.mgasd jkgnñlasdnnkfakms.dnf anlsndfkajbkjaskdfn\nasdnkas,dnbmvBN;ASDBMASDNA SBASNJakjsdbaksjdn .as;ASN,DKASBDAKJsndNASdbaksjdnA:;kasbfalknsfla nsjfa.sdkkkkknmksdjfbaksdjnkfb,asnmdfl akndfmaknsd.mgasd jkgnñlasdnnkfakms.dnf anlsndfkajbkjaskdfn\nasdnkas,dnbmvBN;ASDBMASDNA SBASNJakjsdbaksjdn .as;ASN,DKASBDAKJsndNASdbaksjdnA:;kasbfalknsfla nsjfa.sdkkkkknmksdjfbaksdjnkfb,asnmdfl akndfmaknsd.mgasd jkgnñlasdnnkfakms.dnf anlsndfkajbkjaskdfn\nasdnkas,dnbmvBN;ASDBMASDNA SBASNJakjsdbaksjdn .as;ASN,DKASBDAKJsndNASdbaksjdnA:;kasbfalknsfla nsjfa.sdkkkkknmksdjfbaksdjnkfb,asnmdfl akndfmaknsd.mgasd jkgnñlasdnnkfakms.dnf anlsndfkajbkjaskdfn\nasdnkas,dnbmvBN;ASDBMASDNA SBASNJakjsdbaksjdn .as;ASN,DKASBDAKJsndNASdbaksjdnA:;kasbfalknsfla nsjfa.sdkkkkknmksdjfbaksdjnkfb,asnmdfl akndfmaknsd.mgasd jkgnñlasdnnkfakms.dnf anlsndfkajbkjaskdfn\nasdnkas,dnbmvBN;ASDBMASDNA SBASNJakjsdbaksjdn .as;ASN,DKASBDAKJsndNASdbaksjdnA:;kasbfalknsfla nsjfa.sdkkkkknmksdjfbaksdjnkfb,asnmdfl akndfmaknsd.mgasd jkgnñlasdnnkfakms.dnf anlsndfkajbkjaskdfn\nasdnkas,dnbmvBN;ASDBMASDNA SBASNJakjsdbaksjdn .as;ASN,DKASBDAKJsndNASdbaksjdnA:;kasbfalknsfla nsjfa.sdkkkkknmksdjfbaksdjnkfb,asnmdfl akndfmaknsd.mgasd jkgnñlasdnnkfakms.dnf anlsndfkajbkjaskdfn\nasdnkas,dnbmvBN;ASDBMASDNA SBASNJakjsdbaksjdn .as;ASN,DKASBDAKJsndNASdbaksjdnA:;kasbfalknsfla nsjfa.sdkkkkknmksdjfbaksdjnkfb,asnmdfl akndfmaknsd.mgasd jkgnñlasdnnkfakms.dnf anlsndfkajbkjaskdfn\nasdnkas,dnbmvBN;ASDBMASDNA SBASNJakjsdbaksjdn .as;ASN,DKASBDAKJsndNASdbaksjdnA:;kasbfalknsfla nsjfa.sdkkkkknmksdjfbaksdjnkfb,asnmdfl akndfmaknsd.mgasd jkgnñlasdnnkfakms.dnf anlsndfkajbkjaskdfn\nasdnkas,dnbmvBN;ASDBMASDNA SBASNJakjsdbaksjdn .as;ASN,DKASBDAKJsndNASdbaksjdnA:;kasbfalknsfla nsjfa.sdkkkkknmksdjfbaksdjnkfb,asnmdfl akndfmaknsd.mgasd jkgnñlasdnnkfakms.dnf anlsndfkajbkjaskdfn\nasdnkas,dnbmvBN;ASDBMASDNA SBASNJakjsdbaksjdn .as;ASN,DKASBDAKJsndNASdbaksjdnA:;kasbfalknsfla nsjfa.sdkkkkknmksdjfbaksdjnkfb,asnmdfl akndfmaknsd.mgasd jkgnñlasdnnkfakms.dnf anlsndfkajbkjaskdfn\nasdnkas,dnbmvBN;ASDBMASDNA SBASNJakjsdbaksjdn .as;ASN,DKASBDAKJsndNASdbaksjdnA:;kasbfalknsfla nsjfa.sdkkkkknmksdjfbaksdjnkfb,asnmdfl akndfmaknsd.mgasd jkgnñlasdnnkfakms.dnf anlsndfkajbkjaskdfn\nasdnkas,dnbmvBN;ASDBMASDNA SBASNJakjsdbaksjdn .as;ASN,DKASBDAKJsndNASdbaksjdnA:;kasbfalknsfla nsjfa.sdkkkkknmksdjfbaksdjnkfb,asnmdfl akndfmaknsd.mgasd jkgnñlasdnnkfakms.dnf anlsndfkajbkjaskdfn\nasdnkas,dnbmvBN;ASDBMASDNA SBASNJakjsdbaksjdn .as;ASN,DKASBDAKJsndNASdbaksjdnA:;kasbfalknsfla nsjfa.sdkkkkknmksdjfbaksdjnkfb,asnmdfl akndfmaknsd.mgasd jkgnñlasdnnkfakms.dnf anlsndfkajbkjaskdfn\nasdnkas,dnbmvBN;ASDBMASDNA SBASNJakjsdbaksjdn .as;ASN,DKASBDAKJsndNASdbaksjdnA:;kasbfalknsfla nsjfa.sdkkkkknmksdjfbaksdjnkfb,asnmdfl akndfmaknsd.mgasd jkgnñlasdnnkfakms.dnf anlsndfkajbkjaskdfn\nasdnkas,dnbmvBN;ASDBMASDNA SBASNJakjsdbaksjdn .as;ASN,DKASBDAKJsndNASdbaksjdnA:;kasbfalknsfla nsjfa.sdkkkkknmksdjfbaksdjnkfb,asnmdfl akndfmaknsd.mgasd jkgnñlasdnnkfakms.dnf anlsndfkajbkjaskdfn\nasdnkas,dnbmvBN;ASDBMASDNA SBASNJakjsdbaksjdn .as;ASN,DKASBDAKJsndNASdbaksjdnA:;kasbfalknsfla nsjfa.sdkkkkknmksdjfbaksdjnkfb,asnmdfl akndfmaknsd.mgasd jkgnñlasdnnkfakms.dnf anlsndfkajbkjaskdfn\nasdnkas,dnbmvBN;ASDBMASDNA SBASNJakjsdbaksjdn .as;ASN,DKASBDAKJsndNASdbaksjdnA:;kasbfalknsfla nsjfa.sdkkkkknmksdjfbaksdjnkfb,asnmdfl akndfmaknsd.mgasd jkgnñlasdnnkfakms.dnf anlsndfkajbkjaskdfn\nasdnkas,dnbmvBN;ASDBMASDNA SBASNJakjsdbaksjdn .as;ASN,DKASBDAKJsndNASdbaksjdnA:;kasbfalknsfla nsjfa.sdkkkkknmksdjfbaksdjnkfb,asnmdfl akndfmaknsd.mgasd jkgnñlasdnnkfakms.dnf anlsndfkajbkjaskdfn\nasdnkas,dnbmvBN;ASDBMASDNA SBASNJakjsdbaksjdn .as;ASN,DKASBDAKJsndNASdbaksjdnA:;kasbfalknsfla nsjfa.sdkkkkknmksdjfbaksdjnkfb,asnmdfl akndfmaknsd.mgasd jkgnñlasdnnkfakms.dnf anlsndfkajbkjaskdfn\nasdnkas,dnbmvBN;ASDBMASDNA SBASNJakjsdbaksjdn .as;ASN,DKASBDAKJsndNASdbaksjdnA:;kasbfalknsfla nsjfa.sdkkkkknmksdjfbaksdjnkfb,asnmdfl akndfmaknsd.mgasd jkgnñlasdnnkfakms.dnf anlsndfkajbkjaskdfn\nasdnkas,dnbmvBN;ASDBMASDNA SBASNJakjsdbaksjdn .as;ASN,DKASBDAKJsndNASdbaksjdnA:;kasbfalknsfla nsjfa.sdkkkkknmksdjfbaksdjnkfb,asnmdfl akndfmaknsd.mgasd jkgnñlasdnnkfakms.dnf anlsndfkajbkjaskdfn\nasdnkas,dnbmvBN;ASDBMASDNA SBASNJakjsdbaksjdn .as;ASN,DKASBDAKJsndNASdbaksjdnA:;kasbfalknsfla nsjfa.sdkkkkknmksdjfbaksdjnkfb,asnmdfl akndfmaknsd.mgasd jkgnñlasdnnkfakms.dnf anlsndfkajbkjaskdfn\nasdnkas,dnbmvBN;ASDBMASDNA SBASNJakjsdbaksjdn .as;ASN,DKASBDAKJsndNASdbaksjdnA:;kasbfalknsfla nsjfa.sdkkkkknmksdjfbaksdjnkfb,asnmdfl akndfmaknsd.mgasd jkgnñlasdnnkfakms.dnf anlsndfkajbkjaskdfn\nasdnkas,dnbmvBN;ASDBMASDNA SBASNJakjsdbaksjdn .as;ASN,DKASBDAKJsndNASdbaksjdnA:;kasbfalknsfla nsjfa.sdkkkkknmksdjfbaksdjnkfb,asnmdfl akndfmaknsd.mgasd jkgnñlasdnnkfakms.dnf anlsndfkajbkjaskdfn\nasdnkas,dnbmvBN;ASDBMASDNA SBASNJakjsdbaksjdn .as;ASN,DKASBDAKJsndNASdbaksjdnA:;kasbfalknsfla nsjfa.sdkkkkknmksdjfbaksdjnkfb,asnmdfl akndfmaknsd.mgasd jkgnñlasdnnkfakms.dnf anlsndfkajbkjaskdfn\nasdnkas,dnbmvBN;ASDBMASDNA SBASNJakjsdbaksjdn .as;ASN,DKASBDAKJsndNASdbaksjdnA:;kasbfalknsfla nsjfa.sdkkkkknmksdjfbaksdjnkfb,asnmdfl akndfmaknsd.mgasd jkgnñlasdnnkfakms.dnf anlsndfkajbkjaskdfn\nasdnkas,dnbmvBN;ASDBMASDNA SBASNJakjsdbaksjdn .as;ASN,DKASBDAKJsndNASdbaksjdnA:;kasbfalknsfla nsjfa.sdkkkkknmksdjfbaksdjnkfb,asnmdfl akndfmaknsd.mgasd jkgnñlasdnnkfakms.dnf anlsndfkajbkjaskdfn\nasdnkas,dnbmvBN;ASDBMASDNA SBASNJakjsdbaksjdn .as;ASN,DKASBDAKJsndNASdbaksjdnA:;kasbfalknsfla nsjfa.sdkkkkknmksdjfbaksdjnkfb,asnmdfl akndfmaknsd.mgasd jkgnñlasdnnkfakms.dnf anlsndfkajbkjaskdfn\nasdnkas,dnbmvBN;ASDBMASDNA SBASNJakjsdbaksjdn .as;ASN,DKASBDAKJsndNASdbaksjdnA:;kasbfalknsfla nsjfa.sdkkkkknmksdjfbaksdjnkfb,asnmdfl akndfmaknsd.mgasd jkgnñlasdnnkfakms.dnf anlsndfkajbkjaskdfn\nasdnkas,dnbmvBN;ASDBMASDNA SBASNJakjsdbaksjdn .as;ASN,DKASBDAKJsndNASdbaksjdnA:;kasbfalknsfla nsjfa.sdkkkkknmksdjfbaksdjnkfb,asnmdfl akndfmaknsd.mgasd jkgnñlasdnnkfakms.dnf anlsndfkajbkjaskdfn\nasdnkas,dnbmvBN;ASDBMASDNA SBASNJakjsdbaksjdn .as;ASN,DKASBDAKJsndNASdbaksjdnA:;kasbfalknsfla nsjfa.sdkkkkknmksdjfbaksdjnkfb,asnmdfl akndfmaknsd.mgasd jkgnñlasdnnkfakms.dnf anlsndfkajbkjaskdfn\nasdnkas,dnbmvBN;ASDBMASDNA SBASNJakjsdbaksjdn .as;ASN,DKASBDAKJsndNASdbaksjdnA:;kasbfalknsfla nsjfa.sdkkkkknmksdjfbaksdjnkfb,asnmdfl akndfmaknsd.mgasd jkgnñlasdnnkfakms.dnf anlsndfkajbkjaskdfn\nasdnkas,dnbmvBN;ASDBMASDNA SBASNJakjsdbaksjdn .as;ASN,DKASBDAKJsndNASdbaksjdnA:;kasbfalknsfla nsjfa.sdkkkkknmksdjfbaksdjnkfb,asnmdfl akndfmaknsd.mgasd jkgnñlasdnnkfakms.dnf anlsndfkajbkjaskdfn\nasdnkas,dnbmvBN;ASDBMASDNA SBASNJakjsdbaksjdn .as;ASN,DKASBDAKJsndNASdbaksjdnA:;kasbfalknsfla nsjfa.sdkkkkknmksdjfbaksdjnkfb,asnmdfl akndfmaknsd.mgasd jkgnñlasdnnkfakms.dnf anlsndfkajbkjaskdfn\nasdnkas,dnbmvBN;ASDBMASDNA SBASNJakjsdbaksjdn .as;ASN,DKASBDAKJsndNASdbaksjdnA:;kasbfalknsfla nsjfa.sdkkkkknmksdjfbaksdjnkfb,asnmdfl akndfmaknsd.mgasd jkgnñlasdnnkfakms.dnf anlsndfkajbkjaskdfn\nasdnkas,dnbmvBN;ASDBMASDNA SBASNJakjsdbaksjdn .as;ASN,DKASBDAKJsndNASdbaksjdnA:;kasbfalknsfla nsjfa.sdkkkkknmksdjfbaksdjnkfb,asnmdfl akndfmaknsd.mgasd jkgnñlasdnnkfakms.dnf anlsndfkajbkjaskdfn\nasdnkas,dnbmvBN;ASDBMASDNA SBASNJakjsdbaksjdn .as;ASN,DKASBDAKJsndNASdbaksjdnA:;kasbfalknsfla nsjfa.sdkkkkknmksdjfbaksdjnkfb,asnmdfl akndfmaknsd.mgasd jkgnñlasdnnkfakms.dnf anlsndfkajbkjaskdfn\nasdnkas,dnbmvBN;ASDBMASDNA SBASNJakjsdbaksjdn .as;ASN,DKASBDAKJsndNASdbaksjdnA:;kasbfalknsfla nsjfa.sdkkkkknmksdjfbaksdjnkfb,asnmdfl akndfmaknsd.mgasd jkgnñlasdnnkfakms.dnf anlsndfkajbkjaskdfn\nasdnkas,dnbmvBN;ASDBMASDNA SBASNJakjsdbaksjdn .as;ASN,DKASBDAKJsndNASdbaksjdnA:;kasbfalknsfla nsjfa.sdkkkkknmksdjfbaksdjnkfb,asnmdfl akndfmaknsd.mgasd jkgnñlasdnnkfakms.dnf anlsndfkajbkjaskdfn\nasdnkas,dnbmvBN;ASDBMASDNA SBASNJakjsdbaksjdn .as;ASN,DKASBDAKJsndNASdbaksjdnA:;kasbfalknsfla nsjfa.sdkkkkknmksdjfbaksdjnkfb,asnmdfl akndfmaknsd.mgasd jkgnñlasdnnkfakms.dnf anlsndfkajbkjaskdfn\nasdnkas,dnbmvBN;ASDBMASDNA SBASNJakjsdbaksjdn .as;ASN,DKASBDAKJsndNASdbaksjdnA:;kasbfalknsfla nsjfa.sdkkkkknmksdjfbaksdjnkfb,asnmdfl akndfmaknsd.mgasd jkgnñlasdnnkfakms.dnf anlsndfkajbkjaskdfn\nasdnkas,dnbmvBN;ASDBMASDNA SBASNJakjsdbaksjdn .as;ASN,DKASBDAKJsndNASdbaksjdnA:;kasbfalknsfla nsjfa.sdkkkkknmksdjfbaksdjnkfb,asnmdfl akndfmaknsd.mgasd jkgnñlasdnnkfakms.dnf anlsndfkajbkjaskdfn\nasdnkas,dnbmvBN;ASDBMASDNA SBASNJakjsdbaksjdn .as;ASN,DKASBDAKJsndNASdbaksjdnA:;kasbfalknsfla nsjfa.sdkkkkknmksdjfbaksdjnkfb,asnmdfl akndfmaknsd.mgasd jkgnñlasdnnkfakms.dnf anlsndfkajbkjaskdfn\nasdnkas,dnbmvBN;ASDBMASDNA SBASNJakjsdbaksjdn .as;ASN,DKASBDAKJsndNASdbaksjdnA:;kasbfalknsfla nsjfa.sdkkkkknmksdjfbaksdjnkfb,asnmdfl akndfmaknsd.mgasd jkgnñlasdnnkfakms.dnf anlsndfkajbkjaskdfn\nasdnkas,dnbmvBN;ASDBMASDNA SBASNJakjsdbaksjdn .as;ASN,DKASBDAKJsndNASdbaksjdnA:;kasbfalknsfla nsjfa.sdkkkkknmksdjfbaksdjnkfb,asnmdfl akndfmaknsd.mgasd jkgnñlasdnnkfakms.dnf anlsndfkajbkjaskdfn\nasdnkas,dnbmvBN;ASDBMASDNA SBASNJakjsdbaksjdn .as;ASN,DKASBDAKJsndNASdbaksjdnA:;kasbfalknsfla nsjfa.sdkkkkknmksdjfbaksdjnkfb,asnmdfl akndfmaknsd.mgasd jkgnñlasdnnkfakms.dnf anlsndfkajbkjaskdfn\nasdnkas,dnbmvBN;ASDBMASDNA SBASNJakjsdbaksjdn .as;ASN,DKASBDAKJsndNASdbaksjdnA:;kasbfalknsfla nsjfa.sdkkkkknmksdjfbaksdjnkfb,asnmdfl akndfmaknsd.mgasd jkgnñlasdnnkfakms.dnf anlsndfkajbkjaskdfn\nasdnkas,dnbmvBN;ASDBMASDNA SBASNJakjsdbaksjdn .as;ASN,DKASBDAKJsndNASdbaksjdnA:;kasbfalknsfla nsjfa.sdkkkkknmksdjfbaksdjnkfb,asnmdfl akndfmaknsd.mgasd jkgnñlasdnnkfakms.dnf anlsndfkajbkjaskdfn\nasdnkas,dnbmvBN;ASDBMASDNA SBASNJakjsdbaksjdn .as;ASN,DKASBDAKJsndNASdbaksjdnA:;kasbfalknsfla nsjfa.sdkkkkknmksdjfbaksdjnkfb,asnmdfl akndfmaknsd.mgasd jkgnñlasdnnkfakms.dnf anlsndfkajbkjaskdfn\nasdnkas,dnbmvBN;ASDBMASDNA SBASNJakjsdbaksjdn .as;ASN,DKASBDAKJsndNASdbaksjdnA:;kasbfalknsfla nsjfa.sdkkkkknmksdjfbaksdjnkfb,asnmdfl akndfmaknsd.mgasd jkgnñlasdnnkfakms.dnf anlsndfkajbkjaskdfn\nasdnkas,dnbmvBN;ASDBMASDNA SBASNJakjsdbaksjdn .as;ASN,DKASBDAKJsndNASdbaksjdnA:;kasbfalknsfla nsjfa.sdkkkkknmksdjfbaksdjnkfb,asnmdfl akndfmaknsd.mgasd jkgnñlasdnnkfakms.dnf anlsndfkajbkjaskdfn\nasdnkas,dnbmvBN;ASDBMASDNA SBASNJakjsdbaksjdn .as;ASN,DKASBDAKJsndNASdbaksjdnA:;kasbfalknsfla nsjfa.sdkkkkknmksdjfbaksdjnkfb,asnmdfl akndfmaknsd.mgasd jkgnñlasdnnkfakms.dnf anlsndfkajbkjaskdfn\nasdnkas,dnbmvBN;ASDBMASDNA SBASNJakjsdbaksjdn .as;ASN,DKASBDAKJsndNASdbaksjdnA:;kasbfalknsfla nsjfa.sdkkkkknmksdjfbaksdjnkfb,asnmdfl akndfmaknsd.mgasd jkgnñlasdnnkfakms.dnf anlsndfkajbkjaskdfn\nasdnkas,dnbmvBN;ASDBMASDNA SBASNJakjsdbaksjdn .as;ASN,DKASBDAKJsndNASdbaksjdnA:;kasbfalknsfla nsjfa.sdkkkkknmksdjfbaksdjnkfb,asnmdfl akndfmaknsd.mgasd jkgnñlasdnnkfakms.dnf anlsndfkajbkjaskdfn\nasdnkas,dnbmvBN;ASDBMASDNA SBASNJakjsdbaksjdn .as;ASN,DKASBDAKJsndNASdbaksjdnA:;kasbfalknsfla nsjfa.sdkkkkknmksdjfbaksdjnkfb,asnmdfl akndfmaknsd.mgasd jkgnñlasdnnkfakms.dnf anlsndfkajbkjaskdfn\nasdnkas,dnbmvBN;ASDBMASDNA SBASNJakjsdbaksjdn .as;ASN,DKASBDAKJsndNASdbaksjdnA:;kasbfalknsfla nsjfa.sdkkkkknmksdjfbaksdjnkfb,asnmdfl akndfmaknsd.mgasd jkgnñlasdnnkfakms.dnf anlsndfkajbkjaskdfn\nasdnkas,dnbmvBN;ASDBMASDNA SBASNJakjsdbaksjdn .as;ASN,DKASBDAKJsndNASdbaksjdnA:;kasbfalknsfla nsjfa.sdkkkkknmksdjfbaksdjnkfb,asnmdfl akndfmaknsd.mgasd jkgnñlasdnnkfakms.dnf anlsndfkajbkjaskdfn\nasdnkas,dnbmvBN;ASDBMASDNA SBASNJakjsdbaksjdn .as;ASN,DKASBDAKJsndNASdbaksjdnA:;kasbfalknsfla nsjfa.sdkkkkknmksdjfbaksdjnkfb,asnmdfl akndfmaknsd.mgasd jkgnñlasdnnkfakms.dnf anlsndfkajbkjaskdfn\nasdnkas,dnbmvBN;ASDBMASDNA SBASNJakjsdbaksjdn .as;ASN,DKASBDAKJsndNASdbaksjdnA:;kasbfalknsfla nsjfa.sdkkkkknmksdjfbaksdjnkfb,asnmdfl akndfmaknsd.mgasd jkgnñlasdnnkfakms.dnf anlsndfkajbkjaskdfn\nasdnkas,dnbmvBN;ASDBMASDNA SBASNJakjsdbaksjdn .as;ASN,DKASBDAKJsndNASdbaksjdnA:;kasbfalknsfla nsjfa.sdkkkkknmksdjfbaksdjnkfb,asnmdfl akndfmaknsd.mgasd jkgnñlasdnnkfakms.dnf anlsndfkajbkjaskdfn\nasdnkas,dnbmvBN;ASDBMASDNA SBASNJakjsdbaksjdn .as;ASN,DKASBDAKJsndNASdbaksjdnA:;kasbfalknsfla nsjfa.sdkkkkknmksdjfbaksdjnkfb,asnmdfl akndfmaknsd.mgasd jkgnñlasdnnkfakms.dnf anlsndfkajbkjaskdfn\nasdnkas,dnbmvBN;ASDBMASDNA SBASNJakjsdbaksjdn .as;ASN,DKASBDAKJsndNASdbaksjdnA:;kasbfalknsfla nsjfa.sdkkkkknmksdjfbaksdjnkfb,asnmdfl akndfmaknsd.mgasd jkgnñlasdnnkfakms.dnf anlsndfkajbkjaskdfn\nasdnkas,dnbmvBN;ASDBMASDNA SBASNJakjsdbaksjdn .as;ASN,DKASBDAKJsndNASdbaksjdnA:;kasbfalknsfla nsjfa.sdkkkkknmksdjfbaksdjnkfb,asnmdfl akndfmaknsd.mgasd jkgnñlasdnnkfakms.dnf anlsndfkajbkjaskdfn\nasdnkas,dnbmvBN;ASDBMASDNA SBASNJakjsdbaksjdn .as;ASN,DKASBDAKJsndNASdbaksjdnA:;kasbfalknsfla nsjfa.sdkkkkknmksdjfbaksdjnkfb,asnmdfl akndfmaknsd.mgasd jkgnñlasdnnkfakms.dnf anlsndfkajbkjaskdfn\nasdnkas,dnbmvBN;ASDBMASDNA SBASNJakjsdbaksjdn .as;ASN,DKASBDAKJsndNASdbaksjdnA:;kasbfalknsfla nsjfa.sdkkkkknmksdjfbaksdjnkfb,asnmdfl akndfmaknsd.mgasd jkgnñlasdnnkfakms.dnf anlsndfkajbkjaskdfn\nasdnkas,dnbmvBN;ASDBMASDNA SBASNJakjsdbaksjdn .as;ASN,DKASBDAKJsndNASdbaksjdnA:;kasbfalknsfla nsjfa.sdkkkkknmksdjfbaksdjnkfb,asnmdfl akndfmaknsd.mgasd jkgnñlasdnnkfakms.dnf anlsndfkajbkjaskdfn\nasdnkas,dnbmvBN;ASDBMASDNA SBASNJakjsdbaksjdn .as;ASN,DKASBDAKJsndNASdbaksjdnA:;kasbfalknsfla nsjfa.sdkkkkknmksdjfbaksdjnkfb,asnmdfl akndfmaknsd.mgasd jkgnñlasdnnkfakms.dnf anlsndfkajbkjaskdfn\nasdnkas,dnbmvBN;ASDBMASDNA SBASNJakjsdbaksjdn .as;ASN,DKASBDAKJsndNASdbaksjdnA:;kasbfalknsfla nsjfa.sdkkkkknmksdjfbaksdjnkfb,asnmdfl akndfmaknsd.mgasd jkgnñlasdnnkfakms.dnf anlsndfkajbkjaskdfn\nasdnkas,dnbmvBN;ASDBMASDNA SBASNJakjsdbaksjdn .as;ASN,DKASBDAKJsndNASdbaksjdnA:;kasbfalknsfla nsjfa.sdkkkkknmksdjfbaksdjnkfb,asnmdfl akndfmaknsd.mgasd jkgnñlasdnnkfakms.dnf anlsndfkajbkjaskdfn\nasdnkas,dnbmvBN;ASDBMASDNA SBASNJakjsdbaksjdn .as;ASN,DKASBDAKJsndNASdbaksjdnA:;kasbfalknsfla nsjfa.sdkkkkknmksdjfbaksdjnkfb,asnmdfl akndfmaknsd.mgasd jkgnñlasdnnkfakms.dnf anlsndfkajbkjaskdfn\nasdnkas,dnbmvBN;ASDBMASDNA SBASNJakjsdbaksjdn .as;ASN,DKASBDAKJsndNASdbaksjdnA:;kasbfalknsfla nsjfa.sdkkkkknmksdjfbaksdjnkfb,asnmdfl akndfmaknsd.mgasd jkgnñlasdnnkfakms.dnf anlsndfkajbkjaskdfn\nasdnkas,dnbmvBN;ASDBMASDNA SBASNJakjsdbaksjdn .as;ASN,DKASBDAKJsndNASdbaksjdnA:;kasbfalknsfla nsjfa.sdkkkkknmksdjfbaksdjnkfb,asnmdfl akndfmaknsd.mgasd jkgnñlasdnnkfakms.dnf anlsndfkajbkjaskdfn\nasdnkas,dnbmvBN;ASDBMASDNA SBASNJakjsdbaksjdn .as;ASN,DKASBDAKJsndNASdbaksjdnA:;kasbfalknsfla nsjfa.sdkkkkknmksdjfbaksdjnkfb,asnmdfl akndfmaknsd.mgasd jkgnñlasdnnkfakms.dnf anlsndfkajbkjaskdfn\nasdnkas,dnbmvBN;ASDBMASDNA SBASNJakjsdbaksjdn .as;ASN,DKASBDAKJsndNASdbaksjdnA:;kasbfalknsfla nsjfa.sdkkkkknmksdjfbaksdjnkfb,asnmdfl akndfmaknsd.mgasd jkgnñlasdnnkfakms.dnf anlsndfkajbkjaskdfn\nasdnkas,dnbmvBN;ASDBMASDNA SBASNJakjsdbaksjdn .as;ASN,DKASBDAKJsndNASdbaksjdnA:;kasbfalknsfla nsjfa.sdkkkkknmksdjfbaksdjnkfb,asnmdfl akndfmaknsd.mgasd jkgnñlasdnnkfakms.dnf anlsndfkajbkjaskdfn\nasdnkas,dnbmvBN;ASDBMASDNA SBASNJakjsdbaksjdn .as;ASN,DKASBDAKJsndNASdbaksjdnA:;kasbfalknsfla nsjfa.sdkkkkknmksdjfbaksdjnkfb,asnmdfl akndfmaknsd.mgasd jkgnñlasdnnkfakms.dnf anlsndfkajbkjaskdfn\nasdnkas,dnbmvBN;ASDBMASDNA SBASNJakjsdbaksjdn .as;ASN,DKASBDAKJsndNASdbaksjdnA:;kasbfalknsfla nsjfa.sdkkkkknmksdjfbaksdjnkfb,asnmdfl akndfmaknsd.mgasd jkgnñlasdnnkfakms.dnf anlsndfkajbkjaskdfn\nasdnkas,dnbmvBN;ASDBMASDNA SBASNJakjsdbaksjdn .as;ASN,DKASBDAKJsndNASdbaksjdnA:;kasbfalknsfla nsjfa.sdkkkkknmksdjfbaksdjnkfb,asnmdfl akndfmaknsd.mgasd jkgnñlasdnnkfakms.dnf anlsndfkajbkjaskdfn\nasdnkas,dnbmvBN;ASDBMASDNA SBASNJakjsdbaksjdn .as;ASN,DKASBDAKJsndNASdbaksjdnA:;kasbfalknsfla nsjfa.sdkkkkknmksdjfbaksdjnkfb,asnmdfl akndfmaknsd.mgasd jkgnñlasdnnkfakms.dnf anlsndfkajbkjaskdfn\nasdnkas,dnbmvBN;ASDBMASDNA SBASNJakjsdbaksjdn .as;ASN,DKASBDAKJsndNASdbaksjdnA:;kasbfalknsfla nsjfa.sdkkkkknmksdjfbaksdjnkfb,asnmdfl akndfmaknsd.mgasd jkgnñlasdnnkfakms.dnf anlsndfkajbkjaskdfn\nasdnkas,dnbmvBN;ASDBMASDNA SBASNJakjsdbaksjdn .as;ASN,DKASBDAKJsndNASdbaksjdnA:;kasbfalknsfla nsjfa.sdkkkkknmksdjfbaksdjnkfb,asnmdfl akndfmaknsd.mgasd jkgnñlasdnnkfakms.dnf anlsndfkajbkjaskdfn\nasdnkas,dnbmvBN;ASDBMASDNA SBASNJakjsdbaksjdn .as;ASN,DKASBDAKJsndNASdbaksjdnA:;kasbfalknsfla nsjfa.sdkkkkknmksdjfbaksdjnkfb,asnmdfl akndfmaknsd.mgasd jkgnñlasdnnkfakms.dnf anlsndfkajbkjaskdfn\nasdnkas,dnbmvBN;ASDBMASDNA SBASNJakjsdbaksjdn .as;ASN,DKASBDAKJsndNASdbaksjdnA:;kasbfalknsfla nsjfa.sdkkkkknmksdjfbaksdjnkfb,asnmdfl akndfmaknsd.mgasd jkgnñlasdnnkfakms.dnf anlsndfkajbkjaskdfn\nasdnkas,dnbmvBN;ASDBMASDNA SBASNJakjsdbaksjdn .as;ASN,DKASBDAKJsndNASdbaksjdnA:;kasbfalknsfla nsjfa.sdkkkkknmksdjfbaksdjnkfb,asnmdfl akndfmaknsd.mgasd jkgnñlasdnnkfakms.dnf anlsndfkajbkjaskdfn\nasdnkas,dnbmvBN;ASDBMASDNA SBASNJakjsdbaksjdn .as;ASN,DKASBDAKJsndNASdbaksjdnA:;kasbfalknsfla nsjfa.sdkkkkknmksdjfbaksdjnkfb,asnmdfl akndfmaknsd.mgasd jkgnñlasdnnkfakms.dnf anlsndfkajbkjaskdfn\nasdnkas,dnbmvBN;ASDBMASDNA SBASNJakjsdbaksjdn .as;ASN,DKASBDAKJsndNASdbaksjdnA:;kasbfalknsfla nsjfa.sdkkkkknmksdjfbaksdjnkfb,asnmdfl akndfmaknsd.mgasd jkgnñlasdnnkfakms.dnf anlsndfkajbkjaskdfn\nasdnkas,dnbmvBN;ASDBMASDNA SBASNJakjsdbaksjdn .as;ASN,DKASBDAKJsndNASdbaksjdnA:;kasbfalknsfla nsjfa.sdkkkkknmksdjfbaksdjnkfb,asnmdfl akndfmaknsd.mgasd jkgnñlasdnnkfakms.dnf anlsndfkajbkjaskdfn\nasdnkas,dnbmvBN;ASDBMASDNA SBASNJakjsdbaksjdn .as;ASN,DKASBDAKJsndNASdbaksjdnA:;kasbfalknsfla nsjfa.sdkkkkknmksdjfbaksdjnkfb,asnmdfl akndfmaknsd.mgasd jkgnñlasdnnkfakms.dnf anlsndfkajbkjaskdfn\nasdnkas,dnbmvBN;ASDBMASDNA SBASNJakjsdbaksjdn .as;ASN,DKASBDAKJsndNASdbaksjdnA:;kasbfalknsfla nsjfa.sdkkkkknmksdjfbaksdjnkfb,asnmdfl akndfmaknsd.mgasd jkgnñlasdnnkfakms.dnf anlsndfkajbkjaskdfn\nasdnkas,dnbmvBN;ASDBMASDNA SBASNJakjsdbaksjdn .as;ASN,DKASBDAKJsndNASdbaksjdnA:;kasbfalknsfla nsjfa.sdkkkkknmksdjfbaksdjnkfb,asnmdfl akndfmaknsd.mgasd jkgnñlasdnnkfakms.dnf anlsndfkajbkjaskdfn\nasdnkas,dnbmvBN;ASDBMASDNA SBASNJakjsdbaksjdn .as;ASN,DKASBDAKJsndNASdbaksjdnA:;kasbfalknsfla nsjfa.sdkkkkknmksdjfbaksdjnkfb,asnmdfl akndfmaknsd.mgasd jkgnñlasdnnkfakms.dnf anlsndfkajbkjaskdfn\nasdnkas,dnbmvBN;ASDBMASDNA SBASNJakjsdbaksjdn .as;ASN,DKASBDAKJsndNASdbaksjdnA:;kasbfalknsfla nsjfa.sdkkkkknmksdjfbaksdjnkfb,asnmdfl akndfmaknsd.mgasd jkgnñlasdnnkfakms.dnf anlsndfkajbkjaskdfn\nasdnkas,dnbmvBN;ASDBMASDNA SBASNJakjsdbaksjdn .as;ASN,DKASBDAKJsndNASdbaksjdnA:;kasbfalknsfla nsjfa.sdkkkkknmksdjfbaksdjnkfb,asnmdfl akndfmaknsd.mgasd jkgnñlasdnnkfakms.dnf anlsndfkajbkjaskdfn\nasdnkas,dnbmvBN;ASDBMASDNA SBASNJakjsdbaksjdn .as;ASN,DKASBDAKJsndNASdbaksjdnA:;kasbfalknsfla nsjfa.sdkkkkknmksdjfbaksdjnkfb,asnmdfl akndfmaknsd.mgasd jkgnñlasdnnkfakms.dnf anlsndfkajbkjaskdfn\nasdnkas,dnbmvBN;ASDBMASDNA SBASNJakjsdbaksjdn .as;ASN,DKASBDAKJsndNASdbaksjdnA:;kasbfalknsfla nsjfa.sdkkkkknmksdjfbaksdjnkfb,asnmdfl akndfmaknsd.mgasd jkgnñlasdnnkfakms.dnf anlsndfkajbkjaskdfn\nasdnkas,dnbmvBN;ASDBMASDNA SBASNJakjsdbaksjdn .as;ASN,DKASBDAKJsndNASdbaksjdnA:;kasbfalknsfla nsjfa.sdkkkkknmksdjfbaksdjnkfb,asnmdfl akndfmaknsd.mgasd jkgnñlasdnnkfakms.dnf anlsndfkajbkjaskdfn\nasdnkas,dnbmvBN;ASDBMASDNA SBASNJakjsdbaksjdn .as;ASN,DKASBDAKJsndNASdbaksjdnA:;kasbfalknsfla nsjfa.sdkkkkknmksdjfbaksdjnkfb,asnmdfl akndfmaknsd.mgasd jkgnñlasdnnkfakms.dnf anlsndfkajbkjaskdfn\nasdnkas,dnbmvBN;ASDBMASDNA SBASNJakjsdbaksjdn .as;ASN,DKASBDAKJsndNASdbaksjdnA:;kasbfalknsfla nsjfa.sdkkkkknmksdjfbaksdjnkfb,asnmdfl akndfmaknsd.mgasd jkgnñlasdnnkfakms.dnf anlsndfkajbkjaskdfn\nasdnkas,dnbmvBN;ASDBMASDNA SBASNJakjsdbaksjdn .as;ASN,DKASBDAKJsndNASdbaksjdnA:;kasbfalknsfla nsjfa.sdkkkkknmksdjfbaksdjnkfb,asnmdfl akndfmaknsd.mgasd jkgnñlasdnnkfakms.dnf anlsndfkajbkjaskdfn\nasdnkas,dnbmvBN;ASDBMASDNA SBASNJakjsdbaksjdn .as;ASN,DKASBDAKJsndNASdbaksjdnA:;kasbfalknsfla nsjfa.sdkkkkknmksdjfbaksdjnkfb,asnmdfl akndfmaknsd.mgasd jkgnñlasdnnkfakms.dnf anlsndfkajbkjaskdfn\nasdnkas,dnbmvBN;ASDBMASDNA SBASNJakjsdbaksjdn .as;ASN,DKASBDAKJsndNASdbaksjdnA:;kasbfalknsfla nsjfa.sdkkkkknmksdjfbaksdjnkfb,asnmdfl akndfmaknsd.mgasd jkgnñlasdnnkfakms.dnf anlsndfkajbkjaskdfn\nasdnkas,dnbmvBN;ASDBMASDNA SBASNJakjsdbaksjdn .as;ASN,DKASBDAKJsndNASdbaksjdnA:;kasbfalknsfla nsjfa.sdkkkkknmksdjfbaksdjnkfb,asnmdfl akndfmaknsd.mgasd jkgnñlasdnnkfakms.dnf anlsndfkajbkjaskdfn\nasdnkas,dnbmvBN;ASDBMASDNA SBASNJakjsdbaksjdn .as;ASN,DKASBDAKJsndNASdbaksjdnA:;kasbfalknsfla nsjfa.sdkkkkknmksdjfbaksdjnkfb,asnmdfl akndfmaknsd.mgasd jkgnñlasdnnkfakms.dnf anlsndfkajbkjaskdfn\nasdnkas,dnbmvBN;ASDBMASDNA SBASNJakjsdbaksjdn .as;ASN,DKASBDAKJsndNASdbaksjdnA:;kasbfalknsfla nsjfa.sdkkkkknmksdjfbaksdjnkfb,asnmdfl akndfmaknsd.mgasd jkgnñlasdnnkfakms.dnf anlsndfkajbkjaskdfn\nasdnkas,dnbmvBN;ASDBMASDNA SBASNJakjsdbaksjdn .as;ASN,DKASBDAKJsndNASdbaksjdnA:;kasbfalknsfla nsjfa.sdkkkkknmksdjfbaksdjnkfb,asnmdfl akndfmaknsd.mgasd jkgnñlasdnnkfakms.dnf anlsndfkajbkjaskdfn\nasdnkas,dnbmvBN;ASDBMASDNA SBASNJakjsdbaksjdn .as;ASN,DKASBDAKJsndNASdbaksjdnA:;kasbfalknsfla nsjfa.sdkkkkknmksdjfbaksdjnkfb,asnmdfl akndfmaknsd.mgasd jkgnñlasdnnkfakms.dnf anlsndfkajbkjaskdfn\nasdnkas,dnbmvBN;ASDBMASDNA SBASNJakjsdbaksjdn .as;ASN,DKASBDAKJsndNASdbaksjdnA:;kasbfalknsfla nsjfa.sdkkkkknmksdjfbaksdjnkfb,asnmdfl akndfmaknsd.mgasd jkgnñlasdnnkfakms.dnf anlsndfkajbkjaskdfn\nasdnkas,dnbmvBN;ASDBMASDNA SBASNJakjsdbaksjdn .as;ASN,DKASBDAKJsndNASdbaksjdnA:;kasbfalknsfla nsjfa.sdkkkkknmksdjfbaksdjnkfb,asnmdfl akndfmaknsd.mgasd jkgnñlasdnnkfakms.dnf anlsndfkajbkjaskdfn\nasdnkas,dnbmvBN;ASDBMASDNA SBASNJakjsdbaksjdn .as;ASN,DKASBDAKJsndNASdbaksjdnA:;kasbfalknsfla nsjfa.sdkkkkknmksdjfbaksdjnkfb,asnmdfl akndfmaknsd.mgasd jkgnñlasdnnkfakms.dnf anlsndfkajbkjaskdfn\nasdnkas,dnbmvBN;ASDBMASDNA SBASNJakjsdbaksjdn .as;ASN,DKASBDAKJsndNASdbaksjdnA:;kasbfalknsfla nsjfa.sdkkkkknmksdjfbaksdjnkfb,asnmdfl akndfmaknsd.mgasd jkgnñlasdnnkfakms.dnf anlsndfkajbkjaskdfn\nasdnkas,dnbmvBN;ASDBMASDNA SBASNJakjsdbaksjdn .as;ASN,DKASBDAKJsndNASdbaksjdnA:;kasbfalknsfla nsjfa.sdkkkkknmksdjfbaksdjnkfb,asnmdfl akndfmaknsd.mgasd jkgnñlasdnnkfakms.dnf anlsndfkajbkjaskdfn\nasdnkas,dnbmvBN;ASDBMASDNA SBASNJakjsdbaksjdn .as;ASN,DKASBDAKJsndNASdbaksjdnA:;kasbfalknsfla nsjfa.sdkkkkknmksdjfbaksdjnkfb,asnmdfl akndfmaknsd.mgasd jkgnñlasdnnkfakms.dnf anlsndfkajbkjaskdfn\nasdnkas,dnbmvBN;ASDBMASDNA SBASNJakjsdbaksjdn .as;ASN,DKASBDAKJsndNASdbaksjdnA:;kasbfalknsfla nsjfa.sdkkkkknmksdjfbaksdjnkfb,asnmdfl akndfmaknsd.mgasd jkgnñlasdnnkfakms.dnf anlsndfkajbkjaskdfn\nasdnkas,dnbmvBN;ASDBMASDNA SBASNJakjsdbaksjdn .as;ASN,DKASBDAKJsndNASdbaksjdnA:;kasbfalknsfla nsjfa.sdkkkkknmksdjfbaksdjnkfb,asnmdfl akndfmaknsd.mgasd jkgnñlasdnnkfakms.dnf anlsndfkajbkjaskdfn\nasdnkas,dnbmvBN;ASDBMASDNA SBASNJakjsdbaksjdn .as;ASN,DKASBDAKJsndNASdbaksjdnA:;kasbfalknsfla nsjfa.sdkkkkknmksdjfbaksdjnkfb,asnmdfl akndfmaknsd.mgasd jkgnñlasdnnkfakms.dnf anlsndfkajbkjaskdfn\nasdnkas,dnbmvBN;ASDBMASDNA SBASNJakjsdbaksjdn .as;ASN,DKASBDAKJsndNASdbaksjdnA:;kasbfalknsfla nsjfa.sdkkkkknmksdjfbaksdjnkfb,asnmdfl akndfmaknsd.mgasd jkgnñlasdnnkfakms.dnf anlsndfkajbkjaskdfn\nasdnkas,dnbmvBN;ASDBMASDNA SBASNJakjsdbaksjdn .as;ASN,DKASBDAKJsndNASdbaksjdnA:;kasbfalknsfla nsjfa.sdkkkkknmksdjfbaksdjnkfb,asnmdfl akndfmaknsd.mgasd jkgnñlasdnnkfakms.dnf anlsndfkajbkjaskdfn\nasdnkas,dnbmvBN;ASDBMASDNA SBASNJakjsdbaksjdn .as;ASN,DKASBDAKJsndNASdbaksjdnA:;kasbfalknsfla nsjfa.sdkkkkknmksdjfbaksdjnkfb,asnmdfl akndfmaknsd.mgasd jkgnñlasdnnkfakms.dnf anlsndfkajbkjaskdfn\nasdnkas,dnbmvBN;ASDBMASDNA SBASNJakjsdbaksjdn .as;ASN,DKASBDAKJsndNASdbaksjdnA:;kasbfalknsfla nsjfa.sdkkkkknmksdjfbaksdjnkfb,asnmdfl akndfmaknsd.mgasd jkgnñlasdnnkfakms.dnf anlsndfkajbkjaskdfn\nasdnkas,dnbmvBN;ASDBMASDNA SBASNJakjsdbaksjdn .as;ASN,DKASBDAKJsndNASdbaksjdnA:;kasbfalknsfla nsjfa.sdkkkkknmksdjfbaksdjnkfb,asnmdfl akndfmaknsd.mgasd jkgnñlasdnnkfakms.dnf anlsndfkajbkjaskdfn\nasdnkas,dnbmvBN;ASDBMASDNA SBASNJakjsdbaksjdn .as;ASN,DKASBDAKJsndNASdbaksjdnA:;kasbfalknsfla nsjfa.sdkkkkknmksdjfbaksdjnkfb,asnmdfl akndfmaknsd.mgasd jkgnñlasdnnkfakms.dnf anlsndfkajbkjaskdfn\nasdnkas,dnbmvBN;ASDBMASDNA SBASNJakjsdbaksjdn .as;ASN,DKASBDAKJsndNASdbaksjdnA:;kasbfalknsfla nsjfa.sdkkkkknmksdjfbaksdjnkfb,asnmdfl akndfmaknsd.mgasd jkgnñlasdnnkfakms.dnf anlsndfkajbkjaskdfn\nasdnkas,dnbmvBN;ASDBMASDNA SBASNJakjsdbaksjdn .as;ASN,DKASBDAKJsndNASdbaksjdnA:;kasbfalknsfla nsjfa.sdkkkkknmksdjfbaksdjnkfb,asnmdfl akndfmaknsd.mgasd jkgnñlasdnnkfakms.dnf anlsndfkajbkjaskdfn\nasdnkas,dnbmvBN;ASDBMASDNA SBASNJakjsdbaksjdn .as;ASN,DKASBDAKJsndNASdbaksjdnA:;kasbfalknsfla nsjfa.sdkkkkknmksdjfbaksdjnkfb,asnmdfl akndfmaknsd.mgasd jkgnñlasdnnkfakms.dnf anlsndfkajbkjaskdfn\nasdnkas,dnbmvBN;ASDBMASDNA SBASNJakjsdbaksjdn .as;ASN,DKASBDAKJsndNASdbaksjdnA:;kasbfalknsfla nsjfa.sdkkkkknmksdjfbaksdjnkfb,asnmdfl akndfmaknsd.mgasd jkgnñlasdnnkfakms.dnf anlsndfkajbkjaskdfn\nasdnkas,dnbmvBN;ASDBMASDNA SBASNJakjsdbaksjdn .as;ASN,DKASBDAKJsndNASdbaksjdnA:;kasbfalknsfla nsjfa.sdkkkkknmksdjfbaksdjnkfb,asnmdfl akndfmaknsd.mgasd jkgnñlasdnnkfakms.dnf anlsndfkajbkjaskdfn\nasdnkas,dnbmvBN;ASDBMASDNA SBASNJakjsdbaksjdn .as;ASN,DKASBDAKJsndNASdbaksjdnA:;kasbfalknsfla nsjfa.sdkkkkknmksdjfbaksdjnkfb,asnmdfl akndfmaknsd.mgasd jkgnñlasdnnkfakms.dnf anlsndfkajbkjaskdfn\nasdnkas,dnbmvBN;ASDBMASDNA SBASNJakjsdbaksjdn .as;ASN,DKASBDAKJsndNASdbaksjdnA:;kasbfalknsfla nsjfa.sdkkkkknmksdjfbaksdjnkfb,asnmdfl akndfmaknsd.mgasd jkgnñlasdnnkfakms.dnf anlsndfkajbkjaskdfn\nasdnkas,dnbmvBN;ASDBMASDNA SBASNJakjsdbaksjdn .as;ASN,DKASBDAKJsndNASdbaksjdnA:;kasbfalknsfla nsjfa.sdkkkkknmksdjfbaksdjnkfb,asnmdfl akndfmaknsd.mgasd jkgnñlasdnnkfakms.dnf anlsndfkajbkjaskdfn\nasdnkas,dnbmvBN;ASDBMASDNA SBASNJakjsdbaksjdn .as;ASN,DKASBDAKJsndNASdbaksjdnA:;kasbfalknsfla nsjfa.sdkkkkknmksdjfbaksdjnkfb,asnmdfl akndfmaknsd.mgasd jkgnñlasdnnkfakms.dnf anlsndfkajbkjaskdfn\nasdnkas,dnbmvBN;ASDBMASDNA SBASNJakjsdbaksjdn .as;ASN,DKASBDAKJsndNASdbaksjdnA:;kasbfalknsfla nsjfa.sdkkkkknmksdjfbaksdjnkfb,asnmdfl akndfmaknsd.mgasd jkgnñlasdnnkfakms.dnf anlsndfkajbkjaskdfn\nasdnkas,dnbmvBN;ASDBMASDNA SBASNJakjsdbaksjdn .as;ASN,DKASBDAKJsndNASdbaksjdnA:;kasbfalknsfla nsjfa.sdkkkkknmksdjfbaksdjnkfb,asnmdfl akndfmaknsd.mgasd jkgnñlasdnnkfakms.dnf anlsndfkajbkjaskdfn\nasdnkas,dnbmvBN;ASDBMASDNA SBASNJakjsdbaksjdn .as;ASN,DKASBDAKJsndNASdbaksjdnA:;kasbfalknsfla nsjfa.sdkkkkknmksdjfbaksdjnkfb,asnmdfl akndfmaknsd.mgasd jkgnñlasdnnkfakms.dnf anlsndfkajbkjaskdfn\nasdnkas,dnbmvBN;ASDBMASDNA SBASNJakjsdbaksjdn .as;ASN,DKASBDAKJsndNASdbaksjdnA:;kasbfalknsfla nsjfa.sdkkkkknmksdjfbaksdjnkfb,asnmdfl akndfmaknsd.mgasd jkgnñlasdnnkfakms.dnf anlsndfkajbkjaskdfn\nasdnkas,dnbmvBN;ASDBMASDNA SBASNJakjsdbaksjdn .as;ASN,DKASBDAKJsndNASdbaksjdnA:;kasbfalknsfla nsjfa.sdkkkkknmksdjfbaksdjnkfb,asnmdfl akndfmaknsd.mgasd jkgnñlasdnnkfakms.dnf anlsndfkajbkjaskdfn\nasdnkas,dnbmvBN;ASDBMASDNA SBASNJakjsdbaksjdn .as;ASN,DKASBDAKJsndNASdbaksjdnA:;kasbfalknsfla nsjfa.sdkkkkknmksdjfbaksdjnkfb,asnmdfl akndfmaknsd.mgasd jkgnñlasdnnkfakms.dnf anlsndfkajbkjaskdfn\nasdnkas,dnbmvBN;ASDBMASDNA SBASNJakjsdbaksjdn .as;ASN,DKASBDAKJsndNASdbaksjdnA:;kasbfalknsfla nsjfa.sdkkkkknmksdjfbaksdjnkfb,asnmdfl akndfmaknsd.mgasd jkgnñlasdnnkfakms.dnf anlsndfkajbkjaskdfn\nasdnkas,dnbmvBN;ASDBMASDNA SBASNJakjsdbaksjdn .as;ASN,DKASBDAKJsndNASdbaksjdnA:;kasbfalknsfla nsjfa.sdkkkkknmksdjfbaksdjnkfb,asnmdfl akndfmaknsd.mgasd jkgnñlasdnnkfakms.dnf anlsndfkajbkjaskdfn\nasdnkas,dnbmvBN;ASDBMASDNA SBASNJakjsdbaksjdn .as;ASN,DKASBDAKJsndNASdbaksjdnA:;kasbfalknsfla nsjfa.sdkkkkknmksdjfbaksdjnkfb,asnmdfl akndfmaknsd.mgasd jkgnñlasdnnkfakms.dnf anlsndfkajbkjaskdfn\nasdnkas,dnbmvBN;ASDBMASDNA SBASNJakjsdbaksjdn .as;ASN,DKASBDAKJsndNASdbaksjdnA:;kasbfalknsfla nsjfa.sdkkkkknmksdjfbaksdjnkfb,asnmdfl akndfmaknsd.mgasd jkgnñlasdnnkfakms.dnf anlsndfkajbkjaskdfn\nasdnkas,dnbmvBN;ASDBMASDNA SBASNJakjsdbaksjdn .as;ASN,DKASBDAKJsndNASdbaksjdnA:;kasbfalknsfla nsjfa.sdkkkkknmksdjfbaksdjnkfb,asnmdfl akndfmaknsd.mgasd jkgnñlasdnnkfakms.dnf anlsndfkajbkjaskdfn\nasdnkas,dnbmvBN;ASDBMASDNA SBASNJakjsdbaksjdn .as;ASN,DKASBDAKJsndNASdbaksjdnA:;kasbfalknsfla nsjfa.sdkkkkknmksdjfbaksdjnkfb,asnmdfl akndfmaknsd.mgasd jkgnñlasdnnkfakms.dnf anlsndfkajbkjaskdfn\nasdnkas,dnbmvBN;ASDBMASDNA SBASNJakjsdbaksjdn .as;ASN,DKASBDAKJsndNASdbaksjdnA:;kasbfalknsfla nsjfa.sdkkkkknmksdjfbaksdjnkfb,asnmdfl akndfmaknsd.mgasd jkgnñlasdnnkfakms.dnf anlsndfkajbkjaskdfn\nasdnkas,dnbmvBN;ASDBMASDNA SBASNJakjsdbaksjdn .as;ASN,DKASBDAKJsndNASdbaksjdnA:;kasbfalknsfla nsjfa.sdkkkkknmksdjfbaksdjnkfb,asnmdfl akndfmaknsd.mgasd jkgnñlasdnnkfakms.dnf anlsndfkajbkjaskdfn\nasdnkas,dnbmvBN;ASDBMASDNA SBASNJakjsdbaksjdn .as;ASN,DKASBDAKJsndNASdbaksjdnA:;kasbfalknsfla nsjfa.sdkkkkknmksdjfbaksdjnkfb,asnmdfl akndfmaknsd.mgasd jkgnñlasdnnkfakms.dnf anlsndfkajbkjaskdfn\nasdnkas,dnbmvBN;ASDBMASDNA SBASNJakjsdbaksjdn .as;ASN,DKASBDAKJsndNASdbaksjdnA:;kasbfalknsfla nsjfa.sdkkkkknmksdjfbaksdjnkfb,asnmdfl akndfmaknsd.mgasd jkgnñlasdnnkfakms.dnf anlsndfkajbkjaskdfn\nasdnkas,dnbmvBN;ASDBMASDNA SBASNJakjsdbaksjdn .as;ASN,DKASBDAKJsndNASdbaksjdnA:;kasbfalknsfla nsjfa.sdkkkkknmksdjfbaksdjnkfb,asnmdfl akndfmaknsd.mgasd jkgnñlasdnnkfakms.dnf anlsndfkajbkjaskdfn\nasdnkas,dnbmvBN;ASDBMASDNA SBASNJakjsdbaksjdn .as;ASN,DKASBDAKJsndNASdbaksjdnA:;kasbfalknsfla nsjfa.sdkkkkknmksdjfbaksdjnkfb,asnmdfl akndfmaknsd.mgasd jkgnñlasdnnkfakms.dnf anlsndfkajbkjaskdfn\nasdnkas,dnbmvBN;ASDBMASDNA SBASNJakjsdbaksjdn .as;ASN,DKASBDAKJsndNASdbaksjdnA:;kasbfalknsfla nsjfa.sdkkkkknmksdjfbaksdjnkfb,asnmdfl akndfmaknsd.mgasd jkgnñlasdnnkfakms.dnf anlsndfkajbkjaskdfn\nasdnkas,dnbmvBN;ASDBMASDNA SBASNJakjsdbaksjdn .as;ASN,DKASBDAKJsndNASdbaksjdnA:;kasbfalknsfla nsjfa.sdkkkkknmksdjfbaksdjnkfb,asnmdfl akndfmaknsd.mgasd jkgnñlasdnnkfakms.dnf anlsndfkajbkjaskdfn\nasdnkas,dnbmvBN;ASDBMASDNA SBASNJakjsdbaksjdn .as;ASN,DKASBDAKJsndNASdbaksjdnA:;kasbfalknsfla nsjfa.sdkkkkknmksdjfbaksdjnkfb,asnmdfl akndfmaknsd.mgasd jkgnñlasdnnkfakms.dnf anlsndfkajbkjaskdfn\nasdnkas,dnbmvBN;ASDBMASDNA SBASNJakjsdbaksjdn .as;ASN,DKASBDAKJsndNASdbaksjdnA:;kasbfalknsfla nsjfa.sdkkkkknmksdjfbaksdjnkfb,asnmdfl akndfmaknsd.mgasd jkgnñlasdnnkfakms.dnf anlsndfkajbkjaskdfn\nasdnkas,dnbmvBN;ASDBMASDNA SBASNJakjsdbaksjdn .as;ASN,DKASBDAKJsndNASdbaksjdnA:;kasbfalknsfla nsjfa.sdkkkkknmksdjfbaksdjnkfb,asnmdfl akndfmaknsd.mgasd jkgnñlasdnnkfakms.dnf anlsndfkajbkjaskdfn\nasdnkas,dnbmvBN;ASDBMASDNA SBASNJakjsdbaksjdn .as;ASN,DKASBDAKJsndNASdbaksjdnA:;kasbfalknsfla nsjfa.sdkkkkknmksdjfbaksdjnkfb,asnmdfl akndfmaknsd.mgasd jkgnñlasdnnkfakms.dnf anlsndfkajbkjaskdfn\nasdnkas,dnbmvBN;ASDBMASDNA SBASNJakjsdbaksjdn .as;ASN,DKASBDAKJsndNASdbaksjdnA:;kasbfalknsfla nsjfa.sdkkkkknmksdjfbaksdjnkfb,asnmdfl akndfmaknsd.mgasd jkgnñlasdnnkfakms.dnf anlsndfkajbkjaskdfn\nasdnkas,dnbmvBN;ASDBMASDNA SBASNJakjsdbaksjdn .as;ASN,DKASBDAKJsndNASdbaksjdnA:;kasbfalknsfla nsjfa.sdkkkkknmksdjfbaksdjnkfb,asnmdfl akndfmaknsd.mgasd jkgnñlasdnnkfakms.dnf anlsndfkajbkjaskdfn\nasdnkas,dnbmvBN;ASDBMASDNA SBASNJakjsdbaksjdn .as;ASN,DKASBDAKJsndNASdbaksjdnA:;kasbfalknsfla nsjfa.sdkkkkknmksdjfbaksdjnkfb,asnmdfl akndfmaknsd.mgasd jkgnñlasdnnkfakms.dnf anlsndfkajbkjaskdfn\nasdnkas,dnbmvBN;ASDBMASDNA SBASNJakjsdbaksjdn .as;ASN,DKASBDAKJsndNASdbaksjdnA:;kasbfalknsfla nsjfa.sdkkkkknmksdjfbaksdjnkfb,asnmdfl akndfmaknsd.mgasd jkgnñlasdnnkfakms.dnf anlsndfkajbkjaskdfn\nasdnkas,dnbmvBN;ASDBMASDNA SBASNJakjsdbaksjdn .as;ASN,DKASBDAKJsndNASdbaksjdnA:;kasbfalknsfla nsjfa.sdkkkkknmksdjfbaksdjnkfb,asnmdfl akndfmaknsd.mgasd jkgnñlasdnnkfakms.dnf anlsndfkajbkjaskdfn\nasdnkas,dnbmvBN;ASDBMASDNA SBASNJakjsdbaksjdn .as;ASN,DKASBDAKJsndNASdbaksjdnA:;kasbfalknsfla nsjfa.sdkkkkknmksdjfbaksdjnkfb,asnmdfl akndfmaknsd.mgasd jkgnñlasdnnkfakms.dnf anlsndfkajbkjaskdfn\nasdnkas,dnbmvBN;ASDBMASDNA SBASNJakjsdbaksjdn .as;ASN,DKASBDAKJsndNASdbaksjdnA:;kasbfalknsfla nsjfa.sdkkkkknmksdjfbaksdjnkfb,asnmdfl akndfmaknsd.mgasd jkgnñlasdnnkfakms.dnf anlsndfkajbkjaskdfn\nasdnkas,dnbmvBN;ASDBMASDNA SBASNJakjsdbaksjdn .as;ASN,DKASBDAKJsndNASdbaksjdnA:;kasbfalknsfla nsjfa.sdkkkkknmksdjfbaksdjnkfb,asnmdfl akndfmaknsd.mgasd jkgnñlasdnnkfakms.dnf anlsndfkajbkjaskdfn\nasdnkas,dnbmvBN;ASDBMASDNA SBASNJakjsdbaksjdn .as;ASN,DKASBDAKJsndNASdbaksjdnA:;kasbfalknsfla nsjfa.sdkkkkknmksdjfbaksdjnkfb,asnmdfl akndfmaknsd.mgasd jkgnñlasdnnkfakms.dnf anlsndfkajbkjaskdfn\nasdnkas,dnbmvBN;ASDBMASDNA SBASNJakjsdbaksjdn .as;ASN,DKASBDAKJsndNASdbaksjdnA:;kasbfalknsfla nsjfa.sdkkkkknmksdjfbaksdjnkfb,asnmdfl akndfmaknsd.mgasd jkgnñlasdnnkfakms.dnf anlsndfkajbkjaskdfn\nasdnkas,dnbmvBN;ASDBMASDNA SBASNJakjsdbaksjdn .as;ASN,DKASBDAKJsndNASdbaksjdnA:;kasbfalknsfla nsjfa.sdkkkkknmksdjfbaksdjnkfb,asnmdfl akndfmaknsd.mgasd jkgnñlasdnnkfakms.dnf anlsndfkajbkjaskdfn\nasdnkas,dnbmvBN;ASDBMASDNA SBASNJakjsdbaksjdn .as;ASN,DKASBDAKJsndNASdbaksjdnA:;kasbfalknsfla nsjfa.sdkkkkknmksdjfbaksdjnkfb,asnmdfl akndfmaknsd.mgasd jkgnñlasdnnkfakms.dnf anlsndfkajbkjaskdfn\nasdnkas,dnbmvBN;ASDBMASDNA SBASNJakjsdbaksjdn .as;ASN,DKASBDAKJsndNASdbaksjdnA:;kasbfalknsfla nsjfa.sdkkkkknmksdjfbaksdjnkfb,asnmdfl akndfmaknsd.mgasd jkgnñlasdnnkfakms.dnf anlsndfkajbkjaskdfn\nasdnkas,dnbmvBN;ASDBMASDNA SBASNJakjsdbaksjdn .as;ASN,DKASBDAKJsndNASdbaksjdnA:;kasbfalknsfla nsjfa.sdkkkkknmksdjfbaksdjnkfb,asnmdfl akndfmaknsd.mgasd jkgnñlasdnnkfakms.dnf anlsndfkajbkjaskdfn\nasdnkas,dnbmvBN;ASDBMASDNA SBASNJakjsdbaksjdn .as;ASN,DKASBDAKJsndNASdbaksjdnA:;kasbfalknsfla nsjfa.sdkkkkknmksdjfbaksdjnkfb,asnmdfl akndfmaknsd.mgasd jkgnñlasdnnkfakms.dnf anlsndfkajbkjaskdfn\nasdnkas,dnbmvBN;ASDBMASDNA SBASNJakjsdbaksjdn .as;ASN,DKASBDAKJsndNASdbaksjdnA:;kasbfalknsfla nsjfa.sdkkkkknmksdjfbaksdjnkfb,asnmdfl akndfmaknsd.mgasd jkgnñlasdnnkfakms.dnf anlsndfkajbkjaskdfn\nasdnkas,dnbmvBN;ASDBMASDNA SBASNJakjsdbaksjdn .as;ASN,DKASBDAKJsndNASdbaksjdnA:;kasbfalknsfla nsjfa.sdkkkkknmksdjfbaksdjnkfb,asnmdfl akndfmaknsd.mgasd jkgnñlasdnnkfakms.dnf anlsndfkajbkjaskdfn\nasdnkas,dnbmvBN;ASDBMASDNA SBASNJakjsdbaksjdn .as;ASN,DKASBDAKJsndNASdbaksjdnA:;kasbfalknsfla nsjfa.sdkkkkknmksdjfbaksdjnkfb,asnmdfl akndfmaknsd.mgasd jkgnñlasdnnkfakms.dnf anlsndfkajbkjaskdfn\nasdnkas,dnbmvBN;ASDBMASDNA SBASNJakjsdbaksjdn .as;ASN,DKASBDAKJsndNASdbaksjdnA:;kasbfalknsfla nsjfa.sdkkkkknmksdjfbaksdjnkfb,asnmdfl akndfmaknsd.mgasd jkgnñlasdnnkfakms.dnf anlsndfkajbkjaskdfn\nasdnkas,dnbmvBN;ASDBMASDNA SBASNJakjsdbaksjdn .as;ASN,DKASBDAKJsndNASdbaksjdnA:;kasbfalknsfla nsjfa.sdkkkkknmksdjfbaksdjnkfb,asnmdfl akndfmaknsd.mgasd jkgnñlasdnnkfakms.dnf anlsndfkajbkjaskdfn\nasdnkas,dnbmvBN;ASDBMASDNA SBASNJakjsdbaksjdn .as;ASN,DKASBDAKJsndNASdbaksjdnA:;kasbfalknsfla nsjfa.sdkkkkknmksdjfbaksdjnkfb,asnmdfl akndfmaknsd.mgasd jkgnñlasdnnkfakms.dnf anlsndfkajbkjaskdfn\nasdnkas,dnbmvBN;ASDBMASDNA SBASNJakjsdbaksjdn .as;ASN,DKASBDAKJsndNASdbaksjdnA:;kasbfalknsfla nsjfa.sdkkkkknmksdjfbaksdjnkfb,asnmdfl akndfmaknsd.mgasd jkgnñlasdnnkfakms.dnf anlsndfkajbkjaskdfn\nasdnkas,dnbmvBN;ASDBMASDNA SBASNJakjsdbaksjdn .as;ASN,DKASBDAKJsndNASdbaksjdnA:;kasbfalknsfla nsjfa.sdkkkkknmksdjfbaksdjnkfb,asnmdfl akndfmaknsd.mgasd jkgnñlasdnnkfakms.dnf anlsndfkajbkjaskdfn\nasdnkas,dnbmvBN;ASDBMASDNA SBASNJakjsdbaksjdn .as;ASN,DKASBDAKJsndNASdbaksjdnA:;kasbfalknsfla nsjfa.sdkkkkknmksdjfbaksdjnkfb,asnmdfl akndfmaknsd.mgasd jkgnñlasdnnkfakms.dnf anlsndfkajbkjaskdfn\nasdnkas,dnbmvBN;ASDBMASDNA SBASNJakjsdbaksjdn .as;ASN,DKASBDAKJsndNASdbaksjdnA:;kasbfalknsfla nsjfa.sdkkkkknmksdjfbaksdjnkfb,asnmdfl akndfmaknsd.mgasd jkgnñlasdnnkfakms.dnf anlsndfkajbkjaskdfn\nasdnkas,dnbmvBN;ASDBMASDNA SBASNJakjsdbaksjdn .as;ASN,DKASBDAKJsndNASdbaksjdnA:;kasbfalknsfla nsjfa.sdkkkkknmksdjfbaksdjnkfb,asnmdfl akndfmaknsd.mgasd jkgnñlasdnnkfakms.dnf anlsndfkajbkjaskdfn\nasdnkas,dnbmvBN;ASDBMASDNA SBASNJakjsdbaksjdn .as;ASN,DKASBDAKJsndNASdbaksjdnA:;kasbfalknsfla nsjfa.sdkkkkknmksdjfbaksdjnkfb,asnmdfl akndfmaknsd.mgasd jkgnñlasdnnkfakms.dnf anlsndfkajbkjaskdfn\nasdnkas,dnbmvBN;ASDBMASDNA SBASNJakjsdbaksjdn .as;ASN,DKASBDAKJsndNASdbaksjdnA:;kasbfalknsfla nsjfa.sdkkkkknmksdjfbaksdjnkfb,asnmdfl akndfmaknsd.mgasd jkgnñlasdnnkfakms.dnf anlsndfkajbkjaskdfn\nasdnkas,dnbmvBN;ASDBMASDNA SBASNJakjsdbaksjdn .as;ASN,DKASBDAKJsndNASdbaksjdnA:;kasbfalknsfla nsjfa.sdkkkkknmksdjfbaksdjnkfb,asnmdfl akndfmaknsd.mgasd jkgnñlasdnnkfakms.dnf anlsndfkajbkjaskdfn\nasdnkas,dnbmvBN;ASDBMASDNA SBASNJakjsdbaksjdn .as;ASN,DKASBDAKJsndNASdbaksjdnA:;kasbfalknsfla nsjfa.sdkkkkknmksdjfbaksdjnkfb,asnmdfl akndfmaknsd.mgasd jkgnñlasdnnkfakms.dnf anlsndfkajbkjaskdfn\nasdnkas,dnbmvBN;ASDBMASDNA SBASNJakjsdbaksjdn .as;ASN,DKASBDAKJsndNASdbaksjdnA:;kasbfalknsfla nsjfa.sdkkkkknmksdjfbaksdjnkfb,asnmdfl akndfmaknsd.mgasd jkgnñlasdnnkfakms.dnf anlsndfkajbkjaskdfn\nasdnkas,dnbmvBN;ASDBMASDNA SBASNJakjsdbaksjdn .as;ASN,DKASBDAKJsndNASdbaksjdnA:;kasbfalknsfla nsjfa.sdkkkkknmksdjfbaksdjnkfb,asnmdfl akndfmaknsd.mgasd jkgnñlasdnnkfakms.dnf anlsndfkajbkjaskdfn\nasdnkas,dnbmvBN;ASDBMASDNA SBASNJakjsdbaksjdn .as;ASN,DKASBDAKJsndNASdbaksjdnA:;kasbfalknsfla nsjfa.sdkkkkknmksdjfbaksdjnkfb,asnmdfl akndfmaknsd.mgasd jkgnñlasdnnkfakms.dnf anlsndfkajbkjaskdfn\nasdnkas,dnbmvBN;ASDBMASDNA SBASNJakjsdbaksjdn .as;ASN,DKASBDAKJsndNASdbaksjdnA:;kasbfalknsfla nsjfa.sdkkkkknmksdjfbaksdjnkfb,asnmdfl akndfmaknsd.mgasd jkgnñlasdnnkfakms.dnf anlsndfkajbkjaskdfn\nasdnkas,dnbmvBN;ASDBMASDNA SBASNJakjsdbaksjdn .as;ASN,DKASBDAKJsndNASdbaksjdnA:;kasbfalknsfla nsjfa.sdkkkkknmksdjfbaksdjnkfb,asnmdfl akndfmaknsd.mgasd jkgnñlasdnnkfakms.dnf anlsndfkajbkjaskdfn\nasdnkas,dnbmvBN;ASDBMASDNA SBASNJakjsdbaksjdn .as;ASN,DKASBDAKJsndNASdbaksjdnA:;kasbfalknsfla nsjfa.sdkkkkknmksdjfbaksdjnkfb,asnmdfl akndfmaknsd.mgasd jkgnñlasdnnkfakms.dnf anlsndfkajbkjaskdfn\nasdnkas,dnbmvBN;ASDBMASDNA SBASNJakjsdbaksjdn .as;ASN,DKASBDAKJsndNASdbaksjdnA:;kasbfalknsfla nsjfa.sdkkkkknmksdjfbaksdjnkfb,asnmdfl akndfmaknsd.mgasd jkgnñlasdnnkfakms.dnf anlsndfkajbkjaskdfn\nasdnkas,dnbmvBN;ASDBMASDNA SBASNJakjsdbaksjdn .as;ASN,DKASBDAKJsndNASdbaksjdnA:;kasbfalknsfla nsjfa.sdkkkkknmksdjfbaksdjnkfb,asnmdfl akndfmaknsd.mgasd jkgnñlasdnnkfakms.dnf anlsndfkajbkjaskdfn\nasdnkas,dnbmvBN;ASDBMASDNA SBASNJakjsdbaksjdn .as;ASN,DKASBDAKJsndNASdbaksjdnA:;kasbfalknsfla nsjfa.sdkkkkknmksdjfbaksdjnkfb,asnmdfl akndfmaknsd.mgasd jkgnñlasdnnkfakms.dnf anlsndfkajbkjaskdfn\nasdnkas,dnbmvBN;ASDBMASDNA SBASNJakjsdbaksjdn .as;ASN,DKASBDAKJsndNASdbaksjdnA:;kasbfalknsfla nsjfa.sdkkkkknmksdjfbaksdjnkfb,asnmdfl akndfmaknsd.mgasd jkgnñlasdnnkfakms.dnf anlsndfkajbkjaskdfn\nasdnkas,dnbmvBN;ASDBMASDNA SBASNJakjsdbaksjdn .as;ASN,DKASBDAKJsndNASdbaksjdnA:;kasbfalknsfla nsjfa.sdkkkkknmksdjfbaksdjnkfb,asnmdfl akndfmaknsd.mgasd jkgnñlasdnnkfakms.dnf anlsndfkajbkjaskdfn\nasdnkas,dnbmvBN;ASDBMASDNA SBASNJakjsdbaksjdn .as;ASN,DKASBDAKJsndNASdbaksjdnA:;kasbfalknsfla nsjfa.sdkkkkknmksdjfbaksdjnkfb,asnmdfl akndfmaknsd.mgasd jkgnñlasdnnkfakms.dnf anlsndfkajbkjaskdfn\nasdnkas,dnbmvBN;ASDBMASDNA SBASNJakjsdbaksjdn .as;ASN,DKASBDAKJsndNASdbaksjdnA:;kasbfalknsfla nsjfa.sdkkkkknmksdjfbaksdjnkfb,asnmdfl akndfmaknsd.mgasd jkgnñlasdnnkfakms.dnf anlsndfkajbkjaskdfn\nasdnkas,dnbmvBN;ASDBMASDNA SBASNJakjsdbaksjdn .as;ASN,DKASBDAKJsndNASdbaksjdnA:;kasbfalknsfla nsjfa.sdkkkkknmksdjfbaksdjnkfb,asnmdfl akndfmaknsd.mgasd jkgnñlasdnnkfakms.dnf anlsndfkajbkjaskdfn\nasdnkas,dnbmvBN;ASDBMASDNA SBASNJakjsdbaksjdn .as;ASN,DKASBDAKJsndNASdbaksjdnA:;kasbfalknsfla nsjfa.sdkkkkknmksdjfbaksdjnkfb,asnmdfl akndfmaknsd.mgasd jkgnñlasdnnkfakms.dnf anlsndfkajbkjaskdfn\nasdnkas,dnbmvBN;ASDBMASDNA SBASNJakjsdbaksjdn .as;ASN,DKASBDAKJsndNASdbaksjdnA:;kasbfalknsfla nsjfa.sdkkkkknmksdjfbaksdjnkfb,asnmdfl akndfmaknsd.mgasd jkgnñlasdnnkfakms.dnf anlsndfkajbkjaskdfn\nasdnkas,dnbmvBN;ASDBMASDNA SBASNJakjsdbaksjdn .as;ASN,DKASBDAKJsndNASdbaksjdnA:;kasbfalknsfla nsjfa.sdkkkkknmksdjfbaksdjnkfb,asnmdfl akndfmaknsd.mgasd jkgnñlasdnnkfakms.dnf anlsndfkajbkjaskdfn\nasdnkas,dnbmvBN;ASDBMASDNA SBASNJakjsdbaksjdn .as;ASN,DKASBDAKJsndNASdbaksjdnA:;kasbfalknsfla nsjfa.sdkkkkknmksdjfbaksdjnkfb,asnmdfl akndfmaknsd.mgasd jkgnñlasdnnkfakms.dnf anlsndfkajbkjaskdfn\nasdnkas,dnbmvBN;ASDBMASDNA SBASNJakjsdbaksjdn .as;ASN,DKASBDAKJsndNASdbaksjdnA:;kasbfalknsfla nsjfa.sdkkkkknmksdjfbaksdjnkfb,asnmdfl akndfmaknsd.mgasd jkgnñlasdnnkfakms.dnf anlsndfkajbkjaskdfn\nasdnkas,dnbmvBN;ASDBMASDNA SBASNJakjsdbaksjdn .as;ASN,DKASBDAKJsndNASdbaksjdnA:;kasbfalknsfla nsjfa.sdkkkkknmksdjfbaksdjnkfb,asnmdfl akndfmaknsd.mgasd jkgnñlasdnnkfakms.dnf anlsndfkajbkjaskdfn\nasdnkas,dnbmvBN;ASDBMASDNA SBASNJakjsdbaksjdn .as;ASN,DKASBDAKJsndNASdbaksjdnA:;kasbfalknsfla nsjfa.sdkkkkknmksdjfbaksdjnkfb,asnmdfl akndfmaknsd.mgasd jkgnñlasdnnkfakms.dnf anlsndfkajbkjaskdfn\nasdnkas,dnbmvBN;ASDBMASDNA SBASNJakjsdbaksjdn .as;ASN,DKASBDAKJsndNASdbaksjdnA:;kasbfalknsfla nsjfa.sdkkkkknmksdjfbaksdjnkfb,asnmdfl akndfmaknsd.mgasd jkgnñlasdnnkfakms.dnf anlsndfkajbkjaskdfn\nasdnkas,dnbmvBN;ASDBMASDNA SBASNJakjsdbaksjdn .as;ASN,DKASBDAKJsndNASdbaksjdnA:;kasbfalknsfla nsjfa.sdkkkkknmksdjfbaksdjnkfb,asnmdfl akndfmaknsd.mgasd jkgnñlasdnnkfakms.dnf anlsndfkajbkjaskdfn\nasdnkas,dnbmvBN;ASDBMASDNA SBASNJakjsdbaksjdn .as;ASN,DKASBDAKJsndNASdbaksjdnA:;kasbfalknsfla nsjfa.sdkkkkknmksdjfbaksdjnkfb,asnmdfl akndfmaknsd.mgasd jkgnñlasdnnkfakms.dnf anlsndfkajbkjaskdfn\nasdnkas,dnbmvBN;ASDBMASDNA SBASNJakjsdbaksjdn .as;ASN,DKASBDAKJsndNASdbaksjdnA:;kasbfalknsfla nsjfa.sdkkkkknmksdjfbaksdjnkfb,asnmdfl akndfmaknsd.mgasd jkgnñlasdnnkfakms.dnf anlsndfkajbkjaskdfn\nasdnkas,dnbmvBN;ASDBMASDNA SBASNJakjsdbaksjdn .as;ASN,DKASBDAKJsndNASdbaksjdnA:;kasbfalknsfla nsjfa.sdkkkkknmksdjfbaksdjnkfb,asnmdfl akndfmaknsd.mgasd jkgnñlasdnnkfakms.dnf anlsndfkajbkjaskdfn\nasdnkas,dnbmvBN;ASDBMASDNA SBASNJakjsdbaksjdn .as;ASN,DKASBDAKJsndNASdbaksjdnA:;kasbfalknsfla nsjfa.sdkkkkknmksdjfbaksdjnkfb,asnmdfl akndfmaknsd.mgasd jkgnñlasdnnkfakms.dnf anlsndfkajbkjaskdfn\nasdnkas,dnbmvBN;ASDBMASDNA SBASNJakjsdbaksjdn .as;ASN,DKASBDAKJsndNASdbaksjdnA:;kasbfalknsfla nsjfa.sdkkkkknmksdjfbaksdjnkfb,asnmdfl akndfmaknsd.mgasd jkgnñlasdnnkfakms.dnf anlsndfkajbkjaskdfn\nasdnkas,dnbmvBN;ASDBMASDNA SBASNJakjsdbaksjdn .as;ASN,DKASBDAKJsndNASdbaksjdnA:;kasbfalknsfla nsjfa.sdkkkkknmksdjfbaksdjnkfb,asnmdfl akndfmaknsd.mgasd jkgnñlasdnnkfakms.dnf anlsndfkajbkjaskdfn\nasdnkas,dnbmvBN;ASDBMASDNA SBASNJakjsdbaksjdn .as;ASN,DKASBDAKJsndNASdbaksjdnA:;kasbfalknsfla nsjfa.sdkkkkknmksdjfbaksdjnkfb,asnmdfl akndfmaknsd.mgasd jkgnñlasdnnkfakms.dnf anlsndfkajbkjaskdfn\nasdnkas,dnbmvBN;ASDBMASDNA SBASNJakjsdbaksjdn .as;ASN,DKASBDAKJsndNASdbaksjdnA:;kasbfalknsfla nsjfa.sdkkkkknmksdjfbaksdjnkfb,asnmdfl akndfmaknsd.mgasd jkgnñlasdnnkfakms.dnf anlsndfkajbkjaskdfn\nasdnkas,dnbmvBN;ASDBMASDNA SBASNJakjsdbaksjdn .as;ASN,DKASBDAKJsndNASdbaksjdnA:;kasbfalknsfla nsjfa.sdkkkkknmksdjfbaksdjnkfb,asnmdfl akndfmaknsd.mgasd jkgnñlasdnnkfakms.dnf anlsndfkajbkjaskdfn\nasdnkas,dnbmvBN;ASDBMASDNA SBASNJakjsdbaksjdn .as;ASN,DKASBDAKJsndNASdbaksjdnA:;kasbfalknsfla nsjfa.sdkkkkknmksdjfbaksdjnkfb,asnmdfl akndfmaknsd.mgasd jkgnñlasdnnkfakms.dnf anlsndfkajbkjaskdfn\nasdnkas,dnbmvBN;ASDBMASDNA SBASNJakjsdbaksjdn .as;ASN,DKASBDAKJsndNASdbaksjdnA:;kasbfalknsfla nsjfa.sdkkkkknmksdjfbaksdjnkfb,asnmdfl akndfmaknsd.mgasd jkgnñlasdnnkfakms.dnf anlsndfkajbkjaskdfn\nasdnkas,dnbmvBN;ASDBMASDNA SBASNJakjsdbaksjdn .as;ASN,DKASBDAKJsndNASdbaksjdnA:;kasbfalknsfla nsjfa.sdkkkkknmksdjfbaksdjnkfb,asnmdfl akndfmaknsd.mgasd jkgnñlasdnnkfakms.dnf anlsndfkajbkjaskdfn\nasdnkas,dnbmvBN;ASDBMASDNA SBASNJakjsdbaksjdn .as;ASN,DKASBDAKJsndNASdbaksjdnA:;kasbfalknsfla nsjfa.sdkkkkknmksdjfbaksdjnkfb,asnmdfl akndfmaknsd.mgasd jkgnñlasdnnkfakms.dnf anlsndfkajbkjaskdfn\nasdnkas,dnbmvBN;ASDBMASDNA SBASNJakjsdbaksjdn .as;ASN,DKASBDAKJsndNASdbaksjdnA:;kasbfalknsfla nsjfa.sdkkkkknmksdjfbaksdjnkfb,asnmdfl akndfmaknsd.mgasd jkgnñlasdnnkfakms.dnf anlsndfkajbkjaskdfn\nasdnkas,dnbmvBN;ASDBMASDNA SBASNJakjsdbaksjdn .as;ASN,DKASBDAKJsndNASdbaksjdnA:;kasbfalknsfla nsjfa.sdkkkkknmksdjfbaksdjnkfb,asnmdfl akndfmaknsd.mgasd jkgnñlasdnnkfakms.dnf anlsndfkajbkjaskdfn\nasdnkas,dnbmvBN;ASDBMASDNA SBASNJakjsdbaksjdn .as;ASN,DKASBDAKJsndNASdbaksjdnA:;kasbfalknsfla nsjfa.sdkkkkknmksdjfbaksdjnkfb,asnmdfl akndfmaknsd.mgasd jkgnñlasdnnkfakms.dnf anlsndfkajbkjaskdfn\nasdnkas,dnbmvBN;ASDBMASDNA SBASNJakjsdbaksjdn .as;ASN,DKASBDAKJsndNASdbaksjdnA:;kasbfalknsfla nsjfa.sdkkkkknmksdjfbaksdjnkfb,asnmdfl akndfmaknsd.mgasd jkgnñlasdnnkfakms.dnf anlsndfkajbkjaskdfn\nasdnkas,dnbmvBN;ASDBMASDNA SBASNJakjsdbaksjdn .as;ASN,DKASBDAKJsndNASdbaksjdnA:;kasbfalknsfla nsjfa.sdkkkkknmksdjfbaksdjnkfb,asnmdfl akndfmaknsd.mgasd jkgnñlasdnnkfakms.dnf anlsndfkajbkjaskdfn\nasdnkas,dnbmvBN;ASDBMASDNA SBASNJakjsdbaksjdn .as;ASN,DKASBDAKJsndNASdbaksjdnA:;kasbfalknsfla nsjfa.sdkkkkknmksdjfbaksdjnkfb,asnmdfl akndfmaknsd.mgasd jkgnñlasdnnkfakms.dnf anlsndfkajbkjaskdfn\nasdnkas,dnbmvBN;ASDBMASDNA SBASNJakjsdbaksjdn .as;ASN,DKASBDAKJsndNASdbaksjdnA:;kasbfalknsfla nsjfa.sdkkkkknmksdjfbaksdjnkfb,asnmdfl akndfmaknsd.mgasd jkgnñlasdnnkfakms.dnf anlsndfkajbkjaskdfn\nasdnkas,dnbmvBN;ASDBMASDNA SBASNJakjsdbaksjdn .as;ASN,DKASBDAKJsndNASdbaksjdnA:;kasbfalknsfla nsjfa.sdkkkkknmksdjfbaksdjnkfb,asnmdfl akndfmaknsd.mgasd jkgnñlasdnnkfakms.dnf anlsndfkajbkjaskdfn\nasdnkas,dnbmvBN;ASDBMASDNA SBASNJakjsdbaksjdn .as;ASN,DKASBDAKJsndNASdbaksjdnA:;kasbfalknsfla nsjfa.sdkkkkknmksdjfbaksdjnkfb,asnmdfl akndfmaknsd.mgasd jkgnñlasdnnkfakms.dnf anlsndfkajbkjaskdfn\nasdnkas,dnbmvBN;ASDBMASDNA SBASNJakjsdbaksjdn .as;ASN,DKASBDAKJsndNASdbaksjdnA:;kasbfalknsfla nsjfa.sdkkkkknmksdjfbaksdjnkfb,asnmdfl akndfmaknsd.mgasd jkgnñlasdnnkfakms.dnf anlsndfkajbkjaskdfn\nasdnkas,dnbmvBN;ASDBMASDNA SBASNJakjsdbaksjdn .as;ASN,DKASBDAKJsndNASdbaksjdnA:;kasbfalknsfla nsjfa.sdkkkkknmksdjfbaksdjnkfb,asnmdfl akndfmaknsd.mgasd jkgnñlasdnnkfakms.dnf anlsndfkajbkjaskdfn\nasdnkas,dnbmvBN;ASDBMASDNA SBASNJakjsdbaksjdn .as;ASN,DKASBDAKJsndNASdbaksjdnA:;kasbfalknsfla nsjfa.sdkkkkknmksdjfbaksdjnkfb,asnmdfl akndfmaknsd.mgasd jkgnñlasdnnkfakms.dnf anlsndfkajbkjaskdfn\nasdnkas,dnbmvBN;ASDBMASDNA SBASNJakjsdbaksjdn .as;ASN,DKASBDAKJsndNASdbaksjdnA:;kasbfalknsfla nsjfa.sdkkkkknmksdjfbaksdjnkfb,asnmdfl akndfmaknsd.mgasd jkgnñlasdnnkfakms.dnf anlsndfkajbkjaskdfn\nasdnkas,dnbmvBN;ASDBMASDNA SBASNJakjsdbaksjdn .as;ASN,DKASBDAKJsndNASdbaksjdnA:;kasbfalknsfla nsjfa.sdkkkkknmksdjfbaksdjnkfb,asnmdfl akndfmaknsd.mgasd jkgnñlasdnnkfakms.dnf anlsndfkajbkjaskdfn\nasdnkas,dnbmvBN;ASDBMASDNA SBASNJakjsdbaksjdn .as;ASN,DKASBDAKJsndNASdbaksjdnA:;kasbfalknsfla nsjfa.sdkkkkknmksdjfbaksdjnkfb,asnmdfl akndfmaknsd.mgasd jkgnñlasdnnkfakms.dnf anlsndfkajbkjaskdfn\nasdnkas,dnbmvBN;ASDBMASDNA SBASNJakjsdbaksjdn .as;ASN,DKASBDAKJsndNASdbaksjdnA:;kasbfalknsfla nsjfa.sdkkkkknmksdjfbaksdjnkfb,asnmdfl akndfmaknsd.mgasd jkgnñlasdnnkfakms.dnf anlsndfkajbkjaskdfn\nasdnkas,dnbmvBN;ASDBMASDNA SBASNJakjsdbaksjdn .as;ASN,DKASBDAKJsndNASdbaksjdnA:;kasbfalknsfla nsjfa.sdkkkkknmksdjfbaksdjnkfb,asnmdfl akndfmaknsd.mgasd jkgnñlasdnnkfakms.dnf anlsndfkajbkjaskdfn\nasdnkas,dnbmvBN;ASDBMASDNA SBASNJakjsdbaksjdn .as;ASN,DKASBDAKJsndNASdbaksjdnA:;kasbfalknsfla nsjfa.sdkkkkknmksdjfbaksdjnkfb,asnmdfl akndfmaknsd.mgasd jkgnñlasdnnkfakms.dnf anlsndfkajbkjaskdfn\nasdnkas,dnbmvBN;ASDBMASDNA SBASNJakjsdbaksjdn .as;ASN,DKASBDAKJsndNASdbaksjdnA:;kasbfalknsfla nsjfa.sdkkkkknmksdjfbaksdjnkfb,asnmdfl akndfmaknsd.mgasd jkgnñlasdnnkfakms.dnf anlsndfkajbkjaskdfn\nasdnkas,dnbmvBN;ASDBMASDNA SBASNJakjsdbaksjdn .as;ASN,DKASBDAKJsndNASdbaksjdnA:;kasbfalknsfla nsjfa.sdkkkkknmksdjfbaksdjnkfb,asnmdfl akndfmaknsd.mgasd jkgnñlasdnnkfakms.dnf anlsndfkajbkjaskdfn\nasdnkas,dnbmvBN;ASDBMASDNA SBASNJakjsdbaksjdn .as;ASN,DKASBDAKJsndNASdbaksjdnA:;kasbfalknsfla nsjfa.sdkkkkknmksdjfbaksdjnkfb,asnmdfl akndfmaknsd.mgasd jkgnñlasdnnkfakms.dnf anlsndfkajbkjaskdfn\nasdnkas,dnbmvBN;ASDBMASDNA SBASNJakjsdbaksjdn .as;ASN,DKASBDAKJsndNASdbaksjdnA:;kasbfalknsfla nsjfa.sdkkkkknmksdjfbaksdjnkfb,asnmdfl akndfmaknsd.mgasd jkgnñlasdnnkfakms.dnf anlsndfkajbkjaskdfn\nasdnkas,dnbmvBN;ASDBMASDNA SBASNJakjsdbaksjdn .as;ASN,DKASBDAKJsndNASdbaksjdnA:;kasbfalknsfla nsjfa.sdkkkkknmksdjfbaksdjnkfb,asnmdfl akndfmaknsd.mgasd jkgnñlasdnnkfakms.dnf anlsndfkajbkjaskdfn\nasdnkas,dnbmvBN;ASDBMASDNA SBASNJakjsdbaksjdn .as;ASN,DKASBDAKJsndNASdbaksjdnA:;kasbfalknsfla nsjfa.sdkkkkknmksdjfbaksdjnkfb,asnmdfl akndfmaknsd.mgasd jkgnñlasdnnkfakms.dnf anlsndfkajbkjaskdfn\nasdnkas,dnbmvBN;ASDBMASDNA SBASNJakjsdbaksjdn .as;ASN,DKASBDAKJsndNASdbaksjdnA:;kasbfalknsfla nsjfa.sdkkkkknmksdjfbaksdjnkfb,asnmdfl akndfmaknsd.mgasd jkgnñlasdnnkfakms.dnf anlsndfkajbkjaskdfn\nasdnkas,dnbmvBN;ASDBMASDNA SBASNJakjsdbaksjdn .as;ASN,DKASBDAKJsndNASdbaksjdnA:;kasbfalknsfla nsjfa.sdkkkkknmksdjfbaksdjnkfb,asnmdfl akndfmaknsd.mgasd jkgnñlasdnnkfakms.dnf anlsndfkajbkjaskdfn\nasdnkas,dnbmvBN;ASDBMASDNA SBASNJakjsdbaksjdn .as;ASN,DKASBDAKJsndNASdbaksjdnA:;kasbfalknsfla nsjfa.sdkkkkknmksdjfbaksdjnkfb,asnmdfl akndfmaknsd.mgasd jkgnñlasdnnkfakms.dnf anlsndfkajbkjaskdfn\nasdnkas,dnbmvBN;ASDBMASDNA SBASNJakjsdbaksjdn .as;ASN,DKASBDAKJsndNASdbaksjdnA:;kasbfalknsfla nsjfa.sdkkkkknmksdjfbaksdjnkfb,asnmdfl akndfmaknsd.mgasd jkgnñlasdnnkfakms.dnf anlsndfkajbkjaskdfn\nasdnkas,dnbmvBN;ASDBMASDNA SBASNJakjsdbaksjdn .as;ASN,DKASBDAKJsndNASdbaksjdnA:;kasbfalknsfla nsjfa.sdkkkkknmksdjfbaksdjnkfb,asnmdfl akndfmaknsd.mgasd jkgnñlasdnnkfakms.dnf anlsndfkajbkjaskdfn\nasdnkas,dnbmvBN;ASDBMASDNA SBASNJakjsdbaksjdn .as;ASN,DKASBDAKJsndNASdbaksjdnA:;kasbfalknsfla nsjfa.sdkkkkknmksdjfbaksdjnkfb,asnmdfl akndfmaknsd.mgasd jkgnñlasdnnkfakms.dnf anlsndfkajbkjaskdfn\nasdnkas,dnbmvBN;ASDBMASDNA SBASNJakjsdbaksjdn .as;ASN,DKASBDAKJsndNASdbaksjdnA:;kasbfalknsfla nsjfa.sdkkkkknmksdjfbaksdjnkfb,asnmdfl akndfmaknsd.mgasd jkgnñlasdnnkfakms.dnf anlsndfkajbkjaskdfn\nasdnkas,dnbmvBN;ASDBMASDNA SBASNJakjsdbaksjdn .as;ASN,DKASBDAKJsndNASdbaksjdnA:;kasbfalknsfla nsjfa.sdkkkkknmksdjfbaksdjnkfb,asnmdfl akndfmaknsd.mgasd jkgnñlasdnnkfakms.dnf anlsndfkajbkjaskdfn\nasdnkas,dnbmvBN;ASDBMASDNA SBASNJakjsdbaksjdn .as;ASN,DKASBDAKJsndNASdbaksjdnA:;kasbfalknsfla nsjfa.sdkkkkknmksdjfbaksdjnkfb,asnmdfl akndfmaknsd.mgasd jkgnñlasdnnkfakms.dnf anlsndfkajbkjaskdfn\nasdnkas,dnbmvBN;ASDBMASDNA SBASNJakjsdbaksjdn .as;ASN,DKASBDAKJsndNASdbaksjdnA:;kasbfalknsfla nsjfa.sdkkkkknmksdjfbaksdjnkfb,asnmdfl akndfmaknsd.mgasd jkgnñlasdnnkfakms.dnf anlsndfkajbkjaskdfn\nasdnkas,dnbmvBN;ASDBMASDNA SBASNJakjsdbaksjdn .as;ASN,DKASBDAKJsndNASdbaksjdnA:;kasbfalknsfla nsjfa.sdkkkkknmksdjfbaksdjnkfb,asnmdfl akndfmaknsd.mgasd jkgnñlasdnnkfakms.dnf anlsndfkajbkjaskdfn\nasdnkas,dnbmvBN;ASDBMASDNA SBASNJakjsdbaksjdn .as;ASN,DKASBDAKJsndNASdbaksjdnA:;kasbfalknsfla nsjfa.sdkkkkknmksdjfbaksdjnkfb,asnmdfl akndfmaknsd.mgasd jkgnñlasdnnkfakms.dnf anlsndfkajbkjaskdfn\nasdnkas,dnbmvBN;ASDBMASDNA SBASNJakjsdbaksjdn .as;ASN,DKASBDAKJsndNASdbaksjdnA:;kasbfalknsfla nsjfa.sdkkkkknmksdjfbaksdjnkfb,asnmdfl akndfmaknsd.mgasd jkgnñlasdnnkfakms.dnf anlsndfkajbkjaskdfn\nasdnkas,dnbmvBN;ASDBMASDNA SBASNJakjsdbaksjdn .as;ASN,DKASBDAKJsndNASdbaksjdnA:;kasbfalknsfla nsjfa.sdkkkkknmksdjfbaksdjnkfb,asnmdfl akndfmaknsd.mgasd jkgnñlasdnnkfakms.dnf anlsndfkajbkjaskdfn\nasdnkas,dnbmvBN;ASDBMASDNA SBASNJakjsdbaksjdn .as;ASN,DKASBDAKJsndNASdbaksjdnA:;kasbfalknsfla nsjfa.sdkkkkknmksdjfbaksdjnkfb,asnmdfl akndfmaknsd.mgasd jkgnñlasdnnkfakms.dnf anlsndfkajbkjaskdfn\nasdnkas,dnbmvBN;ASDBMASDNA SBASNJakjsdbaksjdn .as;ASN,DKASBDAKJsndNASdbaksjdnA:;kasbfalknsfla nsjfa.sdkkkkknmksdjfbaksdjnkfb,asnmdfl akndfmaknsd.mgasd jkgnñlasdnnkfakms.dnf anlsndfkajbkjaskdfn\nasdnkas,dnbmvBN;ASDBMASDNA SBASNJakjsdbaksjdn .as;ASN,DKASBDAKJsndNASdbaksjdnA:;kasbfalknsfla nsjfa.sdkkkkknmksdjfbaksdjnkfb,asnmdfl akndfmaknsd.mgasd jkgnñlasdnnkfakms.dnf anlsndfkajbkjaskdfn\nasdnkas,dnbmvBN;ASDBMASDNA SBASNJakjsdbaksjdn .as;ASN,DKASBDAKJsndNASdbaksjdnA:;kasbfalknsfla nsjfa.sdkkkkknmksdjfbaksdjnkfb,asnmdfl akndfmaknsd.mgasd jkgnñlasdnnkfakms.dnf anlsndfkajbkjaskdfn\nasdnkas,dnbmvBN;ASDBMASDNA SBASNJakjsdbaksjdn .as;ASN,DKASBDAKJsndNASdbaksjdnA:;kasbfalknsfla nsjfa.sdkkkkknmksdjfbaksdjnkfb,asnmdfl akndfmaknsd.mgasd jkgnñlasdnnkfakms.dnf anlsndfkajbkjaskdfn\nasdnkas,dnbmvBN;ASDBMASDNA SBASNJakjsdbaksjdn .as;ASN,DKASBDAKJsndNASdbaksjdnA:;kasbfalknsfla nsjfa.sdkkkkknmksdjfbaksdjnkfb,asnmdfl akndfmaknsd.mgasd jkgnñlasdnnkfakms.dnf anlsndfkajbkjaskdfn\nasdnkas,dnbmvBN;ASDBMASDNA SBASNJakjsdbaksjdn .as;ASN,DKASBDAKJsndNASdbaksjdnA:;kasbfalknsfla nsjfa.sdkkkkknmksdjfbaksdjnkfb,asnmdfl akndfmaknsd.mgasd jkgnñlasdnnkfakms.dnf anlsndfkajbkjaskdfn\nasdnkas,dnbmvBN;ASDBMASDNA SBASNJakjsdbaksjdn .as;ASN,DKASBDAKJsndNASdbaksjdnA:;kasbfalknsfla nsjfa.sdkkkkknmksdjfbaksdjnkfb,asnmdfl akndfmaknsd.mgasd jkgnñlasdnnkfakms.dnf anlsndfkajbkjaskdfn\nasdnkas,dnbmvBN;ASDBMASDNA SBASNJakjsdbaksjdn .as;ASN,DKASBDAKJsndNASdbaksjdnA:;kasbfalknsfla nsjfa.sdkkkkknmksdjfbaksdjnkfb,asnmdfl akndfmaknsd.mgasd jkgnñlasdnnkfakms.dnf anlsndfkajbkjaskdfn\nasdnkas,dnbmvBN;ASDBMASDNA SBASNJakjsdbaksjdn .as;ASN,DKASBDAKJsndNASdbaksjdnA:;kasbfalknsfla nsjfa.sdkkkkknmksdjfbaksdjnkfb,asnmdfl akndfmaknsd.mgasd jkgnñlasdnnkfakms.dnf anlsndfkajbkjaskdfn\nasdnkas,dnbmvBN;ASDBMASDNA SBASNJakjsdbaksjdn .as;ASN,DKASBDAKJsndNASdbaksjdnA:;kasbfalknsfla nsjfa.sdkkkkknmksdjfbaksdjnkfb,asnmdfl akndfmaknsd.mgasd jkgnñlasdnnkfakms.dnf anlsndfkajbkjaskdfn\nasdnkas,dnbmvBN;ASDBMASDNA SBASNJakjsdbaksjdn .as;ASN,DKASBDAKJsndNASdbaksjdnA:;kasbfalknsfla nsjfa.sdkkkkknmksdjfbaksdjnkfb,asnmdfl akndfmaknsd.mgasd jkgnñlasdnnkfakms.dnf anlsndfkajbkjaskdfn\nasdnkas,dnbmvBN;ASDBMASDNA SBASNJakjsdbaksjdn .as;ASN,DKASBDAKJsndNASdbaksjdnA:;kasbfalknsfla nsjfa.sdkkkkknmksdjfbaksdjnkfb,asnmdfl akndfmaknsd.mgasd jkgnñlasdnnkfakms.dnf anlsndfkajbkjaskdfn\nasdnkas,dnbmvBN;ASDBMASDNA SBASNJakjsdbaksjdn .as;ASN,DKASBDAKJsndNASdbaksjdnA:;kasbfalknsfla nsjfa.sdkkkkknmksdjfbaksdjnkfb,asnmdfl akndfmaknsd.mgasd jkgnñlasdnnkfakms.dnf anlsndfkajbkjaskdfn\nasdnkas,dnbmvBN;ASDBMASDNA SBASNJakjsdbaksjdn .as;ASN,DKASBDAKJsndNASdbaksjdnA:;kasbfalknsfla nsjfa.sdkkkkknmksdjfbaksdjnkfb,asnmdfl akndfmaknsd.mgasd jkgnñlasdnnkfakms.dnf anlsndfkajbkjaskdfn\nasdnkas,dnbmvBN;ASDBMASDNA SBASNJakjsdbaksjdn .as;ASN,DKASBDAKJsndNASdbaksjdnA:;kasbfalknsfla nsjfa.sdkkkkknmksdjfbaksdjnkfb,asnmdfl akndfmaknsd.mgasd jkgnñlasdnnkfakms.dnf anlsndfkajbkjaskdfn\nasdnkas,dnbmvBN;ASDBMASDNA SBASNJakjsdbaksjdn .as;ASN,DKASBDAKJsndNASdbaksjdnA:;kasbfalknsfla nsjfa.sdkkkkknmksdjfbaksdjnkfb,asnmdfl akndfmaknsd.mgasd jkgnñlasdnnkfakms.dnf anlsndfkajbkjaskdfn\nasdnkas,dnbmvBN;ASDBMASDNA SBASNJakjsdbaksjdn .as;ASN,DKASBDAKJsndNASdbaksjdnA:;kasbfalknsfla nsjfa.sdkkkkknmksdjfbaksdjnkfb,asnmdfl akndfmaknsd.mgasd jkgnñlasdnnkfakms.dnf anlsndfkajbkjaskdfn\nasdnkas,dnbmvBN;ASDBMASDNA SBASNJakjsdbaksjdn .as;ASN,DKASBDAKJsndNASdbaksjdnA:;kasbfalknsfla nsjfa.sdkkkkknmksdjfbaksdjnkfb,asnmdfl akndfmaknsd.mgasd jkgnñlasdnnkfakms.dnf anlsndfkajbkjaskdfn\nasdnkas,dnbmvBN;ASDBMASDNA SBASNJakjsdbaksjdn .as;ASN,DKASBDAKJsndNASdbaksjdnA:;kasbfalknsfla nsjfa.sdkkkkknmksdjfbaksdjnkfb,asnmdfl akndfmaknsd.mgasd jkgnñlasdnnkfakms.dnf anlsndfkajbkjaskdfn\nasdnkas,dnbmvBN;ASDBMASDNA SBASNJakjsdbaksjdn .as;ASN,DKASBDAKJsndNASdbaksjdnA:;kasbfalknsfla nsjfa.sdkkkkknmksdjfbaksdjnkfb,asnmdfl akndfmaknsd.mgasd jkgnñlasdnnkfakms.dnf anlsndfkajbkjaskdfn\nasdnkas,dnbmvBN;ASDBMASDNA SBASNJakjsdbaksjdn .as;ASN,DKASBDAKJsndNASdbaksjdnA:;kasbfalknsfla nsjfa.sdkkkkknmksdjfbaksdjnkfb,asnmdfl akndfmaknsd.mgasd jkgnñlasdnnkfakms.dnf anlsndfkajbkjaskdfn\nasdnkas,dnbmvBN;ASDBMASDNA SBASNJakjsdbaksjdn .as;ASN,DKASBDAKJsndNASdbaksjdnA:;kasbfalknsfla nsjfa.sdkkkkknmksdjfbaksdjnkfb,asnmdfl akndfmaknsd.mgasd jkgnñlasdnnkfakms.dnf anlsndfkajbkjaskdfn\nasdnkas,dnbmvBN;ASDBMASDNA SBASNJakjsdbaksjdn .as;ASN,DKASBDAKJsndNASdbaksjdnA:;kasbfalknsfla nsjfa.sdkkkkknmksdjfbaksdjnkfb,asnmdfl akndfmaknsd.mgasd jkgnñlasdnnkfakms.dnf anlsndfkajbkjaskdfn\nasdnkas,dnbmvBN;ASDBMASDNA SBASNJakjsdbaksjdn .as;ASN,DKASBDAKJsndNASdbaksjdnA:;kasbfalknsfla nsjfa.sdkkkkknmksdjfbaksdjnkfb,asnmdfl akndfmaknsd.mgasd jkgnñlasdnnkfakms.dnf anlsndfkajbkjaskdfn\nasdnkas,dnbmvBN;ASDBMASDNA SBASNJakjsdbaksjdn .as;ASN,DKASBDAKJsndNASdbaksjdnA:;kasbfalknsfla nsjfa.sdkkkkknmksdjfbaksdjnkfb,asnmdfl akndfmaknsd.mgasd jkgnñlasdnnkfakms.dnf anlsndfkajbkjaskdfn\nasdnkas,dnbmvBN;ASDBMASDNA SBASNJakjsdbaksjdn .as;ASN,DKASBDAKJsndNASdbaksjdnA:;kasbfalknsfla nsjfa.sdkkkkknmksdjfbaksdjnkfb,asnmdfl akndfmaknsd.mgasd jkgnñlasdnnkfakms.dnf anlsndfkajbkjaskdfn\nasdnkas,dnbmvBN;ASDBMASDNA SBASNJakjsdbaksjdn .as;ASN,DKASBDAKJsndNASdbaksjdnA:;kasbfalknsfla nsjfa.sdkkkkknmksdjfbaksdjnkfb,asnmdfl akndfmaknsd.mgasd jkgnñlasdnnkfakms.dnf anlsndfkajbkjaskdfn\nasdnkas,dnbmvBN;ASDBMASDNA SBASNJakjsdbaksjdn .as;ASN,DKASBDAKJsndNASdbaksjdnA:;kasbfalknsfla nsjfa.sdkkkkknmksdjfbaksdjnkfb,asnmdfl akndfmaknsd.mgasd jkgnñlasdnnkfakms.dnf anlsndfkajbkjaskdfn\nasdnkas,dnbmvBN;ASDBMASDNA SBASNJakjsdbaksjdn .as;ASN,DKASBDAKJsndNASdbaksjdnA:;kasbfalknsfla nsjfa.sdkkkkknmksdjfbaksdjnkfb,asnmdfl akndfmaknsd.mgasd jkgnñlasdnnkfakms.dnf anlsndfkajbkjaskdfn\nasdnkas,dnbmvBN;ASDBMASDNA SBASNJakjsdbaksjdn .as;ASN,DKASBDAKJsndNASdbaksjdnA:;kasbfalknsfla nsjfa.sdkkkkknmksdjfbaksdjnkfb,asnmdfl akndfmaknsd.mgasd jkgnñlasdnnkfakms.dnf anlsndfkajbkjaskdfn\nasdnkas,dnbmvBN;ASDBMASDNA SBASNJakjsdbaksjdn .as;ASN,DKASBDAKJsndNASdbaksjdnA:;kasbfalknsfla nsjfa.sdkkkkknmksdjfbaksdjnkfb,asnmdfl akndfmaknsd.mgasd jkgnñlasdnnkfakms.dnf anlsndfkajbkjaskdfn\nasdnkas,dnbmvBN;ASDBMASDNA SBASNJakjsdbaksjdn .as;ASN,DKASBDAKJsndNASdbaksjdnA:;kasbfalknsfla nsjfa.sdkkkkknmksdjfbaksdjnkfb,asnmdfl akndfmaknsd.mgasd jkgnñlasdnnkfakms.dnf anlsndfkajbkjaskdfn\nasdnkas,dnbmvBN;ASDBMASDNA SBASNJakjsdbaksjdn .as;ASN,DKASBDAKJsndNASdbaksjdnA:;kasbfalknsfla nsjfa.sdkkkkknmksdjfbaksdjnkfb,asnmdfl akndfmaknsd.mgasd jkgnñlasdnnkfakms.dnf anlsndfkajbkjaskdfn\nasdnkas,dnbmvBN;ASDBMASDNA SBASNJakjsdbaksjdn .as;ASN,DKASBDAKJsndNASdbaksjdnA:;kasbfalknsfla nsjfa.sdkkkkknmksdjfbaksdjnkfb,asnmdfl akndfmaknsd.mgasd jkgnñlasdnnkfakms.dnf anlsndfkajbkjaskdfn\nasdnkas,dnbmvBN;ASDBMASDNA SBASNJakjsdbaksjdn .as;ASN,DKASBDAKJsndNASdbaksjdnA:;kasbfalknsfla nsjfa.sdkkkkknmksdjfbaksdjnkfb,asnmdfl akndfmaknsd.mgasd jkgnñlasdnnkfakms.dnf anlsndfkajbkjaskdfn\nasdnkas,dnbmvBN;ASDBMASDNA SBASNJakjsdbaksjdn .as;ASN,DKASBDAKJsndNASdbaksjdnA:;kasbfalknsfla nsjfa.sdkkkkknmksdjfbaksdjnkfb,asnmdfl akndfmaknsd.mgasd jkgnñlasdnnkfakms.dnf anlsndfkajbkjaskdfn\nasdnkas,dnbmvBN;ASDBMASDNA SBASNJakjsdbaksjdn .as;ASN,DKASBDAKJsndNASdbaksjdnA:;kasbfalknsfla nsjfa.sdkkkkknmksdjfbaksdjnkfb,asnmdfl akndfmaknsd.mgasd jkgnñlasdnnkfakms.dnf anlsndfkajbkjaskdfn\nasdnkas,dnbmvBN;ASDBMASDNA SBASNJakjsdbaksjdn .as;ASN,DKASBDAKJsndNASdbaksjdnA:;kasbfalknsfla nsjfa.sdkkkkknmksdjfbaksdjnkfb,asnmdfl akndfmaknsd.mgasd jkgnñlasdnnkfakms.dnf anlsndfkajbkjaskdfn\nasdnkas,dnbmvBN;ASDBMASDNA SBASNJakjsdbaksjdn .as;ASN,DKASBDAKJsndNASdbaksjdnA:;kasbfalknsfla nsjfa.sdkkkkknmksdjfbaksdjnkfb,asnmdfl akndfmaknsd.mgasd jkgnñlasdnnkfakms.dnf anlsndfkajbkjaskdfn\nasdnkas,dnbmvBN;ASDBMASDNA SBASNJakjsdbaksjdn .as;ASN,DKASBDAKJsndNASdbaksjdnA:;kasbfalknsfla nsjfa.sdkkkkknmksdjfbaksdjnkfb,asnmdfl akndfmaknsd.mgasd jkgnñlasdnnkfakms.dnf anlsndfkajbkjaskdfn\nasdnkas,dnbmvBN;ASDBMASDNA SBASNJakjsdbaksjdn .as;ASN,DKASBDAKJsndNASdbaksjdnA:;kasbfalknsfla nsjfa.sdkkkkknmksdjfbaksdjnkfb,asnmdfl akndfmaknsd.mgasd jkgnñlasdnnkfakms.dnf anlsndfkajbkjaskdfn\nasdnkas,dnbmvBN;ASDBMASDNA SBASNJakjsdbaksjdn .as;ASN,DKASBDAKJsndNASdbaksjdnA:;kasbfalknsfla nsjfa.sdkkkkknmksdjfbaksdjnkfb,asnmdfl akndfmaknsd.mgasd jkgnñlasdnnkfakms.dnf anlsndfkajbkjaskdfn\nasdnkas,dnbmvBN;ASDBMASDNA SBASNJakjsdbaksjdn .as;ASN,DKASBDAKJsndNASdbaksjdnA:;kasbfalknsfla nsjfa.sdkkkkknmksdjfbaksdjnkfb,asnmdfl akndfmaknsd.mgasd jkgnñlasdnnkfakms.dnf anlsndfkajbkjaskdfn\nasdnkas,dnbmvBN;ASDBMASDNA SBASNJakjsdbaksjdn .as;ASN,DKASBDAKJsndNASdbaksjdnA:;kasbfalknsfla nsjfa.sdkkkkknmksdjfbaksdjnkfb,asnmdfl akndfmaknsd.mgasd jkgnñlasdnnkfakms.dnf anlsndfkajbkjaskdfn\nasdnkas,dnbmvBN;ASDBMASDNA SBASNJakjsdbaksjdn .as;ASN,DKASBDAKJsndNASdbaksjdnA:;kasbfalknsfla nsjfa.sdkkkkknmksdjfbaksdjnkfb,asnmdfl akndfmaknsd.mgasd jkgnñlasdnnkfakms.dnf anlsndfkajbkjaskdfn\nasdnkas,dnbmvBN;ASDBMASDNA SBASNJakjsdbaksjdn .as;ASN,DKASBDAKJsndNASdbaksjdnA:;kasbfalknsfla nsjfa.sdkkkkknmksdjfbaksdjnkfb,asnmdfl akndfmaknsd.mgasd jkgnñlasdnnkfakms.dnf anlsndfkajbkjaskdfn\nasdnkas,dnbmvBN;ASDBMASDNA SBASNJakjsdbaksjdn .as;ASN,DKASBDAKJsndNASdbaksjdnA:;kasbfalknsfla nsjfa.sdkkkkknmksdjfbaksdjnkfb,asnmdfl akndfmaknsd.mgasd jkgnñlasdnnkfakms.dnf anlsndfkajbkjaskdfn\nasdnkas,dnbmvBN;ASDBMASDNA SBASNJakjsdbaksjdn .as;ASN,DKASBDAKJsndNASdbaksjdnA:;kasbfalknsfla nsjfa.sdkkkkknmksdjfbaksdjnkfb,asnmdfl akndfmaknsd.mgasd jkgnñlasdnnkfakms.dnf anlsndfkajbkjaskdfn\nasdnkas,dnbmvBN;ASDBMASDNA SBASNJakjsdbaksjdn .as;ASN,DKASBDAKJsndNASdbaksjdnA:;kasbfalknsfla nsjfa.sdkkkkknmksdjfbaksdjnkfb,asnmdfl akndfmaknsd.mgasd jkgnñlasdnnkfakms.dnf anlsndfkajbkjaskdfn\nasdnkas,dnbmvBN;ASDBMASDNA SBASNJakjsdbaksjdn .as;ASN,DKASBDAKJsndNASdbaksjdnA:;kasbfalknsfla nsjfa.sdkkkkknmksdjfbaksdjnkfb,asnmdfl akndfmaknsd.mgasd jkgnñlasdnnkfakms.dnf anlsndfkajbkjaskdfn\nasdnkas,dnbmvBN;ASDBMASDNA SBASNJakjsdbaksjdn .as;ASN,DKASBDAKJsndNASdbaksjdnA:;kasbfalknsfla nsjfa.sdkkkkknmksdjfbaksdjnkfb,asnmdfl akndfmaknsd.mgasd jkgnñlasdnnkfakms.dnf anlsndfkajbkjaskdfn\nasdnkas,dnbmvBN;ASDBMASDNA SBASNJakjsdbaksjdn .as;ASN,DKASBDAKJsndNASdbaksjdnA:;kasbfalknsfla nsjfa.sdkkkkknmksdjfbaksdjnkfb,asnmdfl akndfmaknsd.mgasd jkgnñlasdnnkfakms.dnf anlsndfkajbkjaskdfn\nasdnkas,dnbmvBN;ASDBMASDNA SBASNJakjsdbaksjdn .as;ASN,DKASBDAKJsndNASdbaksjdnA:;kasbfalknsfla nsjfa.sdkkkkknmksdjfbaksdjnkfb,asnmdfl akndfmaknsd.mgasd jkgnñlasdnnkfakms.dnf anlsndfkajbkjaskdfn\nasdnkas,dnbmvBN;ASDBMASDNA SBASNJakjsdbaksjdn .as;ASN,DKASBDAKJsndNASdbaksjdnA:;kasbfalknsfla nsjfa.sdkkkkknmksdjfbaksdjnkfb,asnmdfl akndfmaknsd.mgasd jkgnñlasdnnkfakms.dnf anlsndfkajbkjaskdfn\nasdnkas,dnbmvBN;ASDBMASDNA SBASNJakjsdbaksjdn .as;ASN,DKASBDAKJsndNASdbaksjdnA:;kasbfalknsfla nsjfa.sdkkkkknmksdjfbaksdjnkfb,asnmdfl akndfmaknsd.mgasd jkgnñlasdnnkfakms.dnf anlsndfkajbkjaskdfn\nasdnkas,dnbmvBN;ASDBMASDNA SBASNJakjsdbaksjdn .as;ASN,DKASBDAKJsndNASdbaksjdnA:;kasbfalknsfla nsjfa.sdkkkkknmksdjfbaksdjnkfb,asnmdfl akndfmaknsd.mgasd jkgnñlasdnnkfakms.dnf anlsndfkajbkjaskdfn\nasdnkas,dnbmvBN;ASDBMASDNA SBASNJakjsdbaksjdn .as;ASN,DKASBDAKJsndNASdbaksjdnA:;kasbfalknsfla nsjfa.sdkkkkknmksdjfbaksdjnkfb,asnmdfl akndfmaknsd.mgasd jkgnñlasdnnkfakms.dnf anlsndfkajbkjaskdfn\nasdnkas,dnbmvBN;ASDBMASDNA SBASNJakjsdbaksjdn .as;ASN,DKASBDAKJsndNASdbaksjdnA:;kasbfalknsfla nsjfa.sdkkkkknmksdjfbaksdjnkfb,asnmdfl akndfmaknsd.mgasd jkgnñlasdnnkfakms.dnf anlsndfkajbkjaskdfn\nasdnkas,dnbmvBN;ASDBMASDNA SBASNJakjsdbaksjdn .as;ASN,DKASBDAKJsndNASdbaksjdnA:;kasbfalknsfla nsjfa.sdkkkkknmksdjfbaksdjnkfb,asnmdfl akndfmaknsd.mgasd jkgnñlasdnnkfakms.dnf anlsndfkajbkjaskdfn\nasdnkas,dnbmvBN;ASDBMASDNA SBASNJakjsdbaksjdn .as;ASN,DKASBDAKJsndNASdbaksjdnA:;kasbfalknsfla nsjfa.sdkkkkknmksdjfbaksdjnkfb,asnmdfl akndfmaknsd.mgasd jkgnñlasdnnkfakms.dnf anlsndfkajbkjaskdfn\nasdnkas,dnbmvBN;ASDBMASDNA SBASNJakjsdbaksjdn .as;ASN,DKASBDAKJsndNASdbaksjdnA:;kasbfalknsfla nsjfa.sdkkkkknmksdjfbaksdjnkfb,asnmdfl akndfmaknsd.mgasd jkgnñlasdnnkfakms.dnf anlsndfkajbkjaskdfn\nasdnkas,dnbmvBN;ASDBMASDNA SBASNJakjsdbaksjdn .as;ASN,DKASBDAKJsndNASdbaksjdnA:;kasbfalknsfla nsjfa.sdkkkkknmksdjfbaksdjnkfb,asnmdfl akndfmaknsd.mgasd jkgnñlasdnnkfakms.dnf anlsndfkajbkjaskdfn\nasdnkas,dnbmvBN;ASDBMASDNA SBASNJakjsdbaksjdn .as;ASN,DKASBDAKJsndNASdbaksjdnA:;kasbfalknsfla nsjfa.sdkkkkknmksdjfbaksdjnkfb,asnmdfl akndfmaknsd.mgasd jkgnñlasdnnkfakms.dnf anlsndfkajbkjaskdfn\nasdnkas,dnbmvBN;ASDBMASDNA SBASNJakjsdbaksjdn .as;ASN,DKASBDAKJsndNASdbaksjdnA:;kasbfalknsfla nsjfa.sdkkkkknmksdjfbaksdjnkfb,asnmdfl akndfmaknsd.mgasd jkgnñlasdnnkfakms.dnf anlsndfkajbkjaskdfn\nasdnkas,dnbmvBN;ASDBMASDNA SBASNJakjsdbaksjdn .as;ASN,DKASBDAKJsndNASdbaksjdnA:;kasbfalknsfla nsjfa.sdkkkkknmksdjfbaksdjnkfb,asnmdfl akndfmaknsd.mgasd jkgnñlasdnnkfakms.dnf anlsndfkajbkjaskdfn\nasdnkas,dnbmvBN;ASDBMASDNA SBASNJakjsdbaksjdn .as;ASN,DKASBDAKJsndNASdbaksjdnA:;kasbfalknsfla nsjfa.sdkkkkknmksdjfbaksdjnkfb,asnmdfl akndfmaknsd.mgasd jkgnñlasdnnkfakms.dnf anlsndfkajbkjaskdfn\nasdnkas,dnbmvBN;ASDBMASDNA SBASNJakjsdbaksjdn .as;ASN,DKASBDAKJsndNASdbaksjdnA:;kasbfalknsfla nsjfa.sdkkkkknmksdjfbaksdjnkfb,asnmdfl akndfmaknsd.mgasd jkgnñlasdnnkfakms.dnf anlsndfkajbkjaskdfn\nasdnkas,dnbmvBN;ASDBMASDNA SBASNJakjsdbaksjdn .as;ASN,DKASBDAKJsndNASdbaksjdnA:;kasbfalknsfla nsjfa.sdkkkkknmksdjfbaksdjnkfb,asnmdfl akndfmaknsd.mgasd jkgnñlasdnnkfakms.dnf anlsndfkajbkjaskdfn\nasdnkas,dnbmvBN;ASDBMASDNA SBASNJakjsdbaksjdn .as;ASN,DKASBDAKJsndNASdbaksjdnA:;kasbfalknsfla nsjfa.sdkkkkknmksdjfbaksdjnkfb,asnmdfl akndfmaknsd.mgasd jkgnñlasdnnkfakms.dnf anlsndfkajbkjaskdfn\nasdnkas,dnbmvBN;ASDBMASDNA SBASNJakjsdbaksjdn .as;ASN,DKASBDAKJsndNASdbaksjdnA:;kasbfalknsfla nsjfa.sdkkkkknmksdjfbaksdjnkfb,asnmdfl akndfmaknsd.mgasd jkgnñlasdnnkfakms.dnf anlsndfkajbkjaskdfn\nasdnkas,dnbmvBN;ASDBMASDNA SBASNJakjsdbaksjdn .as;ASN,DKASBDAKJsndNASdbaksjdnA:;kasbfalknsfla nsjfa.sdkkkkknmksdjfbaksdjnkfb,asnmdfl akndfmaknsd.mgasd jkgnñlasdnnkfakms.dnf anlsndfkajbkjaskdfn\nasdnkas,dnbmvBN;ASDBMASDNA SBASNJakjsdbaksjdn .as;ASN,DKASBDAKJsndNASdbaksjdnA:;kasbfalknsfla nsjfa.sdkkkkknmksdjfbaksdjnkfb,asnmdfl akndfmaknsd.mgasd jkgnñlasdnnkfakms.dnf anlsndfkajbkjaskdfn\nasdnkas,dnbmvBN;ASDBMASDNA SBASNJakjsdbaksjdn .as;ASN,DKASBDAKJsndNASdbaksjdnA:;kasbfalknsfla nsjfa.sdkkkkknmksdjfbaksdjnkfb,asnmdfl akndfmaknsd.mgasd jkgnñlasdnnkfakms.dnf anlsndfkajbkjaskdfn\nasdnkas,dnbmvBN;ASDBMASDNA SBASNJakjsdbaksjdn .as;ASN,DKASBDAKJsndNASdbaksjdnA:;kasbfalknsfla nsjfa.sdkkkkknmksdjfbaksdjnkfb,asnmdfl akndfmaknsd.mgasd jkgnñlasdnnkfakms.dnf anlsndfkajbkjaskdfn\nasdnkas,dnbmvBN;ASDBMASDNA SBASNJakjsdbaksjdn .as;ASN,DKASBDAKJsndNASdbaksjdnA:;kasbfalknsfla nsjfa.sdkkkkknmksdjfbaksdjnkfb,asnmdfl akndfmaknsd.mgasd jkgnñlasdnnkfakms.dnf anlsndfkajbkjaskdfn\nasdnkas,dnbmvBN;ASDBMASDNA SBASNJakjsdbaksjdn .as;ASN,DKASBDAKJsndNASdbaksjdnA:;kasbfalknsfla nsjfa.sdkkkkknmksdjfbaksdjnkfb,asnmdfl akndfmaknsd.mgasd jkgnñlasdnnkfakms.dnf anlsndfkajbkjaskdfn\nasdnkas,dnbmvBN;ASDBMASDNA SBASNJakjsdbaksjdn .as;ASN,DKASBDAKJsndNASdbaksjdnA:;kasbfalknsfla nsjfa.sdkkkkknmksdjfbaksdjnkfb,asnmdfl akndfmaknsd.mgasd jkgnñlasdnnkfakms.dnf anlsndfkajbkjaskdfn\nasdnkas,dnbmvBN;ASDBMASDNA SBASNJakjsdbaksjdn .as;ASN,DKASBDAKJsndNASdbaksjdnA:;kasbfalknsfla nsjfa.sdkkkkknmksdjfbaksdjnkfb,asnmdfl akndfmaknsd.mgasd jkgnñlasdnnkfakms.dnf anlsndfkajbkjaskdfn\nasdnkas,dnbmvBN;ASDBMASDNA SBASNJakjsdbaksjdn .as;ASN,DKASBDAKJsndNASdbaksjdnA:;kasbfalknsfla nsjfa.sdkkkkknmksdjfbaksdjnkfb,asnmdfl akndfmaknsd.mgasd jkgnñlasdnnkfakms.dnf anlsndfkajbkjaskdfn\nasdnkas,dnbmvBN;ASDBMASDNA SBASNJakjsdbaksjdn .as;ASN,DKASBDAKJsndNASdbaksjdnA:;kasbfalknsfla nsjfa.sdkkkkknmksdjfbaksdjnkfb,asnmdfl akndfmaknsd.mgasd jkgnñlasdnnkfakms.dnf anlsndfkajbkjaskdfn\nasdnkas,dnbmvBN;ASDBMASDNA SBASNJakjsdbaksjdn .as;ASN,DKASBDAKJsndNASdbaksjdnA:;kasbfalknsfla nsjfa.sdkkkkknmksdjfbaksdjnkfb,asnmdfl akndfmaknsd.mgasd jkgnñlasdnnkfakms.dnf anlsndfkajbkjaskdfn\nasdnkas,dnbmvBN;ASDBMASDNA SBASNJakjsdbaksjdn .as;ASN,DKASBDAKJsndNASdbaksjdnA:;kasbfalknsfla nsjfa.sdkkkkknmksdjfbaksdjnkfb,asnmdfl akndfmaknsd.mgasd jkgnñlasdnnkfakms.dnf anlsndfkajbkjaskdfn\nasdnkas,dnbmvBN;ASDBMASDNA SBASNJakjsdbaksjdn .as;ASN,DKASBDAKJsndNASdbaksjdnA:;kasbfalknsfla nsjfa.sdkkkkknmksdjfbaksdjnkfb,asnmdfl akndfmaknsd.mgasd jkgnñlasdnnkfakms.dnf anlsndfkajbkjaskdfn\nasdnkas,dnbmvBN;ASDBMASDNA SBASNJakjsdbaksjdn .as;ASN,DKASBDAKJsndNASdbaksjdnA:;kasbfalknsfla nsjfa.sdkkkkknmksdjfbaksdjnkfb,asnmdfl akndfmaknsd.mgasd jkgnñlasdnnkfakms.dnf anlsndfkajbkjaskdfn\nasdnkas,dnbmvBN;ASDBMASDNA SBASNJakjsdbaksjdn .as;ASN,DKASBDAKJsndNASdbaksjdnA:;kasbfalknsfla nsjfa.sdkkkkknmksdjfbaksdjnkfb,asnmdfl akndfmaknsd.mgasd jkgnñlasdnnkfakms.dnf anlsndfkajbkjaskdfn\nasdnkas,dnbmvBN;ASDBMASDNA SBASNJakjsdbaksjdn .as;ASN,DKASBDAKJsndNASdbaksjdnA:;kasbfalknsfla nsjfa.sdkkkkknmksdjfbaksdjnkfb,asnmdfl akndfmaknsd.mgasd jkgnñlasdnnkfakms.dnf anlsndfkajbkjaskdfn\nasdnkas,dnbmvBN;ASDBMASDNA SBASNJakjsdbaksjdn .as;ASN,DKASBDAKJsndNASdbaksjdnA:;kasbfalknsfla nsjfa.sdkkkkknmksdjfbaksdjnkfb,asnmdfl akndfmaknsd.mgasd jkgnñlasdnnkfakms.dnf anlsndfkajbkjaskdfn\nasdnkas,dnbmvBN;ASDBMASDNA SBASNJakjsdbaksjdn .as;ASN,DKASBDAKJsndNASdbaksjdnA:;kasbfalknsfla nsjfa.sdkkkkknmksdjfbaksdjnkfb,asnmdfl akndfmaknsd.mgasd jkgnñlasdnnkfakms.dnf anlsndfkajbkjaskdfn\nasdnkas,dnbmvBN;ASDBMASDNA SBASNJakjsdbaksjdn .as;ASN,DKASBDAKJsndNASdbaksjdnA:;kasbfalknsfla nsjfa.sdkkkkknmksdjfbaksdjnkfb,asnmdfl akndfmaknsd.mgasd jkgnñlasdnnkfakms.dnf anlsndfkajbkjaskdfn\nasdnkas,dnbmvBN;ASDBMASDNA SBASNJakjsdbaksjdn .as;ASN,DKASBDAKJsndNASdbaksjdnA:;kasbfalknsfla nsjfa.sdkkkkknmksdjfbaksdjnkfb,asnmdfl akndfmaknsd.mgasd jkgnñlasdnnkfakms.dnf anlsndfkajbkjaskdfn\nasdnkas,dnbmvBN;ASDBMASDNA SBASNJakjsdbaksjdn .as;ASN,DKASBDAKJsndNASdbaksjdnA:;kasbfalknsfla nsjfa.sdkkkkknmksdjfbaksdjnkfb,asnmdfl akndfmaknsd.mgasd jkgnñlasdnnkfakms.dnf anlsndfkajbkjaskdfn\nasdnkas,dnbmvBN;ASDBMASDNA SBASNJakjsdbaksjdn .as;ASN,DKASBDAKJsndNASdbaksjdnA:;kasbfalknsfla nsjfa.sdkkkkknmksdjfbaksdjnkfb,asnmdfl akndfmaknsd.mgasd jkgnñlasdnnkfakms.dnf anlsndfkajbkjaskdfn\nasdnkas,dnbmvBN;ASDBMASDNA SBASNJakjsdbaksjdn .as;ASN,DKASBDAKJsndNASdbaksjdnA:;kasbfalknsfla nsjfa.sdkkkkknmksdjfbaksdjnkfb,asnmdfl akndfmaknsd.mgasd jkgnñlasdnnkfakms.dnf anlsndfkajbkjaskdfn\nasdnkas,dnbmvBN;ASDBMASDNA SBASNJakjsdbaksjdn .as;ASN,DKASBDAKJsndNASdbaksjdnA:;kasbfalknsfla nsjfa.sdkkkkknmksdjfbaksdjnkfb,asnmdfl akndfmaknsd.mgasd jkgnñlasdnnkfakms.dnf anlsndfkajbkjaskdfn\nasdnkas,dnbmvBN;ASDBMASDNA SBASNJakjsdbaksjdn .as;ASN,DKASBDAKJsndNASdbaksjdnA:;kasbfalknsfla nsjfa.sdkkkkknmksdjfbaksdjnkfb,asnmdfl akndfmaknsd.mgasd jkgnñlasdnnkfakms.dnf anlsndfkajbkjaskdfn\nasdnkas,dnbmvBN;ASDBMASDNA SBASNJakjsdbaksjdn .as;ASN,DKASBDAKJsndNASdbaksjdnA:;kasbfalknsfla nsjfa.sdkkkkknmksdjfbaksdjnkfb,asnmdfl akndfmaknsd.mgasd jkgnñlasdnnkfakms.dnf anlsndfkajbkjaskdfn\nasdnkas,dnbmvBN;ASDBMASDNA SBASNJakjsdbaksjdn .as;ASN,DKASBDAKJsndNASdbaksjdnA:;kasbfalknsfla nsjfa.sdkkkkknmksdjfbaksdjnkfb,asnmdfl akndfmaknsd.mgasd jkgnñlasdnnkfakms.dnf anlsndfkajbkjaskdfn\nasdnkas,dnbmvBN;ASDBMASDNA SBASNJakjsdbaksjdn .as;ASN,DKASBDAKJsndNASdbaksjdnA:;kasbfalknsfla nsjfa.sdkkkkknmksdjfbaksdjnkfb,asnmdfl akndfmaknsd.mgasd jkgnñlasdnnkfakms.dnf anlsndfkajbkjaskdfn\nasdnkas,dnbmvBN;ASDBMASDNA SBASNJakjsdbaksjdn .as;ASN,DKASBDAKJsndNASdbaksjdnA:;kasbfalknsfla nsjfa.sdkkkkknmksdjfbaksdjnkfb,asnmdfl akndfmaknsd.mgasd jkgnñlasdnnkfakms.dnf anlsndfkajbkjaskdfn\nasdnkas,dnbmvBN;ASDBMASDNA SBASNJakjsdbaksjdn .as;ASN,DKASBDAKJsndNASdbaksjdnA:;kasbfalknsfla nsjfa.sdkkkkknmksdjfbaksdjnkfb,asnmdfl akndfmaknsd.mgasd jkgnñlasdnnkfakms.dnf anlsndfkajbkjaskdfn\nasdnkas,dnbmvBN;ASDBMASDNA SBASNJakjsdbaksjdn .as;ASN,DKASBDAKJsndNASdbaksjdnA:;kasbfalknsfla nsjfa.sdkkkkknmksdjfbaksdjnkfb,asnmdfl akndfmaknsd.mgasd jkgnñlasdnnkfakms.dnf anlsndfkajbkjaskdfn\nasdnkas,dnbmvBN;ASDBMASDNA SBASNJakjsdbaksjdn .as;ASN,DKASBDAKJsndNASdbaksjdnA:;kasbfalknsfla nsjfa.sdkkkkknmksdjfbaksdjnkfb,asnmdfl akndfmaknsd.mgasd jkgnñlasdnnkfakms.dnf anlsndfkajbkjaskdfn\nasdnkas,dnbmvBN;ASDBMASDNA SBASNJakjsdbaksjdn .as;ASN,DKASBDAKJsndNASdbaksjdnA:;kasbfalknsfla nsjfa.sdkkkkknmksdjfbaksdjnkfb,asnmdfl akndfmaknsd.mgasd jkgnñlasdnnkfakms.dnf anlsndfkajbkjaskdfn\nasdnkas,dnbmvBN;ASDBMASDNA SBASNJakjsdbaksjdn .as;ASN,DKASBDAKJsndNASdbaksjdnA:;kasbfalknsfla nsjfa.sdkkkkknmksdjfbaksdjnkfb,asnmdfl akndfmaknsd.mgasd jkgnñlasdnnkfakms.dnf anlsndfkajbkjaskdfn\nasdnkas,dnbmvBN;ASDBMASDNA SBASNJakjsdbaksjdn .as;ASN,DKASBDAKJsndNASdbaksjdnA:;kasbfalknsfla nsjfa.sdkkkkknmksdjfbaksdjnkfb,asnmdfl akndfmaknsd.mgasd jkgnñlasdnnkfakms.dnf anlsndfkajbkjaskdfn\nasdnkas,dnbmvBN;ASDBMASDNA SBASNJakjsdbaksjdn .as;ASN,DKASBDAKJsndNASdbaksjdnA:;kasbfalknsfla nsjfa.sdkkkkknmksdjfbaksdjnkfb,asnmdfl akndfmaknsd.mgasd jkgnñlasdnnkfakms.dnf anlsndfkajbkjaskdfn\nasdnkas,dnbmvBN;ASDBMASDNA SBASNJakjsdbaksjdn .as;ASN,DKASBDAKJsndNASdbaksjdnA:;kasbfalknsfla nsjfa.sdkkkkknmksdjfbaksdjnkfb,asnmdfl akndfmaknsd.mgasd jkgnñlasdnnkfakms.dnf anlsndfkajbkjaskdfn\nasdnkas,dnbmvBN;ASDBMASDNA SBASNJakjsdbaksjdn .as;ASN,DKASBDAKJsndNASdbaksjdnA:;kasbfalknsfla nsjfa.sdkkkkknmksdjfbaksdjnkfb,asnmdfl akndfmaknsd.mgasd jkgnñlasdnnkfakms.dnf anlsndfkajbkjaskdfn\nasdnkas,dnbmvBN;ASDBMASDNA SBASNJakjsdbaksjdn .as;ASN,DKASBDAKJsndNASdbaksjdnA:;kasbfalknsfla nsjfa.sdkkkkknmksdjfbaksdjnkfb,asnmdfl akndfmaknsd.mgasd jkgnñlasdnnkfakms.dnf anlsndfkajbkjaskdfn\nasdnkas,dnbmvBN;ASDBMASDNA SBASNJakjsdbaksjdn .as;ASN,DKASBDAKJsndNASdbaksjdnA:;kasbfalknsfla nsjfa.sdkkkkknmksdjfbaksdjnkfb,asnmdfl akndfmaknsd.mgasd jkgnñlasdnnkfakms.dnf anlsndfkajbkjaskdfn\nasdnkas,dnbmvBN;ASDBMASDNA SBASNJakjsdbaksjdn .as;ASN,DKASBDAKJsndNASdbaksjdnA:;kasbfalknsfla nsjfa.sdkkkkknmksdjfbaksdjnkfb,asnmdfl akndfmaknsd.mgasd jkgnñlasdnnkfakms.dnf anlsndfkajbkjaskdfn\nasdnkas,dnbmvBN;ASDBMASDNA SBASNJakjsdbaksjdn .as;ASN,DKASBDAKJsndNASdbaksjdnA:;kasbfalknsfla nsjfa.sdkkkkknmksdjfbaksdjnkfb,asnmdfl akndfmaknsd.mgasd jkgnñlasdnnkfakms.dnf anlsndfkajbkjaskdfn\nasdnkas,dnbmvBN;ASDBMASDNA SBASNJakjsdbaksjdn .as;ASN,DKASBDAKJsndNASdbaksjdnA:;kasbfalknsfla nsjfa.sdkkkkknmksdjfbaksdjnkfb,asnmdfl akndfmaknsd.mgasd jkgnñlasdnnkfakms.dnf anlsndfkajbkjaskdfn\nasdnkas,dnbmvBN;ASDBMASDNA SBASNJakjsdbaksjdn .as;ASN,DKASBDAKJsndNASdbaksjdnA:;kasbfalknsfla nsjfa.sdkkkkknmksdjfbaksdjnkfb,asnmdfl akndfmaknsd.mgasd jkgnñlasdnnkfakms.dnf anlsndfkajbkjaskdfn\nasdnkas,dnbmvBN;ASDBMASDNA SBASNJakjsdbaksjdn .as;ASN,DKASBDAKJsndNASdbaksjdnA:;kasbfalknsfla nsjfa.sdkkkkknmksdjfbaksdjnkfb,asnmdfl akndfmaknsd.mgasd jkgnñlasdnnkfakms.dnf anlsndfkajbkjaskdfn\nasdnkas,dnbmvBN;ASDBMASDNA SBASNJakjsdbaksjdn .as;ASN,DKASBDAKJsndNASdbaksjdnA:;kasbfalknsfla nsjfa.sdkkkkknmksdjfbaksdjnkfb,asnmdfl akndfmaknsd.mgasd jkgnñlasdnnkfakms.dnf anlsndfkajbkjaskdfn\nasdnkas,dnbmvBN;ASDBMASDNA SBASNJakjsdbaksjdn .as;ASN,DKASBDAKJsndNASdbaksjdnA:;kasbfalknsfla nsjfa.sdkkkkknmksdjfbaksdjnkfb,asnmdfl akndfmaknsd.mgasd jkgnñlasdnnkfakms.dnf anlsndfkajbkjaskdfn\nasdnkas,dnbmvBN;ASDBMASDNA SBASNJakjsdbaksjdn .as;ASN,DKASBDAKJsndNASdbaksjdnA:;kasbfalknsfla nsjfa.sdkkkkknmksdjfbaksdjnkfb,asnmdfl akndfmaknsd.mgasd jkgnñlasdnnkfakms.dnf anlsndfkajbkjaskdfn\nasdnkas,dnbmvBN;ASDBMASDNA SBASNJakjsdbaksjdn .as;ASN,DKASBDAKJsndNASdbaksjdnA:;kasbfalknsfla nsjfa.sdkkkkknmksdjfbaksdjnkfb,asnmdfl akndfmaknsd.mgasd jkgnñlasdnnkfakms.dnf anlsndfkajbkjaskdfn\nasdnkas,dnbmvBN;ASDBMASDNA SBASNJakjsdbaksjdn .as;ASN,DKASBDAKJsndNASdbaksjdnA:;kasbfalknsfla nsjfa.sdkkkkknmksdjfbaksdjnkfb,asnmdfl akndfmaknsd.mgasd jkgnñlasdnnkfakms.dnf anlsndfkajbkjaskdfn\nasdnkas,dnbmvBN;ASDBMASDNA SBASNJakjsdbaksjdn .as;ASN,DKASBDAKJsndNASdbaksjdnA:;kasbfalknsfla nsjfa.sdkkkkknmksdjfbaksdjnkfb,asnmdfl akndfmaknsd.mgasd jkgnñlasdnnkfakms.dnf anlsndfkajbkjaskdfn\nasdnkas,dnbmvBN;ASDBMASDNA SBASNJakjsdbaksjdn .as;ASN,DKASBDAKJsndNASdbaksjdnA:;kasbfalknsfla nsjfa.sdkkkkknmksdjfbaksdjnkfb,asnmdfl akndfmaknsd.mgasd jkgnñlasdnnkfakms.dnf anlsndfkajbkjaskdfn\nasdnkas,dnbmvBN;ASDBMASDNA SBASNJakjsdbaksjdn .as;ASN,DKASBDAKJsndNASdbaksjdnA:;kasbfalknsfla nsjfa.sdkkkkknmksdjfbaksdjnkfb,asnmdfl akndfmaknsd.mgasd jkgnñlasdnnkfakms.dnf anlsndfkajbkjaskdfn\nasdnkas,dnbmvBN;ASDBMASDNA SBASNJakjsdbaksjdn .as;ASN,DKASBDAKJsndNASdbaksjdnA:;kasbfalknsfla nsjfa.sdkkkkknmksdjfbaksdjnkfb,asnmdfl akndfmaknsd.mgasd jkgnñlasdnnkfakms.dnf anlsndfkajbkjaskdfn\nasdnkas,dnbmvBN;ASDBMASDNA SBASNJakjsdbaksjdn .as;ASN,DKASBDAKJsndNASdbaksjdnA:;kasbfalknsfla nsjfa.sdkkkkknmksdjfbaksdjnkfb,asnmdfl akndfmaknsd.mgasd jkgnñlasdnnkfakms.dnf anlsndfkajbkjaskdfn\nasdnkas,dnbmvBN;ASDBMASDNA SBASNJakjsdbaksjdn .as;ASN,DKASBDAKJsndNASdbaksjdnA:;kasbfalknsfla nsjfa.sdkkkkknmksdjfbaksdjnkfb,asnmdfl akndfmaknsd.mgasd jkgnñlasdnnkfakms.dnf anlsndfkajbkjaskdfn\nasdnkas,dnbmvBN;ASDBMASDNA SBASNJakjsdbaksjdn .as;ASN,DKASBDAKJsndNASdbaksjdnA:;kasbfalknsfla nsjfa.sdkkkkknmksdjfbaksdjnkfb,asnmdfl akndfmaknsd.mgasd jkgnñlasdnnkfakms.dnf anlsndfkajbkjaskdfn\nasdnkas,dnbmvBN;ASDBMASDNA SBASNJakjsdbaksjdn .as;ASN,DKASBDAKJsndNASdbaksjdnA:;kasbfalknsfla nsjfa.sdkkkkknmksdjfbaksdjnkfb,asnmdfl akndfmaknsd.mgasd jkgnñlasdnnkfakms.dnf anlsndfkajbkjaskdfn\nasdnkas,dnbmvBN;ASDBMASDNA SBASNJakjsdbaksjdn .as;ASN,DKASBDAKJsndNASdbaksjdnA:;kasbfalknsfla nsjfa.sdkkkkknmksdjfbaksdjnkfb,asnmdfl akndfmaknsd.mgasd jkgnñlasdnnkfakms.dnf anlsndfkajbkjaskdfn\nasdnkas,dnbmvBN;ASDBMASDNA SBASNJakjsdbaksjdn .as;ASN,DKASBDAKJsndNASdbaksjdnA:;kasbfalknsfla nsjfa.sdkkkkknmksdjfbaksdjnkfb,asnmdfl akndfmaknsd.mgasd jkgnñlasdnnkfakms.dnf anlsndfkajbkjaskdfn\nasdnkas,dnbmvBN;ASDBMASDNA SBASNJakjsdbaksjdn .as;ASN,DKASBDAKJsndNASdbaksjdnA:;kasbfalknsfla nsjfa.sdkkkkknmksdjfbaksdjnkfb,asnmdfl akndfmaknsd.mgasd jkgnñlasdnnkfakms.dnf anlsndfkajbkjaskdfn\nasdnkas,dnbmvBN;ASDBMASDNA SBASNJakjsdbaksjdn .as;ASN,DKASBDAKJsndNASdbaksjdnA:;kasbfalknsfla nsjfa.sdkkkkknmksdjfbaksdjnkfb,asnmdfl akndfmaknsd.mgasd jkgnñlasdnnkfakms.dnf anlsndfkajbkjaskdfn\nasdnkas,dnbmvBN;ASDBMASDNA SBASNJakjsdbaksjdn .as;ASN,DKASBDAKJsndNASdbaksjdnA:;kasbfalknsfla nsjfa.sdkkkkknmksdjfbaksdjnkfb,asnmdfl akndfmaknsd.mgasd jkgnñlasdnnkfakms.dnf anlsndfkajbkjaskdfn\nasdnkas,dnbmvBN;ASDBMASDNA SBASNJakjsdbaksjdn .as;ASN,DKASBDAKJsndNASdbaksjdnA:;kasbfalknsfla nsjfa.sdkkkkknmksdjfbaksdjnkfb,asnmdfl akndfmaknsd.mgasd jkgnñlasdnnkfakms.dnf anlsndfkajbkjaskdfn\nasdnkas,dnbmvBN;ASDBMASDNA SBASNJakjsdbaksjdn .as;ASN,DKASBDAKJsndNASdbaksjdnA:;kasbfalknsfla nsjfa.sdkkkkknmksdjfbaksdjnkfb,asnmdfl akndfmaknsd.mgasd jkgnñlasdnnkfakms.dnf anlsndfkajbkjaskdfn\nasdnkas,dnbmvBN;ASDBMASDNA SBASNJakjsdbaksjdn .as;ASN,DKASBDAKJsndNASdbaksjdnA:;kasbfalknsfla nsjfa.sdkkkkknmksdjfbaksdjnkfb,asnmdfl akndfmaknsd.mgasd jkgnñlasdnnkfakms.dnf anlsndfkajbkjaskdfn\nasdnkas,dnbmvBN;ASDBMASDNA SBASNJakjsdbaksjdn .as;ASN,DKASBDAKJsndNASdbaksjdnA:;kasbfalknsfla nsjfa.sdkkkkknmksdjfbaksdjnkfb,asnmdfl akndfmaknsd.mgasd jkgnñlasdnnkfakms.dnf anlsndfkajbkjaskdfn\nasdnkas,dnbmvBN;ASDBMASDNA SBASNJakjsdbaksjdn .as;ASN,DKASBDAKJsndNASdbaksjdnA:;kasbfalknsfla nsjfa.sdkkkkknmksdjfbaksdjnkfb,asnmdfl akndfmaknsd.mgasd jkgnñlasdnnkfakms.dnf anlsndfkajbkjaskdfn\nasdnkas,dnbmvBN;ASDBMASDNA SBASNJakjsdbaksjdn .as;ASN,DKASBDAKJsndNASdbaksjdnA:;kasbfalknsfla nsjfa.sdkkkkknmksdjfbaksdjnkfb,asnmdfl akndfmaknsd.mgasd jkgnñlasdnnkfakms.dnf anlsndfkajbkjaskdfn\nasdnkas,dnbmvBN;ASDBMASDNA SBASNJakjsdbaksjdn .as;ASN,DKASBDAKJsndNASdbaksjdnA:;kasbfalknsfla nsjfa.sdkkkkknmksdjfbaksdjnkfb,asnmdfl akndfmaknsd.mgasd jkgnñlasdnnkfakms.dnf anlsndfkajbkjaskdfn\nasdnkas,dnbmvBN;ASDBMASDNA SBASNJakjsdbaksjdn .as;ASN,DKASBDAKJsndNASdbaksjdnA:;kasbfalknsfla nsjfa.sdkkkkknmksdjfbaksdjnkfb,asnmdfl akndfmaknsd.mgasd jkgnñlasdnnkfakms.dnf anlsndfkajbkjaskdfn\nasdnkas,dnbmvBN;ASDBMASDNA SBASNJakjsdbaksjdn .as;ASN,DKASBDAKJsndNASdbaksjdnA:;kasbfalknsfla nsjfa.sdkkkkknmksdjfbaksdjnkfb,asnmdfl akndfmaknsd.mgasd jkgnñlasdnnkfakms.dnf anlsndfkajbkjaskdfn\nasdnkas,dnbmvBN;ASDBMASDNA SBASNJakjsdbaksjdn .as;ASN,DKASBDAKJsndNASdbaksjdnA:;kasbfalknsfla nsjfa.sdkkkkknmksdjfbaksdjnkfb,asnmdfl akndfmaknsd.mgasd jkgnñlasdnnkfakms.dnf anlsndfkajbkjaskdfn\nasdnkas,dnbmvBN;ASDBMASDNA SBASNJakjsdbaksjdn .as;ASN,DKASBDAKJsndNASdbaksjdnA:;kasbfalknsfla nsjfa.sdkkkkknmksdjfbaksdjnkfb,asnmdfl akndfmaknsd.mgasd jkgnñlasdnnkfakms.dnf anlsndfkajbkjaskdfn\nasdnkas,dnbmvBN;ASDBMASDNA SBASNJakjsdbaksjdn .as;ASN,DKASBDAKJsndNASdbaksjdnA:;kasbfalknsfla nsjfa.sdkkkkknmksdjfbaksdjnkfb,asnmdfl akndfmaknsd.mgasd jkgnñlasdnnkfakms.dnf anlsndfkajbkjaskdfn\nasdnkas,dnbmvBN;ASDBMASDNA SBASNJakjsdbaksjdn .as;ASN,DKASBDAKJsndNASdbaksjdnA:;kasbfalknsfla nsjfa.sdkkkkknmksdjfbaksdjnkfb,asnmdfl akndfmaknsd.mgasd jkgnñlasdnnkfakms.dnf anlsndfkajbkjaskdfn\nasdnkas,dnbmvBN;ASDBMASDNA SBASNJakjsdbaksjdn .as;ASN,DKASBDAKJsndNASdbaksjdnA:;kasbfalknsfla nsjfa.sdkkkkknmksdjfbaksdjnkfb,asnmdfl akndfmaknsd.mgasd jkgnñlasdnnkfakms.dnf anlsndfkajbkjaskdfn\nasdnkas,dnbmvBN;ASDBMASDNA SBASNJakjsdbaksjdn .as;ASN,DKASBDAKJsndNASdbaksjdnA:;kasbfalknsfla nsjfa.sdkkkkknmksdjfbaksdjnkfb,asnmdfl akndfmaknsd.mgasd jkgnñlasdnnkfakms.dnf anlsndfkajbkjaskdfn\nasdnkas,dnbmvBN;ASDBMASDNA SBASNJakjsdbaksjdn .as;ASN,DKASBDAKJsndNASdbaksjdnA:;kasbfalknsfla nsjfa.sdkkkkknmksdjfbaksdjnkfb,asnmdfl akndfmaknsd.mgasd jkgnñlasdnnkfakms.dnf anlsndfkajbkjaskdfn\nasdnkas,dnbmvBN;ASDBMASDNA SBASNJakjsdbaksjdn .as;ASN,DKASBDAKJsndNASdbaksjdnA:;kasbfalknsfla nsjfa.sdkkkkknmksdjfbaksdjnkfb,asnmdfl akndfmaknsd.mgasd jkgnñlasdnnkfakms.dnf anlsndfkajbkjaskdfn\nasdnkas,dnbmvBN;ASDBMASDNA SBASNJakjsdbaksjdn .as;ASN,DKASBDAKJsndNASdbaksjdnA:;kasbfalknsfla nsjfa.sdkkkkknmksdjfbaksdjnkfb,asnmdfl akndfmaknsd.mgasd jkgnñlasdnnkfakms.dnf anlsndfkajbkjaskdfn\nasdnkas,dnbmvBN;ASDBMASDNA SBASNJakjsdbaksjdn .as;ASN,DKASBDAKJsndNASdbaksjdnA:;kasbfalknsfla nsjfa.sdkkkkknmksdjfbaksdjnkfb,asnmdfl akndfmaknsd.mgasd jkgnñlasdnnkfakms.dnf anlsndfkajbkjaskdfn\nasdnkas,dnbmvBN;ASDBMASDNA SBASNJakjsdbaksjdn .as;ASN,DKASBDAKJsndNASdbaksjdnA:;kasbfalknsfla nsjfa.sdkkkkknmksdjfbaksdjnkfb,asnmdfl akndfmaknsd.mgasd jkgnñlasdnnkfakms.dnf anlsndfkajbkjaskdfn\nasdnkas,dnbmvBN;ASDBMASDNA SBASNJakjsdbaksjdn .as;ASN,DKASBDAKJsndNASdbaksjdnA:;kasbfalknsfla nsjfa.sdkkkkknmksdjfbaksdjnkfb,asnmdfl akndfmaknsd.mgasd jkgnñlasdnnkfakms.dnf anlsndfkajbkjaskdfn\nasdnkas,dnbmvBN;ASDBMASDNA SBASNJakjsdbaksjdn .as;ASN,DKASBDAKJsndNASdbaksjdnA:;kasbfalknsfla nsjfa.sdkkkkknmksdjfbaksdjnkfb,asnmdfl akndfmaknsd.mgasd jkgnñlasdnnkfakms.dnf anlsndfkajbkjaskdfn\nasdnkas,dnbmvBN;ASDBMASDNA SBASNJakjsdbaksjdn .as;ASN,DKASBDAKJsndNASdbaksjdnA:;kasbfalknsfla nsjfa.sdkkkkknmksdjfbaksdjnkfb,asnmdfl akndfmaknsd.mgasd jkgnñlasdnnkfakms.dnf anlsndfkajbkjaskdfn\nasdnkas,dnbmvBN;ASDBMASDNA SBASNJakjsdbaksjdn .as;ASN,DKASBDAKJsndNASdbaksjdnA:;kasbfalknsfla nsjfa.sdkkkkknmksdjfbaksdjnkfb,asnmdfl akndfmaknsd.mgasd jkgnñlasdnnkfakms.dnf anlsndfkajbkjaskdfn\nasdnkas,dnbmvBN;ASDBMASDNA SBASNJakjsdbaksjdn .as;ASN,DKASBDAKJsndNASdbaksjdnA:;kasbfalknsfla nsjfa.sdkkkkknmksdjfbaksdjnkfb,asnmdfl akndfmaknsd.mgasd jkgnñlasdnnkfakms.dnf anlsndfkajbkjaskdfn\nasdnkas,dnbmvBN;ASDBMASDNA SBASNJakjsdbaksjdn .as;ASN,DKASBDAKJsndNASdbaksjdnA:;kasbfalknsfla nsjfa.sdkkkkknmksdjfbaksdjnkfb,asnmdfl akndfmaknsd.mgasd jkgnñlasdnnkfakms.dnf anlsndfkajbkjaskdfn\nasdnkas,dnbmvBN;ASDBMASDNA SBASNJakjsdbaksjdn .as;ASN,DKASBDAKJsndNASdbaksjdnA:;kasbfalknsfla nsjfa.sdkkkkknmksdjfbaksdjnkfb,asnmdfl akndfmaknsd.mgasd jkgnñlasdnnkfakms.dnf anlsndfkajbkjaskdfn\nasdnkas,dnbmvBN;ASDBMASDNA SBASNJakjsdbaksjdn .as;ASN,DKASBDAKJsndNASdbaksjdnA:;kasbfalknsfla nsjfa.sdkkkkknmksdjfbaksdjnkfb,asnmdfl akndfmaknsd.mgasd jkgnñlasdnnkfakms.dnf anlsndfkajbkjaskdfn\nasdnkas,dnbmvBN;ASDBMASDNA SBASNJakjsdbaksjdn .as;ASN,DKASBDAKJsndNASdbaksjdnA:;kasbfalknsfla nsjfa.sdkkkkknmksdjfbaksdjnkfb,asnmdfl akndfmaknsd.mgasd jkgnñlasdnnkfakms.dnf anlsndfkajbkjaskdfn\nasdnkas,dnbmvBN;ASDBMASDNA SBASNJakjsdbaksjdn .as;ASN,DKASBDAKJsndNASdbaksjdnA:;kasbfalknsfla nsjfa.sdkkkkknmksdjfbaksdjnkfb,asnmdfl akndfmaknsd.mgasd jkgnñlasdnnkfakms.dnf anlsndfkajbkjaskdfn\nasdnkas,dnbmvBN;ASDBMASDNA SBASNJakjsdbaksjdn .as;ASN,DKASBDAKJsndNASdbaksjdnA:;kasbfalknsfla nsjfa.sdkkkkknmksdjfbaksdjnkfb,asnmdfl akndfmaknsd.mgasd jkgnñlasdnnkfakms.dnf anlsndfkajbkjaskdfn\nasdnkas,dnbmvBN;ASDBMASDNA SBASNJakjsdbaksjdn .as;ASN,DKASBDAKJsndNASdbaksjdnA:;kasbfalknsfla nsjfa.sdkkkkknmksdjfbaksdjnkfb,asnmdfl akndfmaknsd.mgasd jkgnñlasdnnkfakms.dnf anlsndfkajbkjaskdfn\nasdnkas,dnbmvBN;ASDBMASDNA SBASNJakjsdbaksjdn .as;ASN,DKASBDAKJsndNASdbaksjdnA:;kasbfalknsfla nsjfa.sdkkkkknmksdjfbaksdjnkfb,asnmdfl akndfmaknsd.mgasd jkgnñlasdnnkfakms.dnf anlsndfkajbkjaskdfn\nasdnkas,dnbmvBN;ASDBMASDNA SBASNJakjsdbaksjdn .as;ASN,DKASBDAKJsndNASdbaksjdnA:;kasbfalknsfla nsjfa.sdkkkkknmksdjfbaksdjnkfb,asnmdfl akndfmaknsd.mgasd jkgnñlasdnnkfakms.dnf anlsndfkajbkjaskdfn\nasdnkas,dnbmvBN;ASDBMASDNA SBASNJakjsdbaksjdn .as;ASN,DKASBDAKJsndNASdbaksjdnA:;kasbfalknsfla nsjfa.sdkkkkknmksdjfbaksdjnkfb,asnmdfl akndfmaknsd.mgasd jkgnñlasdnnkfakms.dnf anlsndfkajbkjaskdfn\nasdnkas,dnbmvBN;ASDBMASDNA SBASNJakjsdbaksjdn .as;ASN,DKASBDAKJsndNASdbaksjdnA:;kasbfalknsfla nsjfa.sdkkkkknmksdjfbaksdjnkfb,asnmdfl akndfmaknsd.mgasd jkgnñlasdnnkfakms.dnf anlsndfkajbkjaskdfn\nasdnkas,dnbmvBN;ASDBMASDNA SBASNJakjsdbaksjdn .as;ASN,DKASBDAKJsndNASdbaksjdnA:;kasbfalknsfla nsjfa.sdkkkkknmksdjfbaksdjnkfb,asnmdfl akndfmaknsd.mgasd jkgnñlasdnnkfakms.dnf anlsndfkajbkjaskdfn\nasdnkas,dnbmvBN;ASDBMASDNA SBASNJakjsdbaksjdn .as;ASN,DKASBDAKJsndNASdbaksjdnA:;kasbfalknsfla nsjfa.sdkkkkknmksdjfbaksdjnkfb,asnmdfl akndfmaknsd.mgasd jkgnñlasdnnkfakms.dnf anlsndfkajbkjaskdfn\nasdnkas,dnbmvBN;ASDBMASDNA SBASNJakjsdbaksjdn .as;ASN,DKASBDAKJsndNASdbaksjdnA:;kasbfalknsfla nsjfa.sdkkkkknmksdjfbaksdjnkfb,asnmdfl akndfmaknsd.mgasd jkgnñlasdnnkfakms.dnf anlsndfkajbkjaskdfn\nasdnkas,dnbmvBN;ASDBMASDNA SBASNJakjsdbaksjdn .as;ASN,DKASBDAKJsndNASdbaksjdnA:;kasbfalknsfla nsjfa.sdkkkkknmksdjfbaksdjnkfb,asnmdfl akndfmaknsd.mgasd jkgnñlasdnnkfakms.dnf anlsndfkajbkjaskdfn\nasdnkas,dnbmvBN;ASDBMASDNA SBASNJakjsdbaksjdn .as;ASN,DKASBDAKJsndNASdbaksjdnA:;kasbfalknsfla nsjfa.sdkkkkknmksdjfbaksdjnkfb,asnmdfl akndfmaknsd.mgasd jkgnñlasdnnkfakms.dnf anlsndfkajbkjaskdfn\nasdnkas,dnbmvBN;ASDBMASDNA SBASNJakjsdbaksjdn .as;ASN,DKASBDAKJsndNASdbaksjdnA:;kasbfalknsfla nsjfa.sdkkkkknmksdjfbaksdjnkfb,asnmdfl akndfmaknsd.mgasd jkgnñlasdnnkfakms.dnf anlsndfkajbkjaskdfn\nasdnkas,dnbmvBN;ASDBMASDNA SBASNJakjsdbaksjdn .as;ASN,DKASBDAKJsndNASdbaksjdnA:;kasbfalknsfla nsjfa.sdkkkkknmksdjfbaksdjnkfb,asnmdfl akndfmaknsd.mgasd jkgnñlasdnnkfakms.dnf anlsndfkajbkjaskdfn\nasdnkas,dnbmvBN;ASDBMASDNA SBASNJakjsdbaksjdn .as;ASN,DKASBDAKJsndNASdbaksjdnA:;kasbfalknsfla nsjfa.sdkkkkknmksdjfbaksdjnkfb,asnmdfl akndfmaknsd.mgasd jkgnñlasdnnkfakms.dnf anlsndfkajbkjaskdfn\nasdnkas,dnbmvBN;ASDBMASDNA SBASNJakjsdbaksjdn .as;ASN,DKASBDAKJsndNASdbaksjdnA:;kasbfalknsfla nsjfa.sdkkkkknmksdjfbaksdjnkfb,asnmdfl akndfmaknsd.mgasd jkgnñlasdnnkfakms.dnf anlsndfkajbkjaskdfn\nasdnkas,dnbmvBN;ASDBMASDNA SBASNJakjsdbaksjdn .as;ASN,DKASBDAKJsndNASdbaksjdnA:;kasbfalknsfla nsjfa.sdkkkkknmksdjfbaksdjnkfb,asnmdfl akndfmaknsd.mgasd jkgnñlasdnnkfakms.dnf anlsndfkajbkjaskdfn\nasdnkas,dnbmvBN;ASDBMASDNA SBASNJakjsdbaksjdn .as;ASN,DKASBDAKJsndNASdbaksjdnA:;kasbfalknsfla nsjfa.sdkkkkknmksdjfbaksdjnkfb,asnmdfl akndfmaknsd.mgasd jkgnñlasdnnkfakms.dnf anlsndfkajbkjaskdfn\nasdnkas,dnbmvBN;ASDBMASDNA SBASNJakjsdbaksjdn .as;ASN,DKASBDAKJsndNASdbaksjdnA:;kasbfalknsfla nsjfa.sdkkkkknmksdjfbaksdjnkfb,asnmdfl akndfmaknsd.mgasd jkgnñlasdnnkfakms.dnf anlsndfkajbkjaskdfn\nasdnkas,dnbmvBN;ASDBMASDNA SBASNJakjsdbaksjdn .as;ASN,DKASBDAKJsndNASdbaksjdnA:;kasbfalknsfla nsjfa.sdkkkkknmksdjfbaksdjnkfb,asnmdfl akndfmaknsd.mgasd jkgnñlasdnnkfakms.dnf anlsndfkajbkjaskdfn\nasdnkas,dnbmvBN;ASDBMASDNA SBASNJakjsdbaksjdn .as;ASN,DKASBDAKJsndNASdbaksjdnA:;kasbfalknsfla nsjfa.sdkkkkknmksdjfbaksdjnkfb,asnmdfl akndfmaknsd.mgasd jkgnñlasdnnkfakms.dnf anlsndfkajbkjaskdfn\nasdnkas,dnbmvBN;ASDBMASDNA SBASNJakjsdbaksjdn .as;ASN,DKASBDAKJsndNASdbaksjdnA:;kasbfalknsfla nsjfa.sdkkkkknmksdjfbaksdjnkfb,asnmdfl akndfmaknsd.mgasd jkgnñlasdnnkfakms.dnf anlsndfkajbkjaskdfn\nasdnkas,dnbmvBN;ASDBMASDNA SBASNJakjsdbaksjdn .as;ASN,DKASBDAKJsndNASdbaksjdnA:;kasbfalknsfla nsjfa.sdkkkkknmksdjfbaksdjnkfb,asnmdfl akndfmaknsd.mgasd jkgnñlasdnnkfakms.dnf anlsndfkajbkjaskdfn\nasdnkas,dnbmvBN;ASDBMASDNA SBASNJakjsdbaksjdn .as;ASN,DKASBDAKJsndNASdbaksjdnA:;kasbfalknsfla nsjfa.sdkkkkknmksdjfbaksdjnkfb,asnmdfl akndfmaknsd.mgasd jkgnñlasdnnkfakms.dnf anlsndfkajbkjaskdfn\nasdnkas,dnbmvBN;ASDBMASDNA SBASNJakjsdbaksjdn .as;ASN,DKASBDAKJsndNASdbaksjdnA:;kasbfalknsfla nsjfa.sdkkkkknmksdjfbaksdjnkfb,asnmdfl akndfmaknsd.mgasd jkgnñlasdnnkfakms.dnf anlsndfkajbkjaskdfn\nasdnkas,dnbmvBN;ASDBMASDNA SBASNJakjsdbaksjdn .as;ASN,DKASBDAKJsndNASdbaksjdnA:;kasbfalknsfla nsjfa.sdkkkkknmksdjfbaksdjnkfb,asnmdfl akndfmaknsd.mgasd jkgnñlasdnnkfakms.dnf anlsndfkajbkjaskdfn\nasdnkas,dnbmvBN;ASDBMASDNA SBASNJakjsdbaksjdn .as;ASN,DKASBDAKJsndNASdbaksjdnA:;kasbfalknsfla nsjfa.sdkkkkknmksdjfbaksdjnkfb,asnmdfl akndfmaknsd.mgasd jkgnñlasdnnkfakms.dnf anlsndfkajbkjaskdfn\nasdnkas,dnbmvBN;ASDBMASDNA SBASNJakjsdbaksjdn .as;ASN,DKASBDAKJsndNASdbaksjdnA:;kasbfalknsfla nsjfa.sdkkkkknmksdjfbaksdjnkfb,asnmdfl akndfmaknsd.mgasd jkgnñlasdnnkfakms.dnf anlsndfkajbkjaskdfn\nasdnkas,dnbmvBN;ASDBMASDNA SBASNJakjsdbaksjdn .as;ASN,DKASBDAKJsndNASdbaksjdnA:;kasbfalknsfla nsjfa.sdkkkkknmksdjfbaksdjnkfb,asnmdfl akndfmaknsd.mgasd jkgnñlasdnnkfakms.dnf anlsndfkajbkjaskdfn\nasdnkas,dnbmvBN;ASDBMASDNA SBASNJakjsdbaksjdn .as;ASN,DKASBDAKJsndNASdbaksjdnA:;kasbfalknsfla nsjfa.sdkkkkknmksdjfbaksdjnkfb,asnmdfl akndfmaknsd.mgasd jkgnñlasdnnkfakms.dnf anlsndfkajbkjaskdfn\nasdnkas,dnbmvBN;ASDBMASDNA SBASNJakjsdbaksjdn .as;ASN,DKASBDAKJsndNASdbaksjdnA:;kasbfalknsfla nsjfa.sdkkkkknmksdjfbaksdjnkfb,asnmdfl akndfmaknsd.mgasd jkgnñlasdnnkfakms.dnf anlsndfkajbkjaskdfn\nasdnkas,dnbmvBN;ASDBMASDNA SBASNJakjsdbaksjdn .as;ASN,DKASBDAKJsndNASdbaksjdnA:;kasbfalknsfla nsjfa.sdkkkkknmksdjfbaksdjnkfb,asnmdfl akndfmaknsd.mgasd jkgnñlasdnnkfakms.dnf anlsndfkajbkjaskdfn\nasdnkas,dnbmvBN;ASDBMASDNA SBASNJakjsdbaksjdn .as;ASN,DKASBDAKJsndNASdbaksjdnA:;kasbfalknsfla nsjfa.sdkkkkknmksdjfbaksdjnkfb,asnmdfl akndfmaknsd.mgasd jkgnñlasdnnkfakms.dnf anlsndfkajbkjaskdfn\nasdnkas,dnbmvBN;ASDBMASDNA SBASNJakjsdbaksjdn .as;ASN,DKASBDAKJsndNASdbaksjdnA:;kasbfalknsfla nsjfa.sdkkkkknmksdjfbaksdjnkfb,asnmdfl akndfmaknsd.mgasd jkgnñlasdnnkfakms.dnf anlsndfkajbkjaskdfn\nasdnkas,dnbmvBN;ASDBMASDNA SBASNJakjsdbaksjdn .as;ASN,DKASBDAKJsndNASdbaksjdnA:;kasbfalknsfla nsjfa.sdkkkkknmksdjfbaksdjnkfb,asnmdfl akndfmaknsd.mgasd jkgnñlasdnnkfakms.dnf anlsndfkajbkjaskdfn\nasdnkas,dnbmvBN;ASDBMASDNA SBASNJakjsdbaksjdn .as;ASN,DKASBDAKJsndNASdbaksjdnA:;kasbfalknsfla nsjfa.sdkkkkknmksdjfbaksdjnkfb,asnmdfl akndfmaknsd.mgasd jkgnñlasdnnkfakms.dnf anlsndfkajbkjaskdfn\n\n');
/*!40000 ALTER TABLE `document_content` ENABLE KEYS */;
UNLOCK TABLES;

--
-- Table structure for table `document_history`
--

DROP TABLE IF EXISTS `document_history`;
/*!40101 SET @saved_cs_client     = @@character_set_client */;
/*!40101 SET character_set_client = utf8 */;
CREATE TABLE `document_history` (
  `id_document` int(11) NOT NULL DEFAULT '0',
  `event_date` timestamp NOT NULL DEFAULT CURRENT_TIMESTAMP,
  `event_user` varchar(100) NOT NULL DEFAULT '',
  `event_message_key` varchar(255) NOT NULL DEFAULT '',
  `document_state_key` varchar(100) DEFAULT NULL,
  `document_space` varchar(255) DEFAULT NULL,
  KEY `index_history_id_document` (`id_document`),
  KEY `index_history_event_user` (`event_user`)
) ENGINE=InnoDB DEFAULT CHARSET=latin1;
/*!40101 SET character_set_client = @saved_cs_client */;

--
-- Dumping data for table `document_history`
--

LOCK TABLES `document_history` WRITE;
/*!40000 ALTER TABLE `document_history` DISABLE KEYS */;
INSERT INTO `document_history` VALUES (1,'2017-04-29 17:22:52','admin','document.history.message.documentCreated','document.workflow.state.writing.name','Images'),(2,'2017-04-29 20:10:18','admin','document.history.message.documentCreated','document.workflow.state.writing.name','Fichiers PDF');
/*!40000 ALTER TABLE `document_history` ENABLE KEYS */;
UNLOCK TABLES;

--
-- Table structure for table `document_indexer_action`
--

DROP TABLE IF EXISTS `document_indexer_action`;
/*!40101 SET @saved_cs_client     = @@character_set_client */;
/*!40101 SET character_set_client = utf8 */;
CREATE TABLE `document_indexer_action` (
  `id_action` int(11) NOT NULL DEFAULT '0',
  `id_record` int(11) NOT NULL DEFAULT '0',
  `id_task` int(11) NOT NULL DEFAULT '0',
  PRIMARY KEY (`id_action`)
) ENGINE=InnoDB DEFAULT CHARSET=latin1;
/*!40101 SET character_set_client = @saved_cs_client */;

--
-- Dumping data for table `document_indexer_action`
--

LOCK TABLES `document_indexer_action` WRITE;
/*!40000 ALTER TABLE `document_indexer_action` DISABLE KEYS */;
INSERT INTO `document_indexer_action` VALUES (1,1,1),(2,2,1),(3,2,3),(4,2,1),(5,2,3),(6,2,1),(7,2,3),(8,2,1),(9,2,3),(10,2,1);
/*!40000 ALTER TABLE `document_indexer_action` ENABLE KEYS */;
UNLOCK TABLES;

--
-- Table structure for table `document_list_portlet`
--

DROP TABLE IF EXISTS `document_list_portlet`;
/*!40101 SET @saved_cs_client     = @@character_set_client */;
/*!40101 SET character_set_client = utf8 */;
CREATE TABLE `document_list_portlet` (
  `id_portlet` int(11) NOT NULL,
  `code_document_type` varchar(30) DEFAULT NULL,
  PRIMARY KEY (`id_portlet`)
) ENGINE=InnoDB DEFAULT CHARSET=latin1;
/*!40101 SET character_set_client = @saved_cs_client */;

--
-- Dumping data for table `document_list_portlet`
--

LOCK TABLES `document_list_portlet` WRITE;
/*!40000 ALTER TABLE `document_list_portlet` DISABLE KEYS */;
/*!40000 ALTER TABLE `document_list_portlet` ENABLE KEYS */;
UNLOCK TABLES;

--
-- Table structure for table `document_page_template`
--

DROP TABLE IF EXISTS `document_page_template`;
/*!40101 SET @saved_cs_client     = @@character_set_client */;
/*!40101 SET character_set_client = utf8 */;
CREATE TABLE `document_page_template` (
  `id_page_template_document` int(11) NOT NULL DEFAULT '0',
  `page_template_path` varchar(255) DEFAULT NULL,
  `picture_path` varchar(255) DEFAULT NULL,
  `description` varchar(255) DEFAULT NULL,
  PRIMARY KEY (`id_page_template_document`)
) ENGINE=InnoDB DEFAULT CHARSET=latin1;
/*!40101 SET character_set_client = @saved_cs_client */;

--
-- Dumping data for table `document_page_template`
--

LOCK TABLES `document_page_template` WRITE;
/*!40000 ALTER TABLE `document_page_template` DISABLE KEYS */;
INSERT INTO `document_page_template` VALUES (0,'/skin/plugins/document/document_content_service.html','images/admin/skin/plugins/document/page_templates/page_template_document0.png','Défaut'),(1,'/skin/plugins/document/page_templates/page_template_document1.html','images/admin/skin/plugins/document/page_templates/page_template_document1.png','Pleine page'),(2,'/skin/plugins/document/page_templates/page_template_document2.html','images/admin/skin/plugins/document/page_templates/page_template_document2.png','Rubrique en-dessous');
/*!40000 ALTER TABLE `document_page_template` ENABLE KEYS */;
UNLOCK TABLES;

--
-- Table structure for table `document_portlet`
--

DROP TABLE IF EXISTS `document_portlet`;
/*!40101 SET @saved_cs_client     = @@character_set_client */;
/*!40101 SET character_set_client = utf8 */;
CREATE TABLE `document_portlet` (
  `id_portlet` int(11) NOT NULL,
  `code_document_type` varchar(30) DEFAULT NULL,
  PRIMARY KEY (`id_portlet`)
) ENGINE=InnoDB DEFAULT CHARSET=latin1;
/*!40101 SET character_set_client = @saved_cs_client */;

--
-- Dumping data for table `document_portlet`
--

LOCK TABLES `document_portlet` WRITE;
/*!40000 ALTER TABLE `document_portlet` DISABLE KEYS */;
/*!40000 ALTER TABLE `document_portlet` ENABLE KEYS */;
UNLOCK TABLES;

--
-- Table structure for table `document_published`
--

DROP TABLE IF EXISTS `document_published`;
/*!40101 SET @saved_cs_client     = @@character_set_client */;
/*!40101 SET character_set_client = utf8 */;
CREATE TABLE `document_published` (
  `id_portlet` int(11) NOT NULL,
  `id_document` int(11) NOT NULL,
  `document_order` int(11) DEFAULT NULL,
  `status` smallint(6) NOT NULL DEFAULT '1',
  `date_publishing` timestamp NOT NULL DEFAULT CURRENT_TIMESTAMP,
  PRIMARY KEY (`id_portlet`,`id_document`)
) ENGINE=InnoDB DEFAULT CHARSET=latin1;
/*!40101 SET character_set_client = @saved_cs_client */;

--
-- Dumping data for table `document_published`
--

LOCK TABLES `document_published` WRITE;
/*!40000 ALTER TABLE `document_published` DISABLE KEYS */;
/*!40000 ALTER TABLE `document_published` ENABLE KEYS */;
UNLOCK TABLES;

--
-- Table structure for table `document_rule`
--

DROP TABLE IF EXISTS `document_rule`;
/*!40101 SET @saved_cs_client     = @@character_set_client */;
/*!40101 SET character_set_client = utf8 */;
CREATE TABLE `document_rule` (
  `id_rule` int(11) NOT NULL DEFAULT '0',
  `rule_type` varchar(50) NOT NULL,
  PRIMARY KEY (`id_rule`)
) ENGINE=InnoDB DEFAULT CHARSET=latin1;
/*!40101 SET character_set_client = @saved_cs_client */;

--
-- Dumping data for table `document_rule`
--

LOCK TABLES `document_rule` WRITE;
/*!40000 ALTER TABLE `document_rule` DISABLE KEYS */;
INSERT INTO `document_rule` VALUES (1,'moveSpace'),(2,'moveSpace'),(3,'moveSpace'),(4,'moveSpace'),(6,'moveSpace');
/*!40000 ALTER TABLE `document_rule` ENABLE KEYS */;
UNLOCK TABLES;

--
-- Table structure for table `document_rule_attr`
--

DROP TABLE IF EXISTS `document_rule_attr`;
/*!40101 SET @saved_cs_client     = @@character_set_client */;
/*!40101 SET character_set_client = utf8 */;
CREATE TABLE `document_rule_attr` (
  `id_rule` int(11) NOT NULL DEFAULT '0',
  `attr_name` varchar(255) NOT NULL DEFAULT '',
  `attr_value` varchar(255) DEFAULT NULL,
  PRIMARY KEY (`id_rule`,`attr_name`)
) ENGINE=InnoDB DEFAULT CHARSET=latin1;
/*!40101 SET character_set_client = @saved_cs_client */;

--
-- Dumping data for table `document_rule_attr`
--

LOCK TABLES `document_rule_attr` WRITE;
/*!40000 ALTER TABLE `document_rule_attr` DISABLE KEYS */;
INSERT INTO `document_rule_attr` VALUES (1,'id_space_destination','3'),(1,'id_space_source','2'),(1,'id_state','2'),(2,'id_space_destination','4'),(2,'id_space_source','3'),(2,'id_state','3'),(3,'id_space_destination','2'),(3,'id_space_source','3'),(3,'id_state','4'),(4,'id_space_destination','15'),(4,'id_space_source','4'),(4,'id_state','5'),(6,'id_space_destination','4'),(6,'id_space_source','15'),(6,'id_state','3');
/*!40000 ALTER TABLE `document_rule_attr` ENABLE KEYS */;
UNLOCK TABLES;

--
-- Table structure for table `document_space`
--

DROP TABLE IF EXISTS `document_space`;
/*!40101 SET @saved_cs_client     = @@character_set_client */;
/*!40101 SET character_set_client = utf8 */;
CREATE TABLE `document_space` (
  `id_space` int(11) NOT NULL DEFAULT '0',
  `id_parent` int(11) DEFAULT NULL,
  `document_space_name` varchar(100) DEFAULT NULL,
  `description` varchar(255) DEFAULT NULL,
  `document_space_view` varchar(20) DEFAULT NULL,
  `id_space_icon` int(11) DEFAULT NULL,
  `space_order` int(11) DEFAULT NULL,
  `document_creation_allowed` int(11) DEFAULT NULL,
  `workgroup_key` varchar(50) DEFAULT NULL,
  PRIMARY KEY (`id_space`)
) ENGINE=InnoDB DEFAULT CHARSET=latin1;
/*!40101 SET character_set_client = @saved_cs_client */;

--
-- Dumping data for table `document_space`
--

LOCK TABLES `document_space` WRITE;
/*!40000 ALTER TABLE `document_space` DISABLE KEYS */;
INSERT INTO `document_space` VALUES (0,-1,'Racine des contenus','Racine des contenus','detail',1,0,NULL,NULL),(1,0,'Contenu Editorial','Contenu Editorial','detail',1,0,NULL,NULL),(2,1,'Espace de travail','Espace de travail','detail',10,0,1,NULL),(3,1,'Espace de validation','Espace de validation','detail',11,1,0,NULL),(4,1,'Espace de publication','Espace de publication','detail',12,2,0,NULL),(5,0,'Bibliotheque multimedia','Bibliotheque multimedia','detail',1,1,NULL,NULL),(6,5,'Images','Images','thumbnail',2,0,1,NULL),(7,0,'Fichiers en telechargement','Fichiers en telechargement','detail',1,2,NULL,NULL),(8,7,'Fichiers PDF','Fichiers PDF','detail',4,0,1,NULL),(14,0,'Acteurs locaux','Contient les fiches acteurs locaux','detail',5,3,1,NULL),(15,1,'Archives','Archives','detail',9,4,0,NULL),(16,5,'Fichiers son','Fichiers son','detail',8,1,1,NULL),(17,5,'Video','Video','detail',7,2,1,NULL),(18,5,'Icones et pictos','Icones et pictos','detail',2,NULL,1,NULL),(19,5,'Bannières','banner','detail',2,NULL,1,NULL),(20,5,'Flash','Objets Flash','detail',6,NULL,1,NULL);
/*!40000 ALTER TABLE `document_space` ENABLE KEYS */;
UNLOCK TABLES;

--
-- Table structure for table `document_space_action`
--

DROP TABLE IF EXISTS `document_space_action`;
/*!40101 SET @saved_cs_client     = @@character_set_client */;
/*!40101 SET character_set_client = utf8 */;
CREATE TABLE `document_space_action` (
  `id_action` int(11) NOT NULL DEFAULT '0',
  `name_key` varchar(100) DEFAULT NULL,
  `description_key` varchar(100) DEFAULT NULL,
  `action_url` varchar(255) DEFAULT NULL,
  `icon_url` varchar(255) DEFAULT NULL,
  `action_permission` varchar(255) DEFAULT NULL,
  PRIMARY KEY (`id_action`)
) ENGINE=InnoDB DEFAULT CHARSET=latin1;
/*!40101 SET character_set_client = @saved_cs_client */;

--
-- Dumping data for table `document_space_action`
--

LOCK TABLES `document_space_action` WRITE;
/*!40000 ALTER TABLE `document_space_action` DISABLE KEYS */;
INSERT INTO `document_space_action` VALUES (1,'document.spaces.action.createSpace.name','document.spaces.action.createSpace.description','jsp/admin/plugins/document/CreateSpace.jsp','glyphicon glyphicon-plus-sign','CREATE'),(2,'document.spaces.action.deleteSpace.name','document.spaces.action.deleteSpace.description','jsp/admin/plugins/document/DeleteSpace.jsp','glyphicon glyphicon-trash','DELETE'),(3,'document.spaces.action.modifySpace.name','document.spaces.action.modifySpace.description','jsp/admin/plugins/document/ModifySpace.jsp','glyphicon glyphicon-pencil','MODIFY'),(4,'document.spaces.action.manageUsers.name','document.spaces.action.manageUsers.description','jsp/admin/plugins/document/ManageSpaceUsers.jsp','glyphicon glyphicon-user','USERS'),(5,'document.spaces.action.moveSpace.name','document.spaces.action.moveSpace.description','jsp/admin/plugins/document/MoveSpace.jsp','glyphicon glyphicon-move','MOVE');
/*!40000 ALTER TABLE `document_space_action` ENABLE KEYS */;
UNLOCK TABLES;

--
-- Table structure for table `document_space_document_type`
--

DROP TABLE IF EXISTS `document_space_document_type`;
/*!40101 SET @saved_cs_client     = @@character_set_client */;
/*!40101 SET character_set_client = utf8 */;
CREATE TABLE `document_space_document_type` (
  `id_space` int(11) NOT NULL DEFAULT '0',
  `code_document_type` varchar(30) NOT NULL DEFAULT '',
  PRIMARY KEY (`id_space`,`code_document_type`)
) ENGINE=InnoDB DEFAULT CHARSET=latin1;
/*!40101 SET character_set_client = @saved_cs_client */;

--
-- Dumping data for table `document_space_document_type`
--

LOCK TABLES `document_space_document_type` WRITE;
/*!40000 ALTER TABLE `document_space_document_type` DISABLE KEYS */;
INSERT INTO `document_space_document_type` VALUES (2,'article'),(2,'shortarticle'),(3,'article'),(3,'shortarticle'),(4,'article'),(4,'shortarticle'),(6,'image'),(8,'pdf'),(14,'actor'),(15,'article'),(15,'shortarticle'),(16,'sound'),(17,'video'),(18,'image'),(19,'banner'),(20,'flash');
/*!40000 ALTER TABLE `document_space_document_type` ENABLE KEYS */;
UNLOCK TABLES;

--
-- Table structure for table `document_space_icon`
--

DROP TABLE IF EXISTS `document_space_icon`;
/*!40101 SET @saved_cs_client     = @@character_set_client */;
/*!40101 SET character_set_client = utf8 */;
CREATE TABLE `document_space_icon` (
  `id_space_icon` int(11) NOT NULL DEFAULT '0',
  `icon_url` varchar(255) DEFAULT NULL,
  PRIMARY KEY (`id_space_icon`)
) ENGINE=InnoDB DEFAULT CHARSET=latin1;
/*!40101 SET character_set_client = @saved_cs_client */;

--
-- Dumping data for table `document_space_icon`
--

LOCK TABLES `document_space_icon` WRITE;
/*!40000 ALTER TABLE `document_space_icon` DISABLE KEYS */;
INSERT INTO `document_space_icon` VALUES (1,'images/admin/skin/plugins/document/spaces/space.png'),(2,'images/admin/skin/plugins/document/spaces/space_images.png'),(3,'images/admin/skin/plugins/document/spaces/space_download.png'),(4,'images/admin/skin/plugins/document/spaces/space_pdf.png'),(5,'images/admin/skin/plugins/document/spaces/space_users.png'),(6,'images/admin/skin/plugins/document/spaces/space_multimedia.png'),(7,'images/admin/skin/plugins/document/spaces/space_video.png'),(8,'images/admin/skin/plugins/document/spaces/space_sound.png'),(9,'images/admin/skin/plugins/document/spaces/space_archive.png'),(10,'images/admin/skin/plugins/document/spaces/space_working.png'),(11,'images/admin/skin/plugins/document/spaces/space_validation.png'),(12,'images/admin/skin/plugins/document/spaces/space_published.png');
/*!40000 ALTER TABLE `document_space_icon` ENABLE KEYS */;
UNLOCK TABLES;

--
-- Table structure for table `document_type`
--

DROP TABLE IF EXISTS `document_type`;
/*!40101 SET @saved_cs_client     = @@character_set_client */;
/*!40101 SET character_set_client = utf8 */;
CREATE TABLE `document_type` (
  `code_document_type` varchar(30) NOT NULL DEFAULT '',
  `document_type_name` varchar(100) DEFAULT NULL,
  `description` varchar(255) DEFAULT NULL,
  `thumbnail_attr_id` int(11) DEFAULT NULL,
  `default_thumbnail_url` varchar(255) DEFAULT NULL,
  `admin_xsl` mediumblob,
  `content_service_xsl` mediumblob,
  `metadata_handler` varchar(100) DEFAULT NULL,
  PRIMARY KEY (`code_document_type`)
) ENGINE=InnoDB DEFAULT CHARSET=latin1;
/*!40101 SET character_set_client = @saved_cs_client */;

--
-- Dumping data for table `document_type`
--

LOCK TABLES `document_type` WRITE;
/*!40000 ALTER TABLE `document_type` DISABLE KEYS */;
INSERT INTO `document_type` VALUES ('actor','Fiche acteur','Fiche acteur local',41,'',NULL,'<?xml version=\"1.0\"?>\r\n\r\n<xsl:stylesheet version=\"1.0\" xmlns:xsl=\"http://www.w3.org/1999/XSL/Transform\">\r\n\r\n	<xsl:param name=\"publication-date\" select=\"publication-date\" />\r\n	<!--\r\n	How to display the publication date :\r\n	<xsl:value-of select=\"$publication-date\" />\r\n	-->\r\n	\r\n    <xsl:output method=\"html\" indent=\"yes\"/>\r\n\r\n     <xsl:template match=\"actor\">\r\n        <p>\r\n            <xsl:choose>\r\n                <xsl:when test=\"actor-photo/file-resource!=\'\'\">\r\n                      <img src=\"document?id={actor-photo/file-resource/resource-document-id}&amp;id_attribute={actor-photo/file-resource/resource-attribute-id}\" align=\"left\" valign=\"middle\" hspace=\"20\" />\r\n                </xsl:when>\r\n                <xsl:otherwise>               \r\n               </xsl:otherwise>        \r\n            </xsl:choose>\r\n             <strong> <xsl:value-of select=\"actor-firstname\" /> &#160; <xsl:value-of select=\"actor-lastname\" /></strong>\r\n        </p>\r\n        <p>\r\n                 Fonction : <xsl:value-of select=\"actor-function\" />\r\n        </p>\r\n        <br />\r\n        <br />\r\n        <br />\r\n        <br />\r\n     </xsl:template>\r\n\r\n \r\n   <xsl:template match=\"file-resource\">\r\n        <xsl:choose>\r\n            <xsl:when test=\"(resource-content-type=\'image/jpeg\' or resource-content-type=\'image/jpg\' or  resource-content-type=\'image/pjpeg\' or resource-content-type=\'image/gif\' or resource-content-type=\'image/png\')\" >\r\n                <img src=\"document?id={resource-document-id}&amp;id_attribute={resource-attribute-id}\" align=\"right\" />\r\n            </xsl:when>\r\n            <xsl:otherwise>\r\n                <a href=\"document?id={resource-document-id}&amp;id_attribute={resource-attribute-id}\"> \r\n                    <img src=\"images/admin/skin/plugins/document/filetypes/file.png\" border=\"0\" />\r\n                </a>\r\n            </xsl:otherwise>        \r\n        </xsl:choose>\r\n    </xsl:template>\r\n</xsl:stylesheet>\r\n\r\n \r\n\r\n','dublincore'),('article','Article','Article',0,'','<?xml version=\"1.0\"?>\r\n<xsl:stylesheet version=\"1.0\" xmlns:xsl=\"http://www.w3.org/1999/XSL/Transform\">\r\n\r\n    <xsl:output method=\"html\" indent=\"yes\"/>\r\n    \r\n    <xsl:template match=\"content\">\r\n        <xsl:apply-templates select=\"article\"/>\r\n    </xsl:template>\r\n    \r\n    <xsl:template match=\"article\">\r\n        <p>\r\n            <strong>#i18n{document.document_admin_default_xsl.labelTitle} :  </strong>\r\n            <xsl:value-of select=\"document-title\" />\r\n        </p>\r\n        <p>\r\n            <strong>#i18n{document.document_admin_default_xsl.labelSummary} :  </strong>\r\n            <xsl:value-of select=\"document-summary\" />\r\n        </p>\r\n        <p>\r\n            <strong>Fichier : </strong> \r\n         </p>\r\n         <p>   \r\n            <xsl:choose>\r\n                <xsl:when test=\"article-attachment/file-resource!=\'\'\">\r\n                       <xsl:apply-templates select=\"article-attachment/file-resource\" />\r\n                </xsl:when>\r\n                <xsl:otherwise>               \r\n               </xsl:otherwise>        \r\n            </xsl:choose>\r\n        </p>        \r\n	      <p>\r\n              <xsl:value-of disable-output-escaping=\"yes\" select=\"article-body\" /> \r\n	     </p>	\r\n        <br />\r\n        <br />\r\n        <br />\r\n        <br />\r\n     </xsl:template>\r\n\r\n \r\n   <xsl:template match=\"file-resource\">\r\n        <xsl:choose>\r\n            <xsl:when test=\"(resource-content-type=\'image/jpeg\' or resource-content-type=\'image/jpg\' or  resource-content-type=\'image/pjpeg\' or resource-content-type=\'image/gif\' or resource-content-type=\'image/png\')\" >\r\n                <img src=\"document?id={resource-document-id}&amp;id_attribute={resource-attribute-id}\" align=\"right\" />\r\n            </xsl:when>                                                                           \r\n            <xsl:otherwise>\r\n                <a href=\"document?id={resource-document-id}&amp;id_attribute={resource-attribute-id}\"> \r\n                    <img src=\"images/local/skin/plugins/document/filetypes/file.png\" border=\"0\" />\r\n                </a>\r\n            </xsl:otherwise>        \r\n        </xsl:choose>\r\n    </xsl:template>\r\n</xsl:stylesheet>\r\n','<?xml version=\"1.0\"?>\r\n\r\n<xsl:stylesheet version=\"1.0\" xmlns:xsl=\"http://www.w3.org/1999/XSL/Transform\">\r\n\r\n    <xsl:param name=\"publication-date\" select=\"publication-date\" />\r\n    <!--\r\n   	How to display the publication date :\r\n   	<xsl:value-of select=\"$publication-date\" />\r\n   	-->\r\n    <xsl:output method=\"html\" indent=\"yes\"/>\r\n	\r\n    <xsl:template match=\"content\">\r\n        <xsl:apply-templates select=\"article\"/>\r\n    </xsl:template>\r\n    \r\n    <xsl:template match=\"article\">\r\n        <p>\r\n            <strong>\r\n                <xsl:value-of select=\"document-title\" />\r\n            </strong>\r\n        </p>\r\n        <p>\r\n            <xsl:choose>\r\n                <xsl:when test=\"article-attachment/file-resource!=\'\'\">\r\n                    <xsl:apply-templates select=\"article-attachment/file-resource\" />\r\n                </xsl:when>\r\n                <xsl:otherwise>               \r\n                </xsl:otherwise>        \r\n            </xsl:choose>\r\n        </p>    \r\n        <p>\r\n            <xsl:value-of disable-output-escaping=\"yes\" select=\"article-body\" /> \r\n        </p>	\r\n    </xsl:template>\r\n\r\n \r\n    <xsl:template match=\"file-resource\">\r\n        <xsl:choose>\r\n            <xsl:when test=\"(resource-content-type=\'image/jpeg\' or resource-content-type=\'image/jpg\' or  resource-content-type=\'image/pjpeg\' or resource-content-type=\'image/gif\' or resource-content-type=\'image/png\')\" >\r\n                <img src=\"document?id={resource-document-id}&amp;id_attribute={resource-attribute-id}\" align=\"right\" />\r\n            </xsl:when>\r\n            <xsl:otherwise>\r\n                <a href=\"document?id={resource-document-id}&amp;id_attribute={resource-attribute-id}\"> \r\n                    <img src=\"images/local/skin/plugins/document/filetypes/file.png\" border=\"0\" />\r\n                </a>\r\n            </xsl:otherwise>        \r\n        </xsl:choose>\r\n    </xsl:template>\r\n</xsl:stylesheet>','none'),('banner','Bannières','Bannières du site',0,'',NULL,NULL,'none'),('flash','Flash','Flash',0,'',NULL,'<?xml version=\"1.0\"?>\r\n\r\n<xsl:stylesheet version=\"1.0\" xmlns:xsl=\"http://www.w3.org/1999/XSL/Transform\">\r\n\r\n	<xsl:param name=\"publication-date\" select=\"publication-date\" />\r\n	<!--\r\n	How to display the publication date :\r\n	<xsl:value-of select=\"$publication-date\" />\r\n	-->\r\n	\r\n	<xsl:output method=\"html\" indent=\"yes\"/>\r\n	<xsl:template match=\"flash\">\r\n		<h1><xsl:value-of select=\"document-title\" /></h1>\r\n		<p>\r\n			<xsl:value-of select=\"document-summary\" />\r\n		</p>\r\n		<p>\r\n			<xsl:choose>\r\n				<xsl:when test=\"(flash-object/file-resource/resource-content-type=\'application/x-shockwave-flash\')\" >\r\n					<object \r\n						data=\"document?id={flash-object/file-resource/resource-document-id}&amp;id_attribute={flash-object/file-resource/resource-attribute-id}\" \r\n						type=\"application/x-shockwave-flash\" \r\n						width=\"{flash-width}\" \r\n						height=\"{flash-height}\"\r\n						align=\"{flash-align}\"\r\n						classid=\"clsid:D27CDB6E-AE6D-11cf-96B8-444553540000\"\r\n						codebase=\"http://download.macromedia.com/pub/shockwave/cabs/flash/swflash.cab#version=6,0,0,0\"\r\n					>\r\n						<param name=\"Autostart\" value=\"{flash-autostart}\" />\r\n						<param name=\"Quality\" value=\"{flash-quality}\" />\r\n						<param name=\"Loop\" value=\"{flash-loop}\" />\r\n						<param name=\"menu\" value=\"{flash-menu}\" />\r\n						<param name=\"allowScriptAccess\" value=\"samedomain\" />\r\n						<param name=\"movie\" value=\"document?id={flash-object/file-resource/resource-document-id}&amp;id_attribute={flash-object/file-resource/resource-attribute-id}\" />\r\n						<EMBED \r\n							src=\"document?id={flash-object/file-resource/resource-document-id}&amp;id_attribute={flash-object/file-resource/resource-attribute-id}\" \r\n							type=\"application/x-shockwave-flash\"\r\n							width=\"{flash-width}\" \r\n							height=\"{flash-height}\"\r\n							align=\"{flash-align}\"\r\n							quality=\"{flash-quality}\"\r\n							loop=\"{flash-loop}\"\r\n							menu=\"{flash-menu}\"\r\n							allowScriptAccess=\"samedomain\"\r\n							pluginspace=\"http://www.macromedia.com/shockwave/download/index.cgi?P1_Prod_Version=ShockwaveFlash\">\r\n						</EMBED>\r\n					</object>\r\n				</xsl:when>\r\n			</xsl:choose>\r\n		</p>\r\n		<blockquote>\r\n			<xsl:value-of disable-output-escaping=\"yes\" select=\"flash-credits\" />\r\n		</blockquote>\r\n	</xsl:template>\r\n \r\n	<xsl:template match=\"file-resource\">\r\n    </xsl:template>\r\n</xsl:stylesheet>\r\n','none'),('image','Image','Image',43,'',NULL,'<?xml version=\"1.0\"?>\r\n\r\n<xsl:stylesheet version=\"1.0\" xmlns:xsl=\"http://www.w3.org/1999/XSL/Transform\">\r\n\r\n	<xsl:param name=\"publication-date\" select=\"publication-date\" />\r\n	<!--\r\n	How to display the publication date :\r\n	<xsl:value-of select=\"$publication-date\" />\r\n	-->\r\n\r\n    <xsl:output method=\"html\" indent=\"yes\"/>\r\n\r\n     <xsl:template match=\"image\">\r\n	<p>\r\n	    <strong> <xsl:value-of select=\"document-title\" /></strong>\r\n	</p>\r\n\r\n            <xsl:choose>\r\n                <xsl:when test=\"image-file/file-resource!=\'\'\">\r\n                             <img src=\"document?id={image-file/file-resource/resource-document-id}&amp;id_attribute={image-file/file-resource/resource-attribute-id}\"  />\r\n                </xsl:when>\r\n                <xsl:otherwise>               \r\n               </xsl:otherwise>        \r\n            </xsl:choose>\r\n	<p>\r\n      	<xsl:value-of select=\"document-summary\" />\r\n	</p>\r\n	  <p>\r\n              <xsl:value-of disable-output-escaping=\"yes\" select=\"image-credits\" /> \r\n	</p>	\r\n        <br />\r\n        <br />\r\n        <br />\r\n        <br />\r\n\r\n     </xsl:template>\r\n\r\n \r\n   <xsl:template match=\"file-resource\">\r\n        <xsl:choose>\r\n            <xsl:when test=\"(resource-content-type=\'image/jpeg\' or resource-content-type=\'image/jpg\' or resource-content-type=\'image/pjpeg\' or resource-content-type=\'image/gif\' or resource-content-type=\'image/png\')\" >\r\n                <img src=\"document?id={resource-document-id}&amp;id_attribute={resource-attribute-id}\" align=\"right\" />\r\n            </xsl:when>\r\n            <xsl:otherwise>\r\n                <a href=\"document?id={resource-document-id}&amp;id_attribute={resource-attribute-id}\"> \r\n                    <img src=\"images/admin/skin/plugins/document/filetypes/file.png\" border=\"0\" />\r\n                </a>\r\n            </xsl:otherwise>        \r\n        </xsl:choose>\r\n    </xsl:template>\r\n</xsl:stylesheet>','dublincore'),('pdf','PDF','Fichier PDF',0,'images/local/skin/plugins/document/filetypes/pdf.png',NULL,NULL,'dublincore'),('shortarticle','Brèves','Brèves',0,'',NULL,NULL,'none'),('sound','Enregistrement sonore','Enregistrement sonore',0,'',NULL,NULL,'dublincore'),('video','Video','Video',0,'',NULL,NULL,'dublincore');
/*!40000 ALTER TABLE `document_type` ENABLE KEYS */;
UNLOCK TABLES;

--
-- Table structure for table `document_type_attr`
--

DROP TABLE IF EXISTS `document_type_attr`;
/*!40101 SET @saved_cs_client     = @@character_set_client */;
/*!40101 SET character_set_client = utf8 */;
CREATE TABLE `document_type_attr` (
  `id_document_attr` int(11) NOT NULL DEFAULT '0',
  `code_document_type` varchar(30) DEFAULT NULL,
  `code_attr_type` varchar(50) DEFAULT NULL,
  `code` varchar(50) DEFAULT NULL,
  `document_type_attr_name` varchar(100) DEFAULT NULL,
  `description` varchar(255) DEFAULT NULL,
  `attr_order` int(11) DEFAULT NULL,
  `required` int(11) DEFAULT NULL,
  `searchable` int(11) DEFAULT NULL,
  PRIMARY KEY (`id_document_attr`)
) ENGINE=InnoDB DEFAULT CHARSET=latin1;
/*!40101 SET character_set_client = @saved_cs_client */;

--
-- Dumping data for table `document_type_attr`
--

LOCK TABLES `document_type_attr` WRITE;
/*!40000 ALTER TABLE `document_type_attr` DISABLE KEYS */;
INSERT INTO `document_type_attr` VALUES (8,'dossier','multiline','body','corps','Corps du dossier',0,1,1),(10,'article','url','url','Url','Url liée à l\'article',2,0,0),(11,'article','file','attachment','Piece jointe','Piece jointe',4,0,0),(12,'article','richtext','body','Corps','Corps de l\'article',5,1,1),(30,'actor','text','firstname','Prenom','Prenom',1,1,1),(31,'actor','text','lastname','Nom','Nom',2,1,1),(32,'actor','multiline','function','Fontion','Fonction',3,0,0),(39,'video','multiline','comments','commentaires','Commentaires sur la video',2,1,1),(40,'video','file','file','Fichier video','Fichier video',3,1,0),(41,'actor','image','photo','Photo','Photo',4,0,0),(43,'image','image','file','Fichier','Fichier image',2,1,0),(44,'image','text','credits','Credits','Credits',3,1,0),(48,'pdf','file','file','Fichier','Fichier',2,1,1),(50,'sound','file','file','Fichier','Fichier son',2,1,0),(51,'sound','text','author','Auteur','Auteur',3,0,1),(52,'banner','image','image','Image','Bannière en image',1,1,0),(53,'banner','text','description','Description','Description de la bannière',2,1,0),(54,'flash','file','object','Objet','Objet Flash',1,1,0),(55,'flash','text','credits','Crédits','Crédits',2,1,1),(56,'flash','numerictext','height','Hauteur','Hauteur de l\'animation',3,1,0),(57,'flash','numerictext','width','Largeur','Largeur de l\'animation',4,1,0),(58,'flash','listbox','autostart','Autostart','Démarrage automatique de l\'animation',5,1,0),(59,'flash','listbox','quality','Qualité','Qualité de l\'animation',6,1,0),(60,'flash','listbox','loop','Boucle','Jouer en boucle l\'animation',7,1,0),(61,'flash','listbox','align','Alignement','Alignement de l\'animation',8,1,0),(62,'flash','listbox','menu','Menu','Affichage du menu',9,1,0),(63,'image','richtext','htmltitle','HtmlTitle','Html title',3,1,1);
/*!40000 ALTER TABLE `document_type_attr` ENABLE KEYS */;
UNLOCK TABLES;

--
-- Table structure for table `document_type_attr_parameters`
--

DROP TABLE IF EXISTS `document_type_attr_parameters`;
/*!40101 SET @saved_cs_client     = @@character_set_client */;
/*!40101 SET character_set_client = utf8 */;
CREATE TABLE `document_type_attr_parameters` (
  `id_document_attr` int(11) NOT NULL DEFAULT '0',
  `parameter_name` varchar(255) NOT NULL DEFAULT '',
  `id_list_parameter` int(11) NOT NULL DEFAULT '0',
  `parameter_value` mediumtext,
  PRIMARY KEY (`id_document_attr`,`parameter_name`,`id_list_parameter`)
) ENGINE=InnoDB DEFAULT CHARSET=latin1;
/*!40101 SET character_set_client = @saved_cs_client */;

--
-- Dumping data for table `document_type_attr_parameters`
--

LOCK TABLES `document_type_attr_parameters` WRITE;
/*!40000 ALTER TABLE `document_type_attr_parameters` DISABLE KEYS */;
INSERT INTO `document_type_attr_parameters` VALUES (30,'maxlength',1,'50'),(30,'size',1,'50'),(31,'maxlength',1,'50'),(31,'size',1,'50'),(44,'maxlength',1,'100'),(44,'size',1,'60'),(51,'maxlength',1,'60'),(51,'size',1,'60'),(53,'maxlength',0,'60'),(53,'size',0,'50'),(55,'maxlength',0,'60'),(55,'size',0,'50'),(56,'maxlength',0,'4'),(56,'size',0,'4'),(57,'maxlength',0,'4'),(57,'size',0,'4'),(58,'items',0,'true'),(58,'items',1,'false'),(58,'value',0,'true'),(59,'items',0,'low'),(59,'items',1,'high'),(59,'items',2,'autolow'),(59,'items',3,'autohigh'),(59,'items',4,'best'),(59,'value',0,'high'),(60,'items',0,'true'),(60,'items',1,'false'),(60,'value',0,'true'),(61,'items',0,'left'),(61,'items',1,'right'),(61,'items',2,'top'),(61,'items',3,'bottom'),(61,'value',0,'top'),(62,'items',0,'true'),(62,'items',1,'false'),(62,'value',0,'true');
/*!40000 ALTER TABLE `document_type_attr_parameters` ENABLE KEYS */;
UNLOCK TABLES;

--
-- Table structure for table `document_type_attr_verify_by`
--

DROP TABLE IF EXISTS `document_type_attr_verify_by`;
/*!40101 SET @saved_cs_client     = @@character_set_client */;
/*!40101 SET character_set_client = utf8 */;
CREATE TABLE `document_type_attr_verify_by` (
  `id_document_attr` int(11) NOT NULL DEFAULT '0',
  `id_expression` int(11) NOT NULL DEFAULT '0',
  PRIMARY KEY (`id_document_attr`,`id_expression`)
) ENGINE=InnoDB DEFAULT CHARSET=latin1;
/*!40101 SET character_set_client = @saved_cs_client */;

--
-- Dumping data for table `document_type_attr_verify_by`
--

LOCK TABLES `document_type_attr_verify_by` WRITE;
/*!40000 ALTER TABLE `document_type_attr_verify_by` DISABLE KEYS */;
/*!40000 ALTER TABLE `document_type_attr_verify_by` ENABLE KEYS */;
UNLOCK TABLES;

--
-- Table structure for table `document_view`
--

DROP TABLE IF EXISTS `document_view`;
/*!40101 SET @saved_cs_client     = @@character_set_client */;
/*!40101 SET character_set_client = utf8 */;
CREATE TABLE `document_view` (
  `code_view` varchar(20) NOT NULL DEFAULT '',
  `name_key` varchar(100) DEFAULT NULL,
  PRIMARY KEY (`code_view`)
) ENGINE=InnoDB DEFAULT CHARSET=latin1;
/*!40101 SET character_set_client = @saved_cs_client */;

--
-- Dumping data for table `document_view`
--

LOCK TABLES `document_view` WRITE;
/*!40000 ALTER TABLE `document_view` DISABLE KEYS */;
INSERT INTO `document_view` VALUES ('detail','document.view.detail'),('thumbnail','document.view.thumbnail');
/*!40000 ALTER TABLE `document_view` ENABLE KEYS */;
UNLOCK TABLES;

--
-- Table structure for table `document_workflow_action`
--

DROP TABLE IF EXISTS `document_workflow_action`;
/*!40101 SET @saved_cs_client     = @@character_set_client */;
/*!40101 SET character_set_client = utf8 */;
CREATE TABLE `document_workflow_action` (
  `id_action` int(11) NOT NULL DEFAULT '0',
  `name_key` varchar(100) DEFAULT NULL,
  `description_key` varchar(100) DEFAULT NULL,
  `action_url` varchar(255) DEFAULT NULL,
  `icon_url` varchar(255) DEFAULT NULL,
  `action_permission` varchar(255) DEFAULT NULL,
  `id_finish_state` int(11) DEFAULT NULL,
  PRIMARY KEY (`id_action`)
) ENGINE=InnoDB DEFAULT CHARSET=latin1;
/*!40101 SET character_set_client = @saved_cs_client */;

--
-- Dumping data for table `document_workflow_action`
--

LOCK TABLES `document_workflow_action` WRITE;
/*!40000 ALTER TABLE `document_workflow_action` DISABLE KEYS */;
INSERT INTO `document_workflow_action` VALUES (1,'document.workflow.action.deleteDocument.name','document.workflow.action.deleteDocument.description','jsp/admin/plugins/document/DeleteDocument.jsp?','glyphicon glyphicon-trash','DELETE',NULL),(2,'document.workflow.action.modifyDocument.name','document.workflow.action.modifyDocument.description','jsp/admin/plugins/document/ModifyDocument.jsp?','glyphicon glyphicon-edit','MODIFY',NULL),(3,'document.workflow.action.submitForApproval.name','document.workflow.action.submitForApproval.description','jsp/admin/plugins/document/DoChangeState.jsp?id_state=2&amp;','glyphicon glyphicon-cog','SUBMIT',2),(4,'document.workflow.action.approveDocument.name','document.workflow.action.approveDocument.description','jsp/admin/plugins/document/DoValidateDocument.jsp?id_state=3&amp;','glyphicon glyphicon-ok-sign','VALIDATE',3),(5,'document.workflow.action.assignDocument.name','document.workflow.action.assignDocument.description','jsp/admin/plugins/document/ManageDocumentPublishing.jsp?','glyphicon glyphicon-globe','ASSIGN',NULL),(6,'document.workflow.action.rejectDocument.name','document.workflow.action.rejectDocument.description','jsp/admin/plugins/document/DoChangeState.jsp?id_state=4&amp;','glyphicon glyphicon-minus-sign','VALIDATE',4),(7,'document.workflow.action.submitAgain.name','document.workflow.action.submitAgain.description','jsp/admin/plugins/document/DoChangeState.jsp?id_state=2&amp;','glyphicon glyphicon-ok-sign','SUBMIT',2),(8,'document.workflow.action.archiveDocument.name','document.workflow.action.archiveDocument.description','jsp/admin/plugins/document/DoConfirmArchiveDocument.jsp?id_state=5&amp;','glyphicon glyphicon-download','ARCHIVE',5),(9,'document.workflow.action.changeDocument.name','document.workflow.action.changeDocument.description','jsp/admin/plugins/document/ModifyDocument.jsp?id_state=6&amp;','glyphicon glyphicon-edit','CHANGE',6),(10,'document.workflow.action.submitChanges.name','document.workflow.action.submitChanges.description','jsp/admin/plugins/document/DoChangeState.jsp?id_state=7&amp;','glyphicon glyphicon-cog','SUBMIT',7),(11,'document.workflow.action.rejectChanges.name','document.workflow.action.rejectChanges.description','jsp/admin/plugins/document/DoChangeState.jsp?id_state=6&amp;','glyphicon glyphicon-minus-sign','VALIDATE',6),(12,'document.workflow.action.approveChanges.name','document.workflow.action.approveChanges.description','jsp/admin/plugins/document/DoValidateDocument.jsp?id_state=3&amp;','glyphicon glyphicon-ok-sign','VALIDATE',3),(13,'document.workflow.action.unarchiveDocument.name','document.workflow.action.unarchiveDocument.description','jsp/admin/plugins/document/DoChangeState.jsp?id_state=3&amp;','glyphicon glyphicon-upload','ARCHIVE',3),(14,'document.workflow.action.history.name','document.workflow.action.history.description','jsp/admin/plugins/document/DocumentHistory.jsp?','glyphicon glyphicon-list','VIEW_HISTORY',NULL),(15,'document.workflow.action.previewDocument.name','document.workflow.action.previewDocument.description','jsp/admin/plugins/document/PreviewDocument.jsp?','glyphicon glyphicon-eye-open','VIEW',NULL),(16,'document.workflow.action.moveDocument.name','document.workflow.action.moveDocument.description','jsp/admin/plugins/document/MoveDocument.jsp?','glyphicon glyphicon-move','MOVE',NULL),(18,'document.workflow.action.publishDocument.name','document.workflow.action.publishDocument.description',NULL,'glyphicon glyphicon-globe','PUBLISH',NULL);
/*!40000 ALTER TABLE `document_workflow_action` ENABLE KEYS */;
UNLOCK TABLES;

--
-- Table structure for table `document_workflow_state`
--

DROP TABLE IF EXISTS `document_workflow_state`;
/*!40101 SET @saved_cs_client     = @@character_set_client */;
/*!40101 SET character_set_client = utf8 */;
CREATE TABLE `document_workflow_state` (
  `id_state` int(11) NOT NULL DEFAULT '0',
  `name_key` varchar(100) DEFAULT NULL,
  `description_key` varchar(255) DEFAULT NULL,
  `state_order` int(11) DEFAULT NULL,
  PRIMARY KEY (`id_state`)
) ENGINE=InnoDB DEFAULT CHARSET=latin1;
/*!40101 SET character_set_client = @saved_cs_client */;

--
-- Dumping data for table `document_workflow_state`
--

LOCK TABLES `document_workflow_state` WRITE;
/*!40000 ALTER TABLE `document_workflow_state` DISABLE KEYS */;
INSERT INTO `document_workflow_state` VALUES (1,'document.workflow.state.writing.name','document.workflow.state.writing.description',1),(2,'document.workflow.state.waitingForApproval.name','document.workflow.state.waitingForApproval.description',2),(3,'document.workflow.state.approved.name','document.workflow.state.approved.description',3),(4,'document.workflow.state.rejected.name','document.workflow.state.rejected.description',4),(5,'document.workflow.state.archived.name','document.workflow.state.archived.description',5),(6,'document.workflow.state.inChange.name','document.workflow.state.inChange.description',6),(7,'document.workflow.state.waitingForChangesApproval.name','document.workflow.state.waitingForChangesApproval.name',7);
/*!40000 ALTER TABLE `document_workflow_state` ENABLE KEYS */;
UNLOCK TABLES;

--
-- Table structure for table `document_workflow_transition`
--

DROP TABLE IF EXISTS `document_workflow_transition`;
/*!40101 SET @saved_cs_client     = @@character_set_client */;
/*!40101 SET character_set_client = utf8 */;
CREATE TABLE `document_workflow_transition` (
  `id_state` int(11) NOT NULL DEFAULT '0',
  `id_action` int(11) NOT NULL DEFAULT '0',
  PRIMARY KEY (`id_state`,`id_action`)
) ENGINE=InnoDB DEFAULT CHARSET=latin1;
/*!40101 SET character_set_client = @saved_cs_client */;

--
-- Dumping data for table `document_workflow_transition`
--

LOCK TABLES `document_workflow_transition` WRITE;
/*!40000 ALTER TABLE `document_workflow_transition` DISABLE KEYS */;
INSERT INTO `document_workflow_transition` VALUES (1,1),(1,2),(1,3),(1,14),(1,15),(1,16),(2,2),(2,4),(2,6),(2,14),(2,15),(2,16),(3,0),(3,5),(3,8),(3,9),(3,14),(3,15),(3,17),(3,18),(4,1),(4,2),(4,7),(4,14),(4,15),(4,16),(5,1),(5,13),(5,14),(5,15),(6,9),(6,10),(6,14),(6,15),(6,16),(7,11),(7,12),(7,14),(7,15),(7,16);
/*!40000 ALTER TABLE `document_workflow_transition` ENABLE KEYS */;
UNLOCK TABLES;
/*!40103 SET TIME_ZONE=@OLD_TIME_ZONE */;

/*!40101 SET SQL_MODE=@OLD_SQL_MODE */;
/*!40014 SET FOREIGN_KEY_CHECKS=@OLD_FOREIGN_KEY_CHECKS */;
/*!40014 SET UNIQUE_CHECKS=@OLD_UNIQUE_CHECKS */;
/*!40101 SET CHARACTER_SET_CLIENT=@OLD_CHARACTER_SET_CLIENT */;
/*!40101 SET CHARACTER_SET_RESULTS=@OLD_CHARACTER_SET_RESULTS */;
/*!40101 SET COLLATION_CONNECTION=@OLD_COLLATION_CONNECTION */;
/*!40111 SET SQL_NOTES=@OLD_SQL_NOTES */;

-- Dump completed on 2017-05-15 18:27:32
